PartitionKey,RowKey,Timestamp,Idle,Idle@type,TenantId,TenantId@type,Usable,Usable@type
acs:29ef4d64-31b0-48d5-8b92-8b4d032ea15d_0000000c-43b9-dd83-874a-ad3a0d006f65,,2021-11-10T23:21:36.1380229Z,true,Boolean,29ef4d64-31b0-48d5-8b92-8b4d032ea15d,String,true,Boolean
acs:29ef4d64-31b0-48d5-8b92-8b4d032ea15d_0000000c-43b9-df24-874a-ad3a0d006f66,,2021-11-10T23:21:36.1360247Z,true,Boolean,29ef4d64-31b0-48d5-8b92-8b4d032ea15d,String,true,Boolean
acs:29ef4d64-31b0-48d5-8b92-8b4d032ea15d_0000000c-43b9-e0b4-874a-ad3a0d006f67,,2021-11-10T23:21:36.1350247Z,true,Boolean,29ef4d64-31b0-48d5-8b92-8b4d032ea15d,String,true,Boolean
acs:29ef4d64-31b0-48d5-8b92-8b4d032ea15d_0000000c-43b9-e230-874a-ad3a0d006f68,,2021-11-10T23:21:36.1380229Z,true,Boolean,29ef4d64-31b0-48d5-8b92-8b4d032ea15d,String,true,Boolean
acs:29ef4d64-31b0-48d5-8b92-8b4d032ea15d_0000000c-43b9-e3c1-874a-ad3a0d006f69,,2021-11-10T23:21:36.1500161Z,true,Boolean,29ef4d64-31b0-48d5-8b92-8b4d032ea15d,String,true,Boolean
acs:29ef4d64-31b0-48d5-8b92-8b4d032ea15d_0000000c-43b9-e528-874a-ad3a0d006f6a,,2021-11-10T23:21:36.1510158Z,true,Boolean,29ef4d64-31b0-48d5-8b92-8b4d032ea15d,String,true,Boolean
acs:29ef4d64-31b0-48d5-8b92-8b4d032ea15d_0000000c-43b9-e6b6-874a-ad3a0d006f6b,,2021-11-10T23:21:36.1520153Z,true,Boolean,29ef4d64-31b0-48d5-8b92-8b4d032ea15d,String,true,Boolean
acs:29ef4d64-31b0-48d5-8b92-8b4d032ea15d_0000000c-43b9-e839-874a-ad3a0d006f6c,,2021-11-10T23:21:36.156013Z,true,Boolean,29ef4d64-31b0-48d5-8b92-8b4d032ea15d,String,true,Boolean
acs:29ef4d64-31b0-48d5-8b92-8b4d032ea15d_0000000c-43b9-e9bc-874a-ad3a0d006f6e,,2021-11-10T23:21:36.1330257Z,true,Boolean,29ef4d64-31b0-48d5-8b92-8b4d032ea15d,String,true,Boolean
acs:29ef4d64-31b0-48d5-8b92-8b4d032ea15d_0000000c-43b9-eb45-874a-ad3a0d006f6f,,2021-11-10T23:21:36.1440192Z,true,Boolean,29ef4d64-31b0-48d5-8b92-8b4d032ea15d,String,true,Boolean
acs:29ef4d64-31b0-48d5-8b92-8b4d032ea15d_0000000c-a4cd-3f0e-fa48-d93a0d004132,,2021-11-10T23:21:36.16101Z,true,Boolean,29ef4d64-31b0-48d5-8b92-8b4d032ea15d,String,true,Boolean
acs:29ef4d64-31b0-48d5-8b92-8b4d032ea15d_0000000c-a4cd-40e7-fa48-d93a0d004133,,2021-11-10T23:21:36.156013Z,true,Boolean,29ef4d64-31b0-48d5-8b92-8b4d032ea15d,String,true,Boolean
acs:29ef4d64-31b0-48d5-8b92-8b4d032ea15d_0000000c-a4cd-4488-5b42-ad3a0d001f90,,2021-11-10T23:21:36.1550141Z,true,Boolean,29ef4d64-31b0-48d5-8b92-8b4d032ea15d,String,true,Boolean
acs:29ef4d64-31b0-48d5-8b92-8b4d032ea15d_0000000c-a4cd-4627-fa48-d93a0d004134,,2021-11-10T23:21:36.1550141Z,true,Boolean,29ef4d64-31b0-48d5-8b92-8b4d032ea15d,String,true,Boolean
acs:29ef4d64-31b0-48d5-8b92-8b4d032ea15d_0000000c-a4cd-47ec-fa48-d93a0d004135,,2021-11-10T23:21:36.1590101Z,true,Boolean,29ef4d64-31b0-48d5-8b92-8b4d032ea15d,String,true,Boolean
acs:29ef4d64-31b0-48d5-8b92-8b4d032ea15d_0000000c-a4cd-49ac-5b42-ad3a0d001f91,,2021-11-10T23:21:36.1490172Z,true,Boolean,29ef4d64-31b0-48d5-8b92-8b4d032ea15d,String,true,Boolean
acs:29ef4d64-31b0-48d5-8b92-8b4d032ea15d_0000000c-a4cd-4b47-fa48-d93a0d004136,,2021-11-10T23:21:36.1540136Z,true,Boolean,29ef4d64-31b0-48d5-8b92-8b4d032ea15d,String,true,Boolean
acs:29ef4d64-31b0-48d5-8b92-8b4d032ea15d_0000000c-a4cd-4cf5-fa48-d93a0d004137,,2021-11-10T23:21:36.1570121Z,true,Boolean,29ef4d64-31b0-48d5-8b92-8b4d032ea15d,String,true,Boolean
acs:29ef4d64-31b0-48d5-8b92-8b4d032ea15d_0000000c-a4cd-4ea2-5b42-ad3a0d001f92,,2021-11-10T23:21:36.1690054Z,true,Boolean,29ef4d64-31b0-48d5-8b92-8b4d032ea15d,String,true,Boolean
acs:29ef4d64-31b0-48d5-8b92-8b4d032ea15d_0000000c-a4cd-5038-fa48-d93a0d004138,,2021-11-10T23:21:36.1690054Z,true,Boolean,29ef4d64-31b0-48d5-8b92-8b4d032ea15d,String,true,Boolean
acs:29ef4d64-31b0-48d5-8b92-8b4d032ea15d_0000000c-a4cd-51e2-5b42-ad3a0d001f94,,2021-11-10T23:21:36.1680053Z,true,Boolean,29ef4d64-31b0-48d5-8b92-8b4d032ea15d,String,true,Boolean
acs:29ef4d64-31b0-48d5-8b92-8b4d032ea15d_0000000c-a4cd-536c-fa48-d93a0d00413b,,2021-11-10T23:21:36.1600105Z,true,Boolean,29ef4d64-31b0-48d5-8b92-8b4d032ea15d,String,true,Boolean
acs:29ef4d64-31b0-48d5-8b92-8b4d032ea15d_0000000c-a4cd-5522-5b42-ad3a0d001f95,,2021-11-10T23:21:36.1680053Z,true,Boolean,29ef4d64-31b0-48d5-8b92-8b4d032ea15d,String,true,Boolean
acs:29ef4d64-31b0-48d5-8b92-8b4d032ea15d_0000000c-a4cd-56ca-fa48-d93a0d00413d,,2021-11-10T23:21:36.1600105Z,true,Boolean,29ef4d64-31b0-48d5-8b92-8b4d032ea15d,String,true,Boolean
acs:29ef4d64-31b0-48d5-8b92-8b4d032ea15d_0000000c-a4cd-587c-5b42-ad3a0d001f99,,2021-11-10T23:21:36.1540136Z,true,Boolean,29ef4d64-31b0-48d5-8b92-8b4d032ea15d,String,true,Boolean
acs:29ef4d64-31b0-48d5-8b92-8b4d032ea15d_0000000c-a4cd-5a07-fa48-d93a0d00413e,,2021-11-10T23:21:36.1680053Z,true,Boolean,29ef4d64-31b0-48d5-8b92-8b4d032ea15d,String,true,Boolean
acs:29ef4d64-31b0-48d5-8b92-8b4d032ea15d_0000000c-a4cd-5bca-5b42-ad3a0d001f9b,,2021-11-10T23:21:36.162009Z,true,Boolean,29ef4d64-31b0-48d5-8b92-8b4d032ea15d,String,true,Boolean
acs:29ef4d64-31b0-48d5-8b92-8b4d032ea15d_0000000c-a4cd-5d61-fa48-d93a0d004140,,2021-11-10T23:21:36.1590101Z,true,Boolean,29ef4d64-31b0-48d5-8b92-8b4d032ea15d,String,true,Boolean
acs:29ef4d64-31b0-48d5-8b92-8b4d032ea15d_0000000c-a4cd-5f20-5b42-ad3a0d001f9c,,2021-11-10T23:21:36.1720035Z,true,Boolean,29ef4d64-31b0-48d5-8b92-8b4d032ea15d,String,true,Boolean
acs:29ef4d64-31b0-48d5-8b92-8b4d032ea15d_0000000c-a4cd-60c5-fa48-d93a0d004141,,2021-11-10T23:21:36.1730029Z,true,Boolean,29ef4d64-31b0-48d5-8b92-8b4d032ea15d,String,true,Boolean
acs:29ef4d64-31b0-48d5-8b92-8b4d032ea15d_0000000c-a4cd-627a-5b42-ad3a0d001f9d,,2021-11-10T23:21:36.174003Z,true,Boolean,29ef4d64-31b0-48d5-8b92-8b4d032ea15d,String,true,Boolean
acs:29ef4d64-31b0-48d5-8b92-8b4d032ea15d_0000000c-a4cd-6427-fa48-d93a0d004142,,2021-11-10T23:21:36.1590101Z,true,Boolean,29ef4d64-31b0-48d5-8b92-8b4d032ea15d,String,true,Boolean
acs:29ef4d64-31b0-48d5-8b92-8b4d032ea15d_0000000c-a4cd-65f1-5b42-ad3a0d001f9e,,2021-11-10T23:21:36.1690054Z,true,Boolean,29ef4d64-31b0-48d5-8b92-8b4d032ea15d,String,true,Boolean
acs:29ef4d64-31b0-48d5-8b92-8b4d032ea15d_0000000c-a4cd-6786-fa48-d93a0d004143,,2021-11-10T23:21:36.1799985Z,true,Boolean,29ef4d64-31b0-48d5-8b92-8b4d032ea15d,String,true,Boolean
acs:29ef4d64-31b0-48d5-8b92-8b4d032ea15d_0000000c-a4cd-693e-5b42-ad3a0d001f9f,,2021-11-10T23:21:36.294933Z,true,Boolean,29ef4d64-31b0-48d5-8b92-8b4d032ea15d,String,true,Boolean
acs:29ef4d64-31b0-48d5-8b92-8b4d032ea15d_0000000c-a4cd-6aeb-fa48-d93a0d004144,,2021-11-10T23:21:36.16101Z,true,Boolean,29ef4d64-31b0-48d5-8b92-8b4d032ea15d,String,true,Boolean
acs:29ef4d64-31b0-48d5-8b92-8b4d032ea15d_0000000c-a4cd-6c89-5b42-ad3a0d001fa0,,2021-11-10T23:21:36.1680053Z,true,Boolean,29ef4d64-31b0-48d5-8b92-8b4d032ea15d,String,true,Boolean
acs:29ef4d64-31b0-48d5-8b92-8b4d032ea15d_0000000c-a4cd-6e4b-fa48-d93a0d004145,,2021-11-10T23:21:36.1650081Z,true,Boolean,29ef4d64-31b0-48d5-8b92-8b4d032ea15d,String,true,Boolean
acs:29ef4d64-31b0-48d5-8b92-8b4d032ea15d_0000000c-a4cd-6fcb-5b42-ad3a0d001fa1,,2021-11-10T23:21:36.1590101Z,true,Boolean,29ef4d64-31b0-48d5-8b92-8b4d032ea15d,String,true,Boolean
acs:29ef4d64-31b0-48d5-8b92-8b4d032ea15d_0000000c-a4cd-716e-fa48-d93a0d004146,,2021-11-10T23:21:36.1630091Z,true,Boolean,29ef4d64-31b0-48d5-8b92-8b4d032ea15d,String,true,Boolean
acs:29ef4d64-31b0-48d5-8b92-8b4d032ea15d_0000000c-a4cd-7331-5b42-ad3a0d001fa2,,2021-11-10T23:21:36.179Z,true,Boolean,29ef4d64-31b0-48d5-8b92-8b4d032ea15d,String,true,Boolean
acs:29ef4d64-31b0-48d5-8b92-8b4d032ea15d_0000000c-a4cd-74e6-fa48-d93a0d004147,,2021-11-10T23:21:36.2669494Z,true,Boolean,29ef4d64-31b0-48d5-8b92-8b4d032ea15d,String,true,Boolean
acs:29ef4d64-31b0-48d5-8b92-8b4d032ea15d_0000000c-a4cd-76b1-5b42-ad3a0d001fa3,,2021-11-10T23:21:36.1780007Z,true,Boolean,29ef4d64-31b0-48d5-8b92-8b4d032ea15d,String,true,Boolean
acs:29ef4d64-31b0-48d5-8b92-8b4d032ea15d_0000000c-a4cd-7858-fa48-d93a0d004148,,2021-11-10T23:21:36.2679494Z,true,Boolean,29ef4d64-31b0-48d5-8b92-8b4d032ea15d,String,true,Boolean
acs:29ef4d64-31b0-48d5-8b92-8b4d032ea15d_0000000c-a4cd-7a05-5b42-ad3a0d001fa4,,2021-11-10T23:21:36.2739447Z,true,Boolean,29ef4d64-31b0-48d5-8b92-8b4d032ea15d,String,true,Boolean
acs:29ef4d64-31b0-48d5-8b92-8b4d032ea15d_0000000c-a4cd-7ba3-fa48-d93a0d00414a,,2021-11-10T23:21:36.1720035Z,true,Boolean,29ef4d64-31b0-48d5-8b92-8b4d032ea15d,String,true,Boolean
acs:29ef4d64-31b0-48d5-8b92-8b4d032ea15d_0000000c-a4cd-7d49-5b42-ad3a0d001fa5,,2021-11-10T23:21:36.2679494Z,true,Boolean,29ef4d64-31b0-48d5-8b92-8b4d032ea15d,String,true,Boolean
acs:29ef4d64-31b0-48d5-8b92-8b4d032ea15d_0000000c-a4cd-7efd-fa48-d93a0d00414b,,2021-11-10T23:21:36.2739447Z,true,Boolean,29ef4d64-31b0-48d5-8b92-8b4d032ea15d,String,true,Boolean
acs:29ef4d64-31b0-48d5-8b92-8b4d032ea15d_0000000c-a4cd-80ad-5b42-ad3a0d001fa6,,2021-11-10T23:21:36.2739447Z,true,Boolean,29ef4d64-31b0-48d5-8b92-8b4d032ea15d,String,true,Boolean
acs:29ef4d64-31b0-48d5-8b92-8b4d032ea15d_0000000c-a4cd-824f-fa48-d93a0d00414c,,2021-11-10T23:21:36.2729451Z,true,Boolean,29ef4d64-31b0-48d5-8b92-8b4d032ea15d,String,true,Boolean
acs:29ef4d64-31b0-48d5-8b92-8b4d032ea15d_0000000c-a4cd-83fb-5b42-ad3a0d001fa7,,2021-11-10T23:21:36.252958Z,true,Boolean,29ef4d64-31b0-48d5-8b92-8b4d032ea15d,String,true,Boolean
acs:29ef4d64-31b0-48d5-8b92-8b4d032ea15d_0000000c-a4cd-8582-fa48-d93a0d00414d,,2021-11-10T23:21:36.1730029Z,true,Boolean,29ef4d64-31b0-48d5-8b92-8b4d032ea15d,String,true,Boolean
acs:29ef4d64-31b0-48d5-8b92-8b4d032ea15d_0000000c-a4cd-871b-5b42-ad3a0d001fa8,,2021-11-10T23:21:36.179Z,true,Boolean,29ef4d64-31b0-48d5-8b92-8b4d032ea15d,String,true,Boolean
acs:29ef4d64-31b0-48d5-8b92-8b4d032ea15d_0000000c-a4cd-88c5-fa48-d93a0d00414e,,2021-11-10T23:21:36.1720035Z,true,Boolean,29ef4d64-31b0-48d5-8b92-8b4d032ea15d,String,true,Boolean
acs:29ef4d64-31b0-48d5-8b92-8b4d032ea15d_0000000c-a4cd-8a70-5b42-ad3a0d001fa9,,2021-11-10T23:21:36.1720035Z,true,Boolean,29ef4d64-31b0-48d5-8b92-8b4d032ea15d,String,true,Boolean
acs:29ef4d64-31b0-48d5-8b92-8b4d032ea15d_0000000c-a4cd-8c24-fa48-d93a0d00414f,,2021-11-10T23:21:36.1770011Z,true,Boolean,29ef4d64-31b0-48d5-8b92-8b4d032ea15d,String,true,Boolean
acs:29ef4d64-31b0-48d5-8b92-8b4d032ea15d_0000000c-a4cd-8d97-5b42-ad3a0d001faa,,2021-11-10T23:21:36.2739447Z,true,Boolean,29ef4d64-31b0-48d5-8b92-8b4d032ea15d,String,true,Boolean
acs:29ef4d64-31b0-48d5-8b92-8b4d032ea15d_0000000c-a4cd-8f0e-fa48-d93a0d004150,,2021-11-10T23:21:36.1819986Z,true,Boolean,29ef4d64-31b0-48d5-8b92-8b4d032ea15d,String,true,Boolean
acs:29ef4d64-31b0-48d5-8b92-8b4d032ea15d_0000000c-a4cd-90b6-5b42-ad3a0d001fab,,2021-11-10T23:21:36.2669494Z,true,Boolean,29ef4d64-31b0-48d5-8b92-8b4d032ea15d,String,true,Boolean
acs:29ef4d64-31b0-48d5-8b92-8b4d032ea15d_0000000c-a4cd-925d-fa48-d93a0d004151,,2021-11-10T23:21:36.2749445Z,true,Boolean,29ef4d64-31b0-48d5-8b92-8b4d032ea15d,String,true,Boolean
acs:29ef4d64-31b0-48d5-8b92-8b4d032ea15d_0000000c-a4cd-9410-5b42-ad3a0d001fac,,2021-11-10T23:21:36.1720035Z,true,Boolean,29ef4d64-31b0-48d5-8b92-8b4d032ea15d,String,true,Boolean
acs:29ef4d64-31b0-48d5-8b92-8b4d032ea15d_0000000c-a4cd-95a3-fa48-d93a0d004152,,2021-11-10T23:21:36.1849957Z,true,Boolean,29ef4d64-31b0-48d5-8b92-8b4d032ea15d,String,true,Boolean
acs:29ef4d64-31b0-48d5-8b92-8b4d032ea15d_0000000c-a4cd-9759-5b42-ad3a0d001fad,,2021-11-10T23:21:36.2729451Z,true,Boolean,29ef4d64-31b0-48d5-8b92-8b4d032ea15d,String,true,Boolean
acs:29ef4d64-31b0-48d5-8b92-8b4d032ea15d_0000000c-a4cd-98e9-fa48-d93a0d004153,,2021-11-10T23:21:36.250959Z,true,Boolean,29ef4d64-31b0-48d5-8b92-8b4d032ea15d,String,true,Boolean
acs:29ef4d64-31b0-48d5-8b92-8b4d032ea15d_0000000c-a4cd-9a96-5b42-ad3a0d001fb0,,2021-11-10T23:21:36.2559563Z,true,Boolean,29ef4d64-31b0-48d5-8b92-8b4d032ea15d,String,true,Boolean
acs:29ef4d64-31b0-48d5-8b92-8b4d032ea15d_0000000c-a4cd-9c4a-fa48-d93a0d004154,,2021-11-10T23:21:36.292934Z,true,Boolean,29ef4d64-31b0-48d5-8b92-8b4d032ea15d,String,true,Boolean
acs:29ef4d64-31b0-48d5-8b92-8b4d032ea15d_0000000c-a4cd-9e0f-5b42-ad3a0d001fb1,,2021-11-10T23:21:36.179Z,true,Boolean,29ef4d64-31b0-48d5-8b92-8b4d032ea15d,String,true,Boolean
acs:29ef4d64-31b0-48d5-8b92-8b4d032ea15d_0000000c-a4cd-9fab-fa48-d93a0d004155,,2021-11-10T23:21:36.2869381Z,true,Boolean,29ef4d64-31b0-48d5-8b92-8b4d032ea15d,String,true,Boolean
acs:29ef4d64-31b0-48d5-8b92-8b4d032ea15d_0000000c-a4cd-a145-5b42-ad3a0d001fb2,,2021-11-10T23:21:36.2519585Z,true,Boolean,29ef4d64-31b0-48d5-8b92-8b4d032ea15d,String,true,Boolean
acs:29ef4d64-31b0-48d5-8b92-8b4d032ea15d_0000000c-a4cd-a2f6-fa48-d93a0d004156,,2021-11-10T23:21:36.292934Z,true,Boolean,29ef4d64-31b0-48d5-8b92-8b4d032ea15d,String,true,Boolean
acs:29ef4d64-31b0-48d5-8b92-8b4d032ea15d_0000000c-a4cd-a4b2-5b42-ad3a0d001fb3,,2021-11-10T23:21:36.1829978Z,true,Boolean,29ef4d64-31b0-48d5-8b92-8b4d032ea15d,String,true,Boolean
acs:29ef4d64-31b0-48d5-8b92-8b4d032ea15d_0000000c-a4cd-a64b-fa48-d93a0d004157,,2021-11-10T23:21:36.2739447Z,true,Boolean,29ef4d64-31b0-48d5-8b92-8b4d032ea15d,String,true,Boolean
acs:29ef4d64-31b0-48d5-8b92-8b4d032ea15d_0000000c-a4cd-a7f1-5b42-ad3a0d001fb4,,2021-11-10T23:21:36.2739447Z,true,Boolean,29ef4d64-31b0-48d5-8b92-8b4d032ea15d,String,true,Boolean
acs:29ef4d64-31b0-48d5-8b92-8b4d032ea15d_0000000c-a4cd-aaa3-fa48-d93a0d004158,,2021-11-10T23:21:36.2599534Z,true,Boolean,29ef4d64-31b0-48d5-8b92-8b4d032ea15d,String,true,Boolean
acs:29ef4d64-31b0-48d5-8b92-8b4d032ea15d_0000000c-a4cd-ac51-5b42-ad3a0d001fb5,,2021-11-10T23:21:36.2919349Z,true,Boolean,29ef4d64-31b0-48d5-8b92-8b4d032ea15d,String,true,Boolean
acs:29ef4d64-31b0-48d5-8b92-8b4d032ea15d_0000000c-a4cd-adfa-fa48-d93a0d004159,,2021-11-10T23:21:36.292934Z,true,Boolean,29ef4d64-31b0-48d5-8b92-8b4d032ea15d,String,true,Boolean
acs:29ef4d64-31b0-48d5-8b92-8b4d032ea15d_0000000c-a4cd-afbb-5b42-ad3a0d001fb6,,2021-11-10T23:21:36.2619526Z,true,Boolean,29ef4d64-31b0-48d5-8b92-8b4d032ea15d,String,true,Boolean
acs:29ef4d64-31b0-48d5-8b92-8b4d032ea15d_0000000c-a4cd-b14f-fa48-d93a0d00415a,,2021-11-10T23:21:36.1770011Z,true,Boolean,29ef4d64-31b0-48d5-8b92-8b4d032ea15d,String,true,Boolean
acs:29ef4d64-31b0-48d5-8b92-8b4d032ea15d_0000000c-a4cd-b2e7-5b42-ad3a0d001fb7,,2021-11-10T23:21:36.292934Z,true,Boolean,29ef4d64-31b0-48d5-8b92-8b4d032ea15d,String,true,Boolean
acs:29ef4d64-31b0-48d5-8b92-8b4d032ea15d_0000000c-a4cd-b4b5-fa48-d93a0d00415d,,2021-11-10T23:21:36.250959Z,true,Boolean,29ef4d64-31b0-48d5-8b92-8b4d032ea15d,String,true,Boolean
acs:29ef4d64-31b0-48d5-8b92-8b4d032ea15d_0000000c-a4cd-b65b-5b42-ad3a0d001fb8,,2021-11-10T23:21:36.2939331Z,true,Boolean,29ef4d64-31b0-48d5-8b92-8b4d032ea15d,String,true,Boolean
acs:29ef4d64-31b0-48d5-8b92-8b4d032ea15d_0000000c-a4cd-b816-fa48-d93a0d00415e,,2021-11-10T23:21:36.2939331Z,true,Boolean,29ef4d64-31b0-48d5-8b92-8b4d032ea15d,String,true,Boolean
acs:29ef4d64-31b0-48d5-8b92-8b4d032ea15d_0000000c-a4cd-b9d5-5b42-ad3a0d001fb9,,2021-11-10T23:21:36.294933Z,true,Boolean,29ef4d64-31b0-48d5-8b92-8b4d032ea15d,String,true,Boolean
acs:29ef4d64-31b0-48d5-8b92-8b4d032ea15d_0000000c-a4cd-bb6d-fa48-d93a0d00415f,,2021-11-10T23:21:36.2789421Z,true,Boolean,29ef4d64-31b0-48d5-8b92-8b4d032ea15d,String,true,Boolean
acs:29ef4d64-31b0-48d5-8b92-8b4d032ea15d_0000000c-a4cd-bd2a-5b42-ad3a0d001fba,,2021-11-10T23:21:36.2919349Z,true,Boolean,29ef4d64-31b0-48d5-8b92-8b4d032ea15d,String,true,Boolean
acs:29ef4d64-31b0-48d5-8b92-8b4d032ea15d_0000000c-a4cd-beb5-5b42-ad3a0d001fbb,,2021-11-10T23:21:36.292934Z,true,Boolean,29ef4d64-31b0-48d5-8b92-8b4d032ea15d,String,true,Boolean
acs:29ef4d64-31b0-48d5-8b92-8b4d032ea15d_0000000c-a4cd-c049-5b42-ad3a0d001fbc,,2021-11-10T23:21:36.2839401Z,true,Boolean,29ef4d64-31b0-48d5-8b92-8b4d032ea15d,String,true,Boolean
acs:29ef4d64-31b0-48d5-8b92-8b4d032ea15d_0000000c-a4cd-c1db-5b42-ad3a0d001fbd,,2021-11-10T23:21:36.2939331Z,true,Boolean,29ef4d64-31b0-48d5-8b92-8b4d032ea15d,String,true,Boolean
acs:29ef4d64-31b0-48d5-8b92-8b4d032ea15d_0000000c-a4cd-c384-5b42-ad3a0d001fbe,,2021-11-10T23:21:36.292934Z,true,Boolean,29ef4d64-31b0-48d5-8b92-8b4d032ea15d,String,true,Boolean
acs:29ef4d64-31b0-48d5-8b92-8b4d032ea15d_0000000c-a4cd-c50e-5b42-ad3a0d001fbf,,2021-11-10T23:21:36.2719462Z,true,Boolean,29ef4d64-31b0-48d5-8b92-8b4d032ea15d,String,true,Boolean
acs:29ef4d64-31b0-48d5-8b92-8b4d032ea15d_0000000c-a4cd-c697-5b42-ad3a0d001fc0,,2021-11-10T23:21:36.2849394Z,true,Boolean,29ef4d64-31b0-48d5-8b92-8b4d032ea15d,String,true,Boolean
acs:29ef4d64-31b0-48d5-8b92-8b4d032ea15d_0000000c-a4cd-c847-5b42-ad3a0d001fc1,,2021-11-10T23:21:36.2739447Z,true,Boolean,29ef4d64-31b0-48d5-8b92-8b4d032ea15d,String,true,Boolean
acs:29ef4d64-31b0-48d5-8b92-8b4d032ea15d_0000000c-a4cd-c9c5-5b42-ad3a0d001fc2,,2021-11-10T23:21:36.292934Z,true,Boolean,29ef4d64-31b0-48d5-8b92-8b4d032ea15d,String,true,Boolean
acs:29ef4d64-31b0-48d5-8b92-8b4d032ea15d_0000000c-a4cd-cb46-5b42-ad3a0d001fc3,,2021-11-10T23:21:36.292934Z,true,Boolean,29ef4d64-31b0-48d5-8b92-8b4d032ea15d,String,true,Boolean
acs:29ef4d64-31b0-48d5-8b92-8b4d032ea15d_0000000c-a4cd-ccc4-5b42-ad3a0d001fc4,,2021-11-10T23:21:36.2719462Z,true,Boolean,29ef4d64-31b0-48d5-8b92-8b4d032ea15d,String,true,Boolean
acs:29ef4d64-31b0-48d5-8b92-8b4d032ea15d_0000000c-a4cd-cfda-5b42-ad3a0d001fc5,,2021-11-10T23:21:36.292934Z,true,Boolean,29ef4d64-31b0-48d5-8b92-8b4d032ea15d,String,true,Boolean
acs:29ef4d64-31b0-48d5-8b92-8b4d032ea15d_0000000c-a4cd-d15d-5b42-ad3a0d001fc6,,2021-11-10T23:21:36.2719462Z,true,Boolean,29ef4d64-31b0-48d5-8b92-8b4d032ea15d,String,true,Boolean
acs:29ef4d64-31b0-48d5-8b92-8b4d032ea15d_0000000c-a4cd-d2e6-5b42-ad3a0d001fc7,,2021-11-10T23:21:36.2739447Z,true,Boolean,29ef4d64-31b0-48d5-8b92-8b4d032ea15d,String,true,Boolean
acs:29ef4d64-31b0-48d5-8b92-8b4d032ea15d_0000000c-a4cd-d491-5b42-ad3a0d001fc8,,2021-11-10T23:21:36.2789421Z,true,Boolean,29ef4d64-31b0-48d5-8b92-8b4d032ea15d,String,true,Boolean
acs:29ef4d64-31b0-48d5-8b92-8b4d032ea15d_0000000c-a4cd-d636-5b42-ad3a0d001fc9,,2021-11-10T23:21:36.2709466Z,true,Boolean,29ef4d64-31b0-48d5-8b92-8b4d032ea15d,String,true,Boolean
acs:3cf9f291-fc00-4b8d-93c0-9896d4305aaf_0000000c-43b9-3a82-ff63-da3a0d007fb0,,2026-09-11T08:56:25.8392376Z,true,Boolean,3cf9f291-fc00-4b8d-93c0-9896d4305aaf,String,true,Boolean
acs:3cf9f291-fc00-4b8d-93c0-9896d4305aaf_0000000c-43b9-3be5-ff63-da3a0d007fb1,,2026-09-11T08:54:38.6978301Z,true,Boolean,3cf9f291-fc00-4b8d-93c0-9896d4305aaf,String,true,Boolean
acs:3cf9f291-fc00-4b8d-93c0-9896d4305aaf_0000000c-43b9-3d4b-ff63-da3a0d007fb2,,2026-09-11T08:54:38.0032192Z,true,Boolean,3cf9f291-fc00-4b8d-93c0-9896d4305aaf,String,true,Boolean
acs:3cf9f291-fc00-4b8d-93c0-9896d4305aaf_0000000c-43b9-3eb9-ff63-da3a0d007fb3,,2026-09-11T08:58:40.493061Z,true,Boolean,3cf9f291-fc00-4b8d-93c0-9896d4305aaf,String,true,Boolean
acs:3cf9f291-fc00-4b8d-93c0-9896d4305aaf_0000000c-43b9-4033-ff63-da3a0d007fb4,,2026-09-11T08:56:35.9347194Z,true,Boolean,3cf9f291-fc00-4b8d-93c0-9896d4305aaf,String,true,Boolean
acs:3cf9f291-fc00-4b8d-93c0-9896d4305aaf_0000000c-43b9-4183-ff63-da3a0d007fb5,,2026-09-11T08:56:34.7260459Z,true,Boolean,3cf9f291-fc00-4b8d-93c0-9896d4305aaf,String,true,Boolean
acs:3cf9f291-fc00-4b8d-93c0-9896d4305aaf_0000000c-43b9-42d6-ff63-da3a0d007fb6,,2026-09-11T08:58:22.2237694Z,true,Boolean,3cf9f291-fc00-4b8d-93c0-9896d4305aaf,String,true,Boolean
acs:3cf9f291-fc00-4b8d-93c0-9896d4305aaf_0000000c-43b9-4449-ff63-da3a0d007fb7,,2026-09-11T08:57:49.7062896Z,true,Boolean,3cf9f291-fc00-4b8d-93c0-9896d4305aaf,String,true,Boolean
acs:3cf9f291-fc00-4b8d-93c0-9896d4305aaf_0000000c-43b9-45b0-ff63-da3a0d007fb8,,2026-09-11T08:56:24.4685586Z,true,Boolean,3cf9f291-fc00-4b8d-93c0-9896d4305aaf,String,true,Boolean
acs:3cf9f291-fc00-4b8d-93c0-9896d4305aaf_0000000c-43b9-470d-ff63-da3a0d007fb9,,2026-09-11T08:53:30.5355052Z,true,Boolean,3cf9f291-fc00-4b8d-93c0-9896d4305aaf,String,true,Boolean
acs:3cf9f291-fc00-4b8d-93c0-9896d4305aaf_0000000c-a4c8-0d3e-fa48-d93a0d004024,,2026-09-11T08:57:51.331634Z,true,Boolean,3cf9f291-fc00-4b8d-93c0-9896d4305aaf,String,true,Boolean
acs:3cf9f291-fc00-4b8d-93c0-9896d4305aaf_0000000c-a4c8-0ee3-fa48-d93a0d004025,,2026-09-11T08:58:37.9606849Z,true,Boolean,3cf9f291-fc00-4b8d-93c0-9896d4305aaf,String,true,Boolean
acs:3cf9f291-fc00-4b8d-93c0-9896d4305aaf_0000000c-a4c8-108e-fa48-d93a0d004026,,2026-09-11T08:55:31.5043091Z,true,Boolean,3cf9f291-fc00-4b8d-93c0-9896d4305aaf,String,true,Boolean
acs:3cf9f291-fc00-4b8d-93c0-9896d4305aaf_0000000c-a4c8-122b-fa48-d93a0d004027,,2026-09-11T08:54:42.4178376Z,true,Boolean,3cf9f291-fc00-4b8d-93c0-9896d4305aaf,String,true,Boolean
acs:3cf9f291-fc00-4b8d-93c0-9896d4305aaf_0000000c-a4c8-13de-fa48-d93a0d004028,,2026-09-11T08:58:39.4500894Z,false,Boolean,3cf9f291-fc00-4b8d-93c0-9896d4305aaf,String,true,Boolean
acs:3cf9f291-fc00-4b8d-93c0-9896d4305aaf_0000000c-a4c8-1560-fa48-d93a0d004029,,2026-09-11T08:50:35.9811353Z,true,Boolean,3cf9f291-fc00-4b8d-93c0-9896d4305aaf,String,true,Boolean
acs:3cf9f291-fc00-4b8d-93c0-9896d4305aaf_0000000c-a4c8-1711-fa48-d93a0d00402a,,2026-09-11T08:54:32.6684058Z,true,Boolean,3cf9f291-fc00-4b8d-93c0-9896d4305aaf,String,true,Boolean
acs:3cf9f291-fc00-4b8d-93c0-9896d4305aaf_0000000c-a4c8-198d-fa48-d93a0d00402b,,2026-09-11T08:57:24.4873632Z,true,Boolean,3cf9f291-fc00-4b8d-93c0-9896d4305aaf,String,true,Boolean
acs:3cf9f291-fc00-4b8d-93c0-9896d4305aaf_0000000c-a4c8-1b38-fa48-d93a0d00402c,,2026-09-11T08:53:04.5852524Z,true,Boolean,3cf9f291-fc00-4b8d-93c0-9896d4305aaf,String,true,Boolean
acs:3cf9f291-fc00-4b8d-93c0-9896d4305aaf_0000000c-a4c8-1ccf-fa48-d93a0d00402d,,2026-09-11T08:54:21.6339507Z,true,Boolean,3cf9f291-fc00-4b8d-93c0-9896d4305aaf,String,true,Boolean
acs:3cf9f291-fc00-4b8d-93c0-9896d4305aaf_0000000c-a4c8-1e87-fa48-d93a0d00402e,,2026-09-11T08:58:26.7996997Z,true,Boolean,3cf9f291-fc00-4b8d-93c0-9896d4305aaf,String,true,Boolean
acs:3cf9f291-fc00-4b8d-93c0-9896d4305aaf_0000000c-a4c8-2025-fa48-d93a0d00402f,,2026-09-11T08:55:00.1056651Z,true,Boolean,3cf9f291-fc00-4b8d-93c0-9896d4305aaf,String,true,Boolean
acs:3cf9f291-fc00-4b8d-93c0-9896d4305aaf_0000000c-a4c8-21b4-fa48-d93a0d004030,,2026-09-11T08:56:23.4475103Z,true,Boolean,3cf9f291-fc00-4b8d-93c0-9896d4305aaf,String,true,Boolean
acs:3cf9f291-fc00-4b8d-93c0-9896d4305aaf_0000000c-a4c8-235b-fa48-d93a0d004031,,2026-09-11T08:53:10.0505335Z,true,Boolean,3cf9f291-fc00-4b8d-93c0-9896d4305aaf,String,true,Boolean
acs:3cf9f291-fc00-4b8d-93c0-9896d4305aaf_0000000c-a4c8-24fd-fa48-d93a0d004032,,2026-09-11T08:52:21.793203Z,true,Boolean,3cf9f291-fc00-4b8d-93c0-9896d4305aaf,String,true,Boolean
acs:3cf9f291-fc00-4b8d-93c0-9896d4305aaf_0000000c-a4c8-26a3-fa48-d93a0d004033,,2026-09-11T08:58:04.3842734Z,true,Boolean,3cf9f291-fc00-4b8d-93c0-9896d4305aaf,String,true,Boolean
acs:3cf9f291-fc00-4b8d-93c0-9896d4305aaf_0000000c-a4c8-2844-fa48-d93a0d004034,,2026-09-11T08:50:24.1278887Z,true,Boolean,3cf9f291-fc00-4b8d-93c0-9896d4305aaf,String,true,Boolean
acs:3cf9f291-fc00-4b8d-93c0-9896d4305aaf_0000000c-a4c8-29db-fa48-d93a0d004035,,2026-09-11T08:56:05.9338323Z,true,Boolean,3cf9f291-fc00-4b8d-93c0-9896d4305aaf,String,true,Boolean
acs:3cf9f291-fc00-4b8d-93c0-9896d4305aaf_0000000c-a4c8-2b80-fa48-d93a0d004036,,2026-09-11T08:56:52.480931Z,true,Boolean,3cf9f291-fc00-4b8d-93c0-9896d4305aaf,String,true,Boolean
acs:3cf9f291-fc00-4b8d-93c0-9896d4305aaf_0000000c-a4c8-2d3e-fa48-d93a0d004037,,2026-09-11T08:52:56.7994154Z,true,Boolean,3cf9f291-fc00-4b8d-93c0-9896d4305aaf,String,true,Boolean
acs:3cf9f291-fc00-4b8d-93c0-9896d4305aaf_0000000c-a4c8-2f31-fa48-d93a0d004038,,2026-09-11T08:58:32.3453464Z,false,Boolean,3cf9f291-fc00-4b8d-93c0-9896d4305aaf,String,true,Boolean
acs:3cf9f291-fc00-4b8d-93c0-9896d4305aaf_0000000c-a4c8-30ac-fa48-d93a0d004039,,2026-09-11T08:56:41.3847894Z,true,Boolean,3cf9f291-fc00-4b8d-93c0-9896d4305aaf,String,true,Boolean
acs:3cf9f291-fc00-4b8d-93c0-9896d4305aaf_0000000c-a4c8-3245-fa48-d93a0d00403a,,2026-09-11T08:56:46.2948906Z,true,Boolean,3cf9f291-fc00-4b8d-93c0-9896d4305aaf,String,true,Boolean
acs:3cf9f291-fc00-4b8d-93c0-9896d4305aaf_0000000c-a4c8-33ec-fa48-d93a0d00403b,,2026-09-11T08:57:53.6217768Z,false,Boolean,3cf9f291-fc00-4b8d-93c0-9896d4305aaf,String,true,Boolean
acs:3cf9f291-fc00-4b8d-93c0-9896d4305aaf_0000000c-a4c8-359f-fa48-d93a0d00403c,,2026-09-11T08:57:23.2837669Z,true,Boolean,3cf9f291-fc00-4b8d-93c0-9896d4305aaf,String,true,Boolean
acs:3cf9f291-fc00-4b8d-93c0-9896d4305aaf_0000000c-a4c8-373e-fa48-d93a0d00403f,,2026-09-11T08:56:37.3122491Z,true,Boolean,3cf9f291-fc00-4b8d-93c0-9896d4305aaf,String,true,Boolean
acs:3cf9f291-fc00-4b8d-93c0-9896d4305aaf_0000000c-a4c8-38e3-fa48-d93a0d004040,,2026-09-11T08:57:56.9387177Z,true,Boolean,3cf9f291-fc00-4b8d-93c0-9896d4305aaf,String,true,Boolean
acs:3cf9f291-fc00-4b8d-93c0-9896d4305aaf_0000000c-a4c8-3a8f-fa48-d93a0d004041,,2026-09-11T08:56:49.0561239Z,true,Boolean,3cf9f291-fc00-4b8d-93c0-9896d4305aaf,String,true,Boolean
acs:3cf9f291-fc00-4b8d-93c0-9896d4305aaf_0000000c-a4c8-3c2f-fa48-d93a0d004042,,2026-09-11T08:58:34.3495984Z,true,Boolean,3cf9f291-fc00-4b8d-93c0-9896d4305aaf,String,true,Boolean
acs:3cf9f291-fc00-4b8d-93c0-9896d4305aaf_0000000c-a4c8-3dc0-fa48-d93a0d004043,,2026-09-11T08:37:53.5631498Z,true,Boolean,3cf9f291-fc00-4b8d-93c0-9896d4305aaf,String,true,Boolean
acs:3cf9f291-fc00-4b8d-93c0-9896d4305aaf_0000000c-a4c8-3f51-fa48-d93a0d004044,,2026-09-11T08:58:13.4877074Z,true,Boolean,3cf9f291-fc00-4b8d-93c0-9896d4305aaf,String,true,Boolean
acs:3cf9f291-fc00-4b8d-93c0-9896d4305aaf_0000000c-a4c8-40f1-fa48-d93a0d004045,,2026-09-11T08:57:53.7147241Z,true,Boolean,3cf9f291-fc00-4b8d-93c0-9896d4305aaf,String,true,Boolean
acs:3cf9f291-fc00-4b8d-93c0-9896d4305aaf_0000000c-a4c8-429b-fa48-d93a0d004046,,2026-09-11T08:58:20.8841619Z,true,Boolean,3cf9f291-fc00-4b8d-93c0-9896d4305aaf,String,true,Boolean
acs:3cf9f291-fc00-4b8d-93c0-9896d4305aaf_0000000c-a4c8-444c-fa48-d93a0d004047,,2026-09-11T08:53:23.5679489Z,true,Boolean,3cf9f291-fc00-4b8d-93c0-9896d4305aaf,String,true,Boolean
acs:3cf9f291-fc00-4b8d-93c0-9896d4305aaf_0000000c-a4c8-45f1-fa48-d93a0d004048,,2026-09-11T08:57:15.636321Z,true,Boolean,3cf9f291-fc00-4b8d-93c0-9896d4305aaf,String,true,Boolean
acs:3cf9f291-fc00-4b8d-93c0-9896d4305aaf_0000000c-a4c8-47a4-fa48-d93a0d004049,,2026-09-11T08:53:45.9123299Z,true,Boolean,3cf9f291-fc00-4b8d-93c0-9896d4305aaf,String,true,Boolean
acs:3cf9f291-fc00-4b8d-93c0-9896d4305aaf_0000000c-a4c8-492e-fa48-d93a0d00404a,,2026-09-11T08:49:12.4225184Z,true,Boolean,3cf9f291-fc00-4b8d-93c0-9896d4305aaf,String,true,Boolean
acs:3cf9f291-fc00-4b8d-93c0-9896d4305aaf_0000000c-a4c8-4adc-fa48-d93a0d00404b,,2026-09-11T08:53:15.8595047Z,true,Boolean,3cf9f291-fc00-4b8d-93c0-9896d4305aaf,String,true,Boolean
acs:3cf9f291-fc00-4b8d-93c0-9896d4305aaf_0000000c-a4c8-4c6a-fa48-d93a0d00404c,,2026-09-11T08:58:01.7906985Z,true,Boolean,3cf9f291-fc00-4b8d-93c0-9896d4305aaf,String,true,Boolean
acs:3cf9f291-fc00-4b8d-93c0-9896d4305aaf_0000000c-a4c8-4e06-fa48-d93a0d00404d,,2026-09-11T08:58:36.7136723Z,false,Boolean,3cf9f291-fc00-4b8d-93c0-9896d4305aaf,String,true,Boolean
acs:3cf9f291-fc00-4b8d-93c0-9896d4305aaf_0000000c-a4c8-4fa6-fa48-d93a0d00404f,,2026-09-11T08:58:29.7061538Z,true,Boolean,3cf9f291-fc00-4b8d-93c0-9896d4305aaf,String,true,Boolean
acs:3cf9f291-fc00-4b8d-93c0-9896d4305aaf_0000000c-a4c8-514b-fa48-d93a0d004050,,2026-09-11T08:56:54.0698301Z,true,Boolean,3cf9f291-fc00-4b8d-93c0-9896d4305aaf,String,true,Boolean
acs:3cf9f291-fc00-4b8d-93c0-9896d4305aaf_0000000c-a4c8-5318-fa48-d93a0d004051,,2026-09-11T08:55:18.4202298Z,true,Boolean,3cf9f291-fc00-4b8d-93c0-9896d4305aaf,String,true,Boolean
acs:3cf9f291-fc00-4b8d-93c0-9896d4305aaf_0000000c-a4c8-54ce-fa48-d93a0d004052,,2026-09-11T08:56:43.3187362Z,true,Boolean,3cf9f291-fc00-4b8d-93c0-9896d4305aaf,String,true,Boolean
acs:3cf9f291-fc00-4b8d-93c0-9896d4305aaf_0000000c-a4c8-568d-fa48-d93a0d004053,,2026-09-11T08:55:10.6683237Z,true,Boolean,3cf9f291-fc00-4b8d-93c0-9896d4305aaf,String,true,Boolean
acs:3cf9f291-fc00-4b8d-93c0-9896d4305aaf_0000000c-a4c8-5832-fa48-d93a0d004054,,2026-09-11T08:53:22.1574395Z,true,Boolean,3cf9f291-fc00-4b8d-93c0-9896d4305aaf,String,true,Boolean
acs:3cf9f291-fc00-4b8d-93c0-9896d4305aaf_0000000c-a4c8-59f0-fa48-d93a0d004055,,2026-09-11T08:55:10.4818289Z,true,Boolean,3cf9f291-fc00-4b8d-93c0-9896d4305aaf,String,true,Boolean
acs:3cf9f291-fc00-4b8d-93c0-9896d4305aaf_0000000c-a4c8-5b9a-fa48-d93a0d004056,,2026-09-11T08:56:16.0592604Z,true,Boolean,3cf9f291-fc00-4b8d-93c0-9896d4305aaf,String,true,Boolean
acs:3cf9f291-fc00-4b8d-93c0-9896d4305aaf_0000000c-a4c8-5d37-fa48-d93a0d004057,,2026-09-11T08:48:44.1666679Z,true,Boolean,3cf9f291-fc00-4b8d-93c0-9896d4305aaf,String,true,Boolean
acs:3cf9f291-fc00-4b8d-93c0-9896d4305aaf_0000000c-a4c8-5eda-fa48-d93a0d004058,,2026-09-11T08:58:21.5118108Z,false,Boolean,3cf9f291-fc00-4b8d-93c0-9896d4305aaf,String,true,Boolean
acs:3cf9f291-fc00-4b8d-93c0-9896d4305aaf_0000000c-a4c8-608e-fa48-d93a0d004059,,2026-09-11T08:53:38.3901221Z,true,Boolean,3cf9f291-fc00-4b8d-93c0-9896d4305aaf,String,true,Boolean
acs:3cf9f291-fc00-4b8d-93c0-9896d4305aaf_0000000c-a4c8-6225-fa48-d93a0d00405a,,2026-09-11T08:56:23.2300663Z,true,Boolean,3cf9f291-fc00-4b8d-93c0-9896d4305aaf,String,true,Boolean
acs:3cf9f291-fc00-4b8d-93c0-9896d4305aaf_0000000c-a4c8-63cb-fa48-d93a0d00405b,,2026-09-11T08:55:12.6151499Z,true,Boolean,3cf9f291-fc00-4b8d-93c0-9896d4305aaf,String,true,Boolean
acs:3cf9f291-fc00-4b8d-93c0-9896d4305aaf_0000000c-a4c8-657f-fa48-d93a0d00405d,,2026-09-11T08:49:19.291171Z,true,Boolean,3cf9f291-fc00-4b8d-93c0-9896d4305aaf,String,true,Boolean
acs:3cf9f291-fc00-4b8d-93c0-9896d4305aaf_0000000c-a4c8-6717-fa48-d93a0d00405e,,2026-09-11T08:57:30.0599682Z,true,Boolean,3cf9f291-fc00-4b8d-93c0-9896d4305aaf,String,true,Boolean
acs:3cf9f291-fc00-4b8d-93c0-9896d4305aaf_0000000c-a4c8-68b9-fa48-d93a0d00405f,,2026-09-11T08:44:31.1124257Z,true,Boolean,3cf9f291-fc00-4b8d-93c0-9896d4305aaf,String,true,Boolean
acs:3cf9f291-fc00-4b8d-93c0-9896d4305aaf_0000000c-a4c8-6a4a-fa48-d93a0d004060,,2026-09-11T08:51:42.5414849Z,true,Boolean,3cf9f291-fc00-4b8d-93c0-9896d4305aaf,String,true,Boolean
acs:3cf9f291-fc00-4b8d-93c0-9896d4305aaf_0000000c-a4c8-6bf4-fa48-d93a0d004061,,2026-09-11T08:55:43.7007175Z,true,Boolean,3cf9f291-fc00-4b8d-93c0-9896d4305aaf,String,true,Boolean
acs:3cf9f291-fc00-4b8d-93c0-9896d4305aaf_0000000c-a4c8-6da7-fa48-d93a0d004062,,2026-09-11T08:55:35.9542112Z,true,Boolean,3cf9f291-fc00-4b8d-93c0-9896d4305aaf,String,true,Boolean
acs:3cf9f291-fc00-4b8d-93c0-9896d4305aaf_0000000c-a4c8-6f44-fa48-d93a0d004067,,2026-09-11T08:56:22.0220355Z,true,Boolean,3cf9f291-fc00-4b8d-93c0-9896d4305aaf,String,true,Boolean
acs:3cf9f291-fc00-4b8d-93c0-9896d4305aaf_0000000c-a4c8-72d8-0369-da3a0d00efbd,,2026-09-11T08:53:23.3460728Z,true,Boolean,3cf9f291-fc00-4b8d-93c0-9896d4305aaf,String,true,Boolean
acs:3cf9f291-fc00-4b8d-93c0-9896d4305aaf_0000000c-a4c8-746f-0369-da3a0d00efbe,,2026-09-11T08:57:47.6176426Z,false,Boolean,3cf9f291-fc00-4b8d-93c0-9896d4305aaf,String,true,Boolean
acs:3cf9f291-fc00-4b8d-93c0-9896d4305aaf_0000000c-a4c8-760a-0369-da3a0d00efbf,,2026-09-11T08:57:37.5950355Z,true,Boolean,3cf9f291-fc00-4b8d-93c0-9896d4305aaf,String,true,Boolean
acs:3cf9f291-fc00-4b8d-93c0-9896d4305aaf_0000000c-a4c8-77a9-0369-da3a0d00efc0,,2026-09-11T08:55:15.0586059Z,true,Boolean,3cf9f291-fc00-4b8d-93c0-9896d4305aaf,String,true,Boolean
acs:3cf9f291-fc00-4b8d-93c0-9896d4305aaf_0000000c-a4c8-7926-0369-da3a0d00efc2,,2026-09-11T08:51:29.3493163Z,true,Boolean,3cf9f291-fc00-4b8d-93c0-9896d4305aaf,String,true,Boolean
acs:3cf9f291-fc00-4b8d-93c0-9896d4305aaf_0000000c-a4c8-7a99-0369-da3a0d00efc3,,2026-09-11T08:58:40.881653Z,true,Boolean,3cf9f291-fc00-4b8d-93c0-9896d4305aaf,String,true,Boolean
acs:3cf9f291-fc00-4b8d-93c0-9896d4305aaf_0000000c-a4c8-7c0c-0369-da3a0d00efc4,,2026-09-11T08:56:03.3138111Z,true,Boolean,3cf9f291-fc00-4b8d-93c0-9896d4305aaf,String,true,Boolean
acs:3cf9f291-fc00-4b8d-93c0-9896d4305aaf_0000000c-a4c8-7dae-0369-da3a0d00efc5,,2026-09-11T08:58:22.6715198Z,true,Boolean,3cf9f291-fc00-4b8d-93c0-9896d4305aaf,String,true,Boolean
acs:3cf9f291-fc00-4b8d-93c0-9896d4305aaf_0000000c-a4c8-7f32-0369-da3a0d00efc6,,2026-09-11T08:57:30.9211349Z,true,Boolean,3cf9f291-fc00-4b8d-93c0-9896d4305aaf,String,true,Boolean
acs:3cf9f291-fc00-4b8d-93c0-9896d4305aaf_0000000c-a4c8-80b1-0369-da3a0d00efc7,,2026-09-11T08:53:44.9432811Z,true,Boolean,3cf9f291-fc00-4b8d-93c0-9896d4305aaf,String,true,Boolean
acs:3cf9f291-fc00-4b8d-93c0-9896d4305aaf_0000000c-a4c8-8230-0369-da3a0d00efc8,,2026-09-11T08:58:17.8086127Z,true,Boolean,3cf9f291-fc00-4b8d-93c0-9896d4305aaf,String,true,Boolean
acs:3cf9f291-fc00-4b8d-93c0-9896d4305aaf_0000000c-a4c8-839f-0369-da3a0d00efc9,,2026-09-11T08:47:18.1931955Z,true,Boolean,3cf9f291-fc00-4b8d-93c0-9896d4305aaf,String,true,Boolean
acs:3cf9f291-fc00-4b8d-93c0-9896d4305aaf_0000000c-a4c8-852a-0369-da3a0d00efca,,2026-09-11T08:53:40.9373468Z,true,Boolean,3cf9f291-fc00-4b8d-93c0-9896d4305aaf,String,true,Boolean
acs:3cf9f291-fc00-4b8d-93c0-9896d4305aaf_0000000c-a4c8-869f-0369-da3a0d00efcb,,2026-09-11T08:57:26.1452094Z,true,Boolean,3cf9f291-fc00-4b8d-93c0-9896d4305aaf,String,true,Boolean
acs:3cf9f291-fc00-4b8d-93c0-9896d4305aaf_0000000c-a4c8-8818-0369-da3a0d00efcc,,2026-09-11T08:57:18.9867903Z,true,Boolean,3cf9f291-fc00-4b8d-93c0-9896d4305aaf,String,true,Boolean
acs:3cf9f291-fc00-4b8d-93c0-9896d4305aaf_0000000c-a4c8-899e-0369-da3a0d00efcd,,2026-09-11T08:57:02.4482607Z,true,Boolean,3cf9f291-fc00-4b8d-93c0-9896d4305aaf,String,true,Boolean
acs:3cf9f291-fc00-4b8d-93c0-9896d4305aaf_0000000c-a4c8-8b0e-0369-da3a0d00efce,,2026-09-11T08:58:14.5107587Z,true,Boolean,3cf9f291-fc00-4b8d-93c0-9896d4305aaf,String,true,Boolean
acs:3cf9f291-fc00-4b8d-93c0-9896d4305aaf_0000000c-a4c8-8c93-0369-da3a0d00efcf,,2026-09-11T08:43:35.7957456Z,true,Boolean,3cf9f291-fc00-4b8d-93c0-9896d4305aaf,String,true,Boolean
acs:3cf9f291-fc00-4b8d-93c0-9896d4305aaf_0000000c-a4c8-8e0c-0369-da3a0d00efd0,,2026-09-11T08:54:52.3457856Z,true,Boolean,3cf9f291-fc00-4b8d-93c0-9896d4305aaf,String,true,Boolean
acs:3cf9f291-fc00-4b8d-93c0-9896d4305aaf_0000000c-a4c8-8f79-0369-da3a0d00efd1,,2026-09-11T08:52:13.2319285Z,true,Boolean,3cf9f291-fc00-4b8d-93c0-9896d4305aaf,String,true,Boolean
acs:3cf9f291-fc00-4b8d-93c0-9896d4305aaf_0000000c-a4c8-90fa-0369-da3a0d00efd2,,2026-09-11T08:58:39.7249379Z,false,Boolean,3cf9f291-fc00-4b8d-93c0-9896d4305aaf,String,true,Boolean
acs:3cf9f291-fc00-4b8d-93c0-9896d4305aaf_0000000c-a4c8-9272-0369-da3a0d00efd3,,2026-09-11T08:56:35.199782Z,true,Boolean,3cf9f291-fc00-4b8d-93c0-9896d4305aaf,String,true,Boolean
acs:3cf9f291-fc00-4b8d-93c0-9896d4305aaf_0000000c-a4c8-93f6-0369-da3a0d00efd4,,2026-09-11T08:50:49.3266073Z,true,Boolean,3cf9f291-fc00-4b8d-93c0-9896d4305aaf,String,true,Boolean
acs:3cf9f291-fc00-4b8d-93c0-9896d4305aaf_0000000c-a4c8-9595-0369-da3a0d00efd5,,2026-09-11T08:56:03.9927114Z,true,Boolean,3cf9f291-fc00-4b8d-93c0-9896d4305aaf,String,true,Boolean
acs:3cf9f291-fc00-4b8d-93c0-9896d4305aaf_0000000c-a4c8-9721-0369-da3a0d00efd6,,2026-09-11T08:58:01.9735969Z,true,Boolean,3cf9f291-fc00-4b8d-93c0-9896d4305aaf,String,true,Boolean
acs:3cf9f291-fc00-4b8d-93c0-9896d4305aaf_0000000c-a4c8-98b8-0369-da3a0d00efd7,,2026-09-11T08:52:12.0526757Z,true,Boolean,3cf9f291-fc00-4b8d-93c0-9896d4305aaf,String,true,Boolean
acs:3cf9f291-fc00-4b8d-93c0-9896d4305aaf_0000000c-a4c8-9a3b-0369-da3a0d00efd8,,2026-09-11T08:57:57.8297704Z,false,Boolean,3cf9f291-fc00-4b8d-93c0-9896d4305aaf,String,true,Boolean
acs:3cf9f291-fc00-4b8d-93c0-9896d4305aaf_0000000c-a4c8-9bf0-0369-da3a0d00efd9,,2026-09-11T08:56:01.0566373Z,true,Boolean,3cf9f291-fc00-4b8d-93c0-9896d4305aaf,String,true,Boolean
acs:3cf9f291-fc00-4b8d-93c0-9896d4305aaf_0000000c-a4c8-9d85-0369-da3a0d00efda,,2026-09-11T08:56:33.0524172Z,true,Boolean,3cf9f291-fc00-4b8d-93c0-9896d4305aaf,String,true,Boolean
acs:3cf9f291-fc00-4b8d-93c0-9896d4305aaf_0000000c-a4c8-9f1d-0369-da3a0d00efdb,,2026-09-11T08:54:45.3648404Z,true,Boolean,3cf9f291-fc00-4b8d-93c0-9896d4305aaf,String,true,Boolean
acs:3cf9f291-fc00-4b8d-93c0-9896d4305aaf_0000001b-4775-cf34-f4f3-ad3a0d00092e,,2026-09-11T08:58:21.8516217Z,true,Boolean,3cf9f291-fc00-4b8d-93c0-9896d4305aaf,String,true,Boolean
acs:3cf9f291-fc00-4b8d-93c0-9896d4305aaf_0000001b-4775-d34e-ad8a-af3a0d00df77,,2026-09-11T08:55:01.5368761Z,true,Boolean,3cf9f291-fc00-4b8d-93c0-9896d4305aaf,String,true,Boolean
acs:3cf9f291-fc00-4b8d-93c0-9896d4305aaf_0000001b-4775-d74d-918e-af3a0d00f282,,2026-09-11T08:54:52.8654959Z,true,Boolean,3cf9f291-fc00-4b8d-93c0-9896d4305aaf,String,true,Boolean
acs:3cf9f291-fc00-4b8d-93c0-9896d4305aaf_0000001b-4775-d84a-f5f4-ad3a0d00b960,,2026-09-11T08:58:14.5457386Z,true,Boolean,3cf9f291-fc00-4b8d-93c0-9896d4305aaf,String,true,Boolean
acs:3cf9f291-fc00-4b8d-93c0-9896d4305aaf_0000001b-4775-d980-f5f4-ad3a0d00b961,,2026-09-11T08:57:33.3053371Z,true,Boolean,3cf9f291-fc00-4b8d-93c0-9896d4305aaf,String,true,Boolean
acs:3cf9f291-fc00-4b8d-93c0-9896d4305aaf_0000001b-4775-dacf-918e-af3a0d00f284,,2026-09-11T08:58:21.2249713Z,false,Boolean,3cf9f291-fc00-4b8d-93c0-9896d4305aaf,String,true,Boolean
acs:3cf9f291-fc00-4b8d-93c0-9896d4305aaf_0000001b-4775-dbf7-918e-af3a0d00f285,,2026-09-11T08:57:48.2588233Z,false,Boolean,3cf9f291-fc00-4b8d-93c0-9896d4305aaf,String,true,Boolean
acs:3cf9f291-fc00-4b8d-93c0-9896d4305aaf_0000001b-4775-dd29-918e-af3a0d00f286,,2026-09-11T08:56:37.533126Z,true,Boolean,3cf9f291-fc00-4b8d-93c0-9896d4305aaf,String,true,Boolean
acs:3cf9f291-fc00-4b8d-93c0-9896d4305aaf_0000001b-4775-de4f-ad8a-af3a0d00df7b,,2026-09-11T08:55:33.668215Z,true,Boolean,3cf9f291-fc00-4b8d-93c0-9896d4305aaf,String,true,Boolean
acs:3cf9f291-fc00-4b8d-93c0-9896d4305aaf_0000001b-4775-df7b-918e-af3a0d00f287,,2026-09-11T08:58:39.2156305Z,true,Boolean,3cf9f291-fc00-4b8d-93c0-9896d4305aaf,String,true,Boolean
acs:3cf9f291-fc00-4b8d-93c0-9896d4305aaf_0000001b-4775-e0a8-918e-af3a0d00f288,,2026-09-11T08:58:34.1037363Z,true,Boolean,3cf9f291-fc00-4b8d-93c0-9896d4305aaf,String,true,Boolean
acs:3cf9f291-fc00-4b8d-93c0-9896d4305aaf_0000001b-4775-e1ca-65f0-ad3a0d00faca,,2026-09-11T08:53:32.1457132Z,true,Boolean,3cf9f291-fc00-4b8d-93c0-9896d4305aaf,String,true,Boolean
acs:3cf9f291-fc00-4b8d-93c0-9896d4305aaf_0000001b-57f5-a933-6ba8-473a0d00210f,,2026-09-11T08:54:28.2544859Z,true,Boolean,3cf9f291-fc00-4b8d-93c0-9896d4305aaf,String,true,Boolean
acs:3cf9f291-fc00-4b8d-93c0-9896d4305aaf_0000001b-57f5-afda-a7ac-473a0d0023d2,,2026-09-11T08:58:15.0744439Z,true,Boolean,3cf9f291-fc00-4b8d-93c0-9896d4305aaf,String,true,Boolean
acs:3cf9f291-fc00-4b8d-93c0-9896d4305aaf_0000001b-57f5-c18c-5b42-ad3a0d002232,,2026-09-11T08:51:48.6532567Z,true,Boolean,3cf9f291-fc00-4b8d-93c0-9896d4305aaf,String,true,Boolean
acs:3cf9f291-fc00-4b8d-93c0-9896d4305aaf_0000001b-57f5-c8d7-4667-443a0d00272d,,2026-09-11T08:57:05.7594898Z,true,Boolean,3cf9f291-fc00-4b8d-93c0-9896d4305aaf,String,true,Boolean
acs:3cf9f291-fc00-4b8d-93c0-9896d4305aaf_0000001b-57f5-d11a-874a-ad3a0d00229b,,2026-09-11T08:57:42.1936753Z,true,Boolean,3cf9f291-fc00-4b8d-93c0-9896d4305aaf,String,true,Boolean
acs:3cf9f291-fc00-4b8d-93c0-9896d4305aaf_0000001b-57f5-d8a9-874a-ad3a0d00229c,,2026-09-11T08:55:15.3804267Z,true,Boolean,3cf9f291-fc00-4b8d-93c0-9896d4305aaf,String,true,Boolean
acs:3cf9f291-fc00-4b8d-93c0-9896d4305aaf_0000001b-57f5-da53-5b42-ad3a0d002238,,2026-09-11T08:51:13.5957346Z,true,Boolean,3cf9f291-fc00-4b8d-93c0-9896d4305aaf,String,true,Boolean
acs:3cf9f291-fc00-4b8d-93c0-9896d4305aaf_0000001b-57f5-dc45-6ba8-473a0d002116,,2026-09-11T08:45:09.3195231Z,true,Boolean,3cf9f291-fc00-4b8d-93c0-9896d4305aaf,String,true,Boolean
acs:3cf9f291-fc00-4b8d-93c0-9896d4305aaf_0000001b-57f5-df02-6ba8-473a0d002117,,2026-09-11T08:56:49.8574121Z,true,Boolean,3cf9f291-fc00-4b8d-93c0-9896d4305aaf,String,true,Boolean
acs:3cf9f291-fc00-4b8d-93c0-9896d4305aaf_0000001b-57f5-e0c9-9eaf-473a0d00245d,,2026-09-11T08:57:53.0201117Z,true,Boolean,3cf9f291-fc00-4b8d-93c0-9896d4305aaf,String,true,Boolean
acs:3cf9f291-fc00-4b8d-93c0-9896d4305aaf_0000001b-57f5-e31b-6a49-ad3a0d0021b3,,2026-09-11T08:46:37.3808396Z,true,Boolean,3cf9f291-fc00-4b8d-93c0-9896d4305aaf,String,true,Boolean
acs:3cf9f291-fc00-4b8d-93c0-9896d4305aaf_0000001b-57f5-e4e0-5b42-ad3a0d00223b,,2026-09-11T08:57:16.9997862Z,false,Boolean,3cf9f291-fc00-4b8d-93c0-9896d4305aaf,String,true,Boolean
acs:3cf9f291-fc00-4b8d-93c0-9896d4305aaf_0000001b-57f5-e862-204f-ad3a0d002556,,2026-09-11T08:58:39.6839592Z,true,Boolean,3cf9f291-fc00-4b8d-93c0-9896d4305aaf,String,true,Boolean
acs:3cf9f291-fc00-4b8d-93c0-9896d4305aaf_0000001b-57f5-eb71-6a49-ad3a0d0021b9,,2026-09-11T08:55:16.1551565Z,true,Boolean,3cf9f291-fc00-4b8d-93c0-9896d4305aaf,String,true,Boolean
acs:3cf9f291-fc00-4b8d-93c0-9896d4305aaf_0000001b-57f5-ee0a-6a49-ad3a0d0021ba,,2026-09-11T08:57:45.717523Z,true,Boolean,3cf9f291-fc00-4b8d-93c0-9896d4305aaf,String,true,Boolean
acs:3cf9f291-fc00-4b8d-93c0-9896d4305aaf_0000001b-57f5-efce-5b42-ad3a0d00223d,,2026-09-11T08:58:37.0664758Z,false,Boolean,3cf9f291-fc00-4b8d-93c0-9896d4305aaf,String,true,Boolean
acs:3cf9f291-fc00-4b8d-93c0-9896d4305aaf_0000001b-57f5-f330-4667-443a0d002737,,2026-09-11T08:52:15.8920921Z,true,Boolean,3cf9f291-fc00-4b8d-93c0-9896d4305aaf,String,true,Boolean
acs:3cf9f291-fc00-4b8d-93c0-9896d4305aaf_0000001b-57f5-f506-5b42-ad3a0d00223f,,2026-09-11T08:52:02.4989181Z,true,Boolean,3cf9f291-fc00-4b8d-93c0-9896d4305aaf,String,true,Boolean
acs:3cf9f291-fc00-4b8d-93c0-9896d4305aaf_0000001b-57f5-f6ee-5b42-ad3a0d002240,,2026-09-11T08:55:42.9920439Z,true,Boolean,3cf9f291-fc00-4b8d-93c0-9896d4305aaf,String,true,Boolean
acs:3cf9f291-fc00-4b8d-93c0-9896d4305aaf_0000001b-57f5-f8ab-5b42-ad3a0d002242,,2026-09-11T08:58:22.7884549Z,true,Boolean,3cf9f291-fc00-4b8d-93c0-9896d4305aaf,String,true,Boolean
acs:3cf9f291-fc00-4b8d-93c0-9896d4305aaf_0000001b-57f5-fadb-5b42-ad3a0d002245,,2026-09-11T08:58:39.8658579Z,true,Boolean,3cf9f291-fc00-4b8d-93c0-9896d4305aaf,String,true,Boolean
acs:3cf9f291-fc00-4b8d-93c0-9896d4305aaf_0000001b-57f5-fd75-6ba8-473a0d00211d,,2026-09-11T08:54:03.5266211Z,true,Boolean,3cf9f291-fc00-4b8d-93c0-9896d4305aaf,String,true,Boolean
acs:3cf9f291-fc00-4b8d-93c0-9896d4305aaf_0000001b-57f6-009e-6a49-ad3a0d0021c2,,2026-09-11T08:57:57.4259957Z,false,Boolean,3cf9f291-fc00-4b8d-93c0-9896d4305aaf,String,true,Boolean
acs:3cf9f291-fc00-4b8d-93c0-9896d4305aaf_0000001b-57f6-023e-874a-ad3a0d00229f,,2026-09-11T08:47:27.4697574Z,true,Boolean,3cf9f291-fc00-4b8d-93c0-9896d4305aaf,String,true,Boolean
acs:3cf9f291-fc00-4b8d-93c0-9896d4305aaf_0000001b-57f6-0527-6ba8-473a0d00211e,,2026-09-11T08:56:28.9127541Z,true,Boolean,3cf9f291-fc00-4b8d-93c0-9896d4305aaf,String,true,Boolean
acs:3cf9f291-fc00-4b8d-93c0-9896d4305aaf_0000001b-57f6-06f8-5b42-ad3a0d002247,,2026-09-11T08:55:27.5780769Z,true,Boolean,3cf9f291-fc00-4b8d-93c0-9896d4305aaf,String,true,Boolean
acs:3cf9f291-fc00-4b8d-93c0-9896d4305aaf_0000001b-57f6-08e2-5b42-ad3a0d002249,,2026-09-11T08:57:44.6704878Z,true,Boolean,3cf9f291-fc00-4b8d-93c0-9896d4305aaf,String,true,Boolean
acs:3cf9f291-fc00-4b8d-93c0-9896d4305aaf_0000001b-57f6-0a94-5b42-ad3a0d00224a,,2026-09-11T08:58:40.7217418Z,true,Boolean,3cf9f291-fc00-4b8d-93c0-9896d4305aaf,String,true,Boolean
acs:3cf9f291-fc00-4b8d-93c0-9896d4305aaf_0000001b-57f6-0eec-874a-ad3a0d0022a2,,2026-09-11T08:55:06.6376499Z,true,Boolean,3cf9f291-fc00-4b8d-93c0-9896d4305aaf,String,true,Boolean
acs:3cf9f291-fc00-4b8d-93c0-9896d4305aaf_0000001b-57f6-1675-4667-443a0d002741,,2026-09-11T08:58:36.0922403Z,false,Boolean,3cf9f291-fc00-4b8d-93c0-9896d4305aaf,String,true,Boolean
acs:3cf9f291-fc00-4b8d-93c0-9896d4305aaf_0000001b-57f6-1bd7-204f-ad3a0d002560,,2026-09-11T08:53:31.7499341Z,true,Boolean,3cf9f291-fc00-4b8d-93c0-9896d4305aaf,String,true,Boolean
acs:3cf9f291-fc00-4b8d-93c0-9896d4305aaf_0000001b-57f6-1e8f-204f-ad3a0d002562,,2026-09-11T08:58:14.8605635Z,true,Boolean,3cf9f291-fc00-4b8d-93c0-9896d4305aaf,String,true,Boolean
acs:3cf9f291-fc00-4b8d-93c0-9896d4305aaf_0000001b-57f6-20ec-9eaf-473a0d002469,,2026-09-11T08:53:59.8363208Z,true,Boolean,3cf9f291-fc00-4b8d-93c0-9896d4305aaf,String,true,Boolean
acs:3cf9f291-fc00-4b8d-93c0-9896d4305aaf_0000001b-57f6-2346-4667-443a0d002746,,2026-09-11T08:52:25.0544947Z,true,Boolean,3cf9f291-fc00-4b8d-93c0-9896d4305aaf,String,true,Boolean
acs:3cf9f291-fc00-4b8d-93c0-9896d4305aaf_0000001b-57f6-2630-5b42-ad3a0d002256,,2026-09-11T08:56:31.0665388Z,true,Boolean,3cf9f291-fc00-4b8d-93c0-9896d4305aaf,String,true,Boolean
acs:3cf9f291-fc00-4b8d-93c0-9896d4305aaf_0000001b-57f6-2829-5b42-ad3a0d002257,,2026-09-11T08:56:05.3421629Z,true,Boolean,3cf9f291-fc00-4b8d-93c0-9896d4305aaf,String,true,Boolean
acs:3cf9f291-fc00-4b8d-93c0-9896d4305aaf_0000001b-57f6-2a23-874a-ad3a0d0022ac,,2026-09-11T08:53:41.758889Z,true,Boolean,3cf9f291-fc00-4b8d-93c0-9896d4305aaf,String,true,Boolean
acs:3cf9f291-fc00-4b8d-93c0-9896d4305aaf_0000001b-57f6-2c28-5b42-ad3a0d00225c,,2026-09-11T08:57:43.4349998Z,true,Boolean,3cf9f291-fc00-4b8d-93c0-9896d4305aaf,String,true,Boolean
acs:3cf9f291-fc00-4b8d-93c0-9896d4305aaf_0000001b-57f6-2e2b-874a-ad3a0d0022ad,,2026-09-11T08:56:41.0589719Z,true,Boolean,3cf9f291-fc00-4b8d-93c0-9896d4305aaf,String,true,Boolean
acs:3cf9f291-fc00-4b8d-93c0-9896d4305aaf_0000001b-57f6-301c-5b42-ad3a0d002261,,2026-09-11T08:53:16.0763838Z,true,Boolean,3cf9f291-fc00-4b8d-93c0-9896d4305aaf,String,true,Boolean
acs:3cf9f291-fc00-4b8d-93c0-9896d4305aaf_0000001b-57f6-3226-4667-443a0d002754,,2026-09-11T08:58:28.1344985Z,false,Boolean,3cf9f291-fc00-4b8d-93c0-9896d4305aaf,String,true,Boolean
acs:3cf9f291-fc00-4b8d-93c0-9896d4305aaf_0000001b-57f6-33d5-874a-ad3a0d0022b0,,2026-09-11T08:56:25.585379Z,true,Boolean,3cf9f291-fc00-4b8d-93c0-9896d4305aaf,String,true,Boolean
acs:3cf9f291-fc00-4b8d-93c0-9896d4305aaf_0000001b-57f6-35bb-5b42-ad3a0d002263,,2026-09-11T08:58:10.5902282Z,true,Boolean,3cf9f291-fc00-4b8d-93c0-9896d4305aaf,String,true,Boolean
acs:3cf9f291-fc00-4b8d-93c0-9896d4305aaf_0000001b-57f6-3baf-874a-ad3a0d0022b2,,2026-09-11T08:58:02.8901757Z,true,Boolean,3cf9f291-fc00-4b8d-93c0-9896d4305aaf,String,true,Boolean
acs:3cf9f291-fc00-4b8d-93c0-9896d4305aaf_0000001b-57f6-3d5e-5b42-ad3a0d002267,,2026-09-11T08:57:37.404142Z,true,Boolean,3cf9f291-fc00-4b8d-93c0-9896d4305aaf,String,true,Boolean
acs:3cf9f291-fc00-4b8d-93c0-9896d4305aaf_0000001b-57f6-3f39-5b42-ad3a0d002268,,2026-09-11T08:54:42.2749174Z,true,Boolean,3cf9f291-fc00-4b8d-93c0-9896d4305aaf,String,true,Boolean
acs:3cf9f291-fc00-4b8d-93c0-9896d4305aaf_0000001b-57f6-41b8-5b42-ad3a0d002269,,2026-09-11T08:58:00.4482071Z,true,Boolean,3cf9f291-fc00-4b8d-93c0-9896d4305aaf,String,true,Boolean
acs:3cf9f291-fc00-4b8d-93c0-9896d4305aaf_0000001b-57f6-4356-874a-ad3a0d0022b3,,2026-09-11T08:50:25.0193907Z,true,Boolean,3cf9f291-fc00-4b8d-93c0-9896d4305aaf,String,true,Boolean
acs:3cf9f291-fc00-4b8d-93c0-9896d4305aaf_0000001b-57f6-4550-5b42-ad3a0d00226b,,2026-09-11T08:56:41.0719642Z,true,Boolean,3cf9f291-fc00-4b8d-93c0-9896d4305aaf,String,true,Boolean
acs:3cf9f291-fc00-4b8d-93c0-9896d4305aaf_0000001b-57f6-4726-4667-443a0d00275f,,2026-09-11T08:57:37.5490609Z,false,Boolean,3cf9f291-fc00-4b8d-93c0-9896d4305aaf,String,true,Boolean
acs:3cf9f291-fc00-4b8d-93c0-9896d4305aaf_00000022-167d-0e06-3397-b23a0d002cea,,2026-09-11T08:47:14.1828329Z,true,Boolean,3cf9f291-fc00-4b8d-93c0-9896d4305aaf,String,true,Boolean
acs:3cf9f291-fc00-4b8d-93c0-9896d4305aaf_00000022-167d-0fe1-3397-b23a0d002cec,,2026-09-11T08:52:19.466934Z,true,Boolean,3cf9f291-fc00-4b8d-93c0-9896d4305aaf,String,true,Boolean
acs:3cf9f291-fc00-4b8d-93c0-9896d4305aaf_00000022-167d-10f7-3397-b23a0d002ced,,2026-09-11T08:46:33.5331434Z,true,Boolean,3cf9f291-fc00-4b8d-93c0-9896d4305aaf,String,true,Boolean
acs:3cf9f291-fc00-4b8d-93c0-9896d4305aaf_00000022-167d-1212-3397-b23a0d002cf0,,2026-09-11T08:56:16.7518808Z,true,Boolean,3cf9f291-fc00-4b8d-93c0-9896d4305aaf,String,true,Boolean
acs:3cf9f291-fc00-4b8d-93c0-9896d4305aaf_00000022-167d-13cd-3397-b23a0d002cf2,,2026-09-11T08:58:24.0009956Z,true,Boolean,3cf9f291-fc00-4b8d-93c0-9896d4305aaf,String,true,Boolean
acs:3cf9f291-fc00-4b8d-93c0-9896d4305aaf_00000022-167d-1501-3397-b23a0d002cf3,,2026-09-11T08:58:29.4992695Z,true,Boolean,3cf9f291-fc00-4b8d-93c0-9896d4305aaf,String,true,Boolean
acs:3cf9f291-fc00-4b8d-93c0-9896d4305aaf_00000022-167d-1611-3397-b23a0d002cf4,,2026-09-11T08:56:09.7466184Z,true,Boolean,3cf9f291-fc00-4b8d-93c0-9896d4305aaf,String,true,Boolean
acs:3cf9f291-fc00-4b8d-93c0-9896d4305aaf_00000022-167d-1718-3397-b23a0d002cf5,,2026-09-11T08:58:37.8861739Z,false,Boolean,3cf9f291-fc00-4b8d-93c0-9896d4305aaf,String,true,Boolean
acs:3cf9f291-fc00-4b8d-93c0-9896d4305aaf_00000022-167d-1828-3397-b23a0d002cf6,,2026-09-11T08:57:29.8350931Z,true,Boolean,3cf9f291-fc00-4b8d-93c0-9896d4305aaf,String,true,Boolean
acs:3cf9f291-fc00-4b8d-93c0-9896d4305aaf_00000022-167d-192c-3397-b23a0d002cf7,,2026-09-11T08:57:50.9608404Z,true,Boolean,3cf9f291-fc00-4b8d-93c0-9896d4305aaf,String,true,Boolean
acs:3cf9f291-fc00-4b8d-93c0-9896d4305aaf_00000022-167d-1a36-3397-b23a0d002cf8,,2026-09-11T08:53:56.0969494Z,true,Boolean,3cf9f291-fc00-4b8d-93c0-9896d4305aaf,String,true,Boolean
acs:3cf9f291-fc00-4b8d-93c0-9896d4305aaf_00000022-167d-1b48-3397-b23a0d002cf9,,2026-09-11T08:53:18.2024454Z,true,Boolean,3cf9f291-fc00-4b8d-93c0-9896d4305aaf,String,true,Boolean
acs:3cf9f291-fc00-4b8d-93c0-9896d4305aaf_00000022-167d-1c55-3397-b23a0d002cfa,,2026-09-11T08:51:34.618446Z,true,Boolean,3cf9f291-fc00-4b8d-93c0-9896d4305aaf,String,true,Boolean
acs:3cf9f291-fc00-4b8d-93c0-9896d4305aaf_00000022-167d-1d54-3397-b23a0d002cfd,,2026-09-11T08:55:18.2473263Z,true,Boolean,3cf9f291-fc00-4b8d-93c0-9896d4305aaf,String,true,Boolean
acs:3cf9f291-fc00-4b8d-93c0-9896d4305aaf_00000022-167d-1e58-3397-b23a0d002cfe,,2026-09-11T08:55:15.5723194Z,true,Boolean,3cf9f291-fc00-4b8d-93c0-9896d4305aaf,String,true,Boolean
acs:3cf9f291-fc00-4b8d-93c0-9896d4305aaf_00000022-167d-1f54-3397-b23a0d002d00,,2026-09-11T08:56:12.779043Z,true,Boolean,3cf9f291-fc00-4b8d-93c0-9896d4305aaf,String,true,Boolean
acs:3cf9f291-fc00-4b8d-93c0-9896d4305aaf_00000022-167d-2217-3397-b23a0d002d02,,2026-09-11T08:40:00.0992594Z,true,Boolean,3cf9f291-fc00-4b8d-93c0-9896d4305aaf,String,true,Boolean
acs:3cf9f291-fc00-4b8d-93c0-9896d4305aaf_00000022-167d-22fe-3397-b23a0d002d03,,2026-09-11T08:57:46.9634579Z,true,Boolean,3cf9f291-fc00-4b8d-93c0-9896d4305aaf,String,true,Boolean
acs:3cf9f291-fc00-4b8d-93c0-9896d4305aaf_00000022-167d-23ec-3397-b23a0d002d04,,2026-09-11T08:55:23.7809481Z,true,Boolean,3cf9f291-fc00-4b8d-93c0-9896d4305aaf,String,true,Boolean
acs:3cf9f291-fc00-4b8d-93c0-9896d4305aaf_00000022-167d-24e2-3397-b23a0d002d05,,2026-09-11T08:52:42.9445623Z,true,Boolean,3cf9f291-fc00-4b8d-93c0-9896d4305aaf,String,true,Boolean
acs:3cf9f291-fc00-4b8d-93c0-9896d4305aaf_00000022-167d-25dc-3397-b23a0d002d06,,2026-09-11T08:58:20.9990971Z,false,Boolean,3cf9f291-fc00-4b8d-93c0-9896d4305aaf,String,true,Boolean
acs:3cf9f291-fc00-4b8d-93c0-9896d4305aaf_00000022-167d-26c6-3397-b23a0d002d07,,2026-09-11T08:46:18.6337419Z,true,Boolean,3cf9f291-fc00-4b8d-93c0-9896d4305aaf,String,true,Boolean
acs:3cf9f291-fc00-4b8d-93c0-9896d4305aaf_00000022-167d-27ba-3397-b23a0d002d08,,2026-09-11T08:55:08.4812326Z,true,Boolean,3cf9f291-fc00-4b8d-93c0-9896d4305aaf,String,true,Boolean
acs:3cf9f291-fc00-4b8d-93c0-9896d4305aaf_00000022-167d-28a3-3397-b23a0d002d0a,,2026-09-11T08:56:40.7921201Z,true,Boolean,3cf9f291-fc00-4b8d-93c0-9896d4305aaf,String,true,Boolean
acs:3cf9f291-fc00-4b8d-93c0-9896d4305aaf_00000022-167d-2993-3397-b23a0d002d0c,,2026-09-11T08:57:22.7430682Z,true,Boolean,3cf9f291-fc00-4b8d-93c0-9896d4305aaf,String,true,Boolean
acs:3cf9f291-fc00-4b8d-93c0-9896d4305aaf_00000022-167d-2a8b-3397-b23a0d002d0e,,2026-09-11T08:55:27.7259945Z,true,Boolean,3cf9f291-fc00-4b8d-93c0-9896d4305aaf,String,true,Boolean
acs:3cf9f291-fc00-4b8d-93c0-9896d4305aaf_00000022-167d-2b7f-3397-b23a0d002d0f,,2026-09-11T08:56:36.3175056Z,true,Boolean,3cf9f291-fc00-4b8d-93c0-9896d4305aaf,String,true,Boolean
acs:3cf9f291-fc00-4b8d-93c0-9896d4305aaf_00000022-167d-2c6e-3397-b23a0d002d10,,2026-09-11T08:58:37.1854099Z,true,Boolean,3cf9f291-fc00-4b8d-93c0-9896d4305aaf,String,true,Boolean
acs:3cf9f291-fc00-4b8d-93c0-9896d4305aaf_00000022-167d-2d5e-3397-b23a0d002d11,,2026-09-11T08:56:32.4971403Z,true,Boolean,3cf9f291-fc00-4b8d-93c0-9896d4305aaf,String,true,Boolean
acs:3cf9f291-fc00-4b8d-93c0-9896d4305aaf_00000022-167d-2e4d-3397-b23a0d002d12,,2026-09-11T08:58:12.1855925Z,true,Boolean,3cf9f291-fc00-4b8d-93c0-9896d4305aaf,String,true,Boolean
acs:3cf9f291-fc00-4b8d-93c0-9896d4305aaf_00000022-167d-2f4d-3397-b23a0d002d13,,2026-09-11T08:58:12.4284569Z,true,Boolean,3cf9f291-fc00-4b8d-93c0-9896d4305aaf,String,true,Boolean
acs:3cf9f291-fc00-4b8d-93c0-9896d4305aaf_00000022-175f-2dc1-78f0-b03a0d00426c,,2026-09-11T08:52:05.641236Z,true,Boolean,3cf9f291-fc00-4b8d-93c0-9896d4305aaf,String,true,Boolean
acs:3cf9f291-fc00-4b8d-93c0-9896d4305aaf_00000022-175f-3240-ff90-b23a0d0042dd,,2026-09-11T08:57:50.7739444Z,true,Boolean,3cf9f291-fc00-4b8d-93c0-9896d4305aaf,String,true,Boolean
acs:3cf9f291-fc00-4b8d-93c0-9896d4305aaf_00000022-175f-3656-3397-b23a0d0047e1,,2026-09-11T08:58:14.4917685Z,true,Boolean,3cf9f291-fc00-4b8d-93c0-9896d4305aaf,String,true,Boolean
acs:3cf9f291-fc00-4b8d-93c0-9896d4305aaf_00000022-175f-3b14-5ca4-b63a0d004564,,2026-09-11T08:54:52.1237977Z,true,Boolean,3cf9f291-fc00-4b8d-93c0-9896d4305aaf,String,true,Boolean
acs:3cf9f291-fc00-4b8d-93c0-9896d4305aaf_00000022-175f-3e27-669a-b23a0d00484b,,2026-09-11T08:58:36.3460986Z,false,Boolean,3cf9f291-fc00-4b8d-93c0-9896d4305aaf,String,true,Boolean
acs:3cf9f291-fc00-4b8d-93c0-9896d4305aaf_00000022-175f-3fc7-78f0-b03a0d00426e,,2026-09-11T08:52:25.2868404Z,true,Boolean,3cf9f291-fc00-4b8d-93c0-9896d4305aaf,String,true,Boolean
acs:3cf9f291-fc00-4b8d-93c0-9896d4305aaf_00000022-175f-4188-669a-b23a0d00484d,,2026-09-11T08:57:43.0412201Z,true,Boolean,3cf9f291-fc00-4b8d-93c0-9896d4305aaf,String,true,Boolean
acs:3cf9f291-fc00-4b8d-93c0-9896d4305aaf_00000022-175f-4337-669a-b23a0d00484e,,2026-09-11T08:45:25.244071Z,true,Boolean,3cf9f291-fc00-4b8d-93c0-9896d4305aaf,String,true,Boolean
acs:3cf9f291-fc00-4b8d-93c0-9896d4305aaf_00000022-175f-44f4-3397-b23a0d0047e3,,2026-09-11T08:57:29.8630776Z,true,Boolean,3cf9f291-fc00-4b8d-93c0-9896d4305aaf,String,true,Boolean
acs:3cf9f291-fc00-4b8d-93c0-9896d4305aaf_00000022-175f-46a4-ff90-b23a0d0042e5,,2026-09-11T08:54:41.7771953Z,true,Boolean,3cf9f291-fc00-4b8d-93c0-9896d4305aaf,String,true,Boolean
acs:3cf9f291-fc00-4b8d-93c0-9896d4305aaf_00000022-175f-48a6-ff90-b23a0d0042e6,,2026-09-11T08:57:36.9378438Z,false,Boolean,3cf9f291-fc00-4b8d-93c0-9896d4305aaf,String,true,Boolean
acs:3cf9f291-fc00-4b8d-93c0-9896d4305aaf_00000022-175f-4a5e-78f0-b03a0d004271,,2026-09-11T08:52:48.6208923Z,true,Boolean,3cf9f291-fc00-4b8d-93c0-9896d4305aaf,String,true,Boolean
acs:3cf9f291-fc00-4b8d-93c0-9896d4305aaf_00000022-175f-4bfb-ff90-b23a0d0042e7,,2026-09-11T08:58:01.9735969Z,true,Boolean,3cf9f291-fc00-4b8d-93c0-9896d4305aaf,String,true,Boolean
acs:3cf9f291-fc00-4b8d-93c0-9896d4305aaf_00000022-175f-4db8-78f0-b03a0d004272,,2026-09-11T08:53:27.6797226Z,true,Boolean,3cf9f291-fc00-4b8d-93c0-9896d4305aaf,String,true,Boolean
acs:3cf9f291-fc00-4b8d-93c0-9896d4305aaf_00000022-175f-4fc9-78f0-b03a0d004273,,2026-09-11T08:50:55.4753596Z,true,Boolean,3cf9f291-fc00-4b8d-93c0-9896d4305aaf,String,true,Boolean
acs:3cf9f291-fc00-4b8d-93c0-9896d4305aaf_00000022-175f-5180-3397-b23a0d0047e8,,2026-09-11T08:51:38.6074588Z,true,Boolean,3cf9f291-fc00-4b8d-93c0-9896d4305aaf,String,true,Boolean
acs:3cf9f291-fc00-4b8d-93c0-9896d4305aaf_00000022-175f-52f6-ff90-b23a0d0042e8,,2026-09-11T08:53:53.3036083Z,true,Boolean,3cf9f291-fc00-4b8d-93c0-9896d4305aaf,String,true,Boolean
acs:3cf9f291-fc00-4b8d-93c0-9896d4305aaf_00000022-175f-5475-5ca4-b63a0d004566,,2026-09-11T08:58:25.833231Z,true,Boolean,3cf9f291-fc00-4b8d-93c0-9896d4305aaf,String,true,Boolean
acs:3cf9f291-fc00-4b8d-93c0-9896d4305aaf_00000022-3054-792c-78f0-b03a0d00800b,,2026-09-11T08:53:56.365798Z,true,Boolean,3cf9f291-fc00-4b8d-93c0-9896d4305aaf,String,true,Boolean
acs:3cf9f291-fc00-4b8d-93c0-9896d4305aaf_00000022-3054-7a9d-78f0-b03a0d00800c,,2026-09-11T08:54:33.7509485Z,true,Boolean,3cf9f291-fc00-4b8d-93c0-9896d4305aaf,String,true,Boolean
acs:3cf9f291-fc00-4b8d-93c0-9896d4305aaf_00000022-3054-7ba5-78f0-b03a0d00800d,,2026-09-11T08:57:02.2373783Z,true,Boolean,3cf9f291-fc00-4b8d-93c0-9896d4305aaf,String,true,Boolean
acs:3cf9f291-fc00-4b8d-93c0-9896d4305aaf_00000022-3054-7cc0-78f0-b03a0d00800e,,2026-09-11T08:56:32.0234039Z,true,Boolean,3cf9f291-fc00-4b8d-93c0-9896d4305aaf,String,true,Boolean
acs:3cf9f291-fc00-4b8d-93c0-9896d4305aaf_00000022-3054-7dcc-78f0-b03a0d00800f,,2026-09-11T08:55:24.3315812Z,true,Boolean,3cf9f291-fc00-4b8d-93c0-9896d4305aaf,String,true,Boolean
acs:3cf9f291-fc00-4b8d-93c0-9896d4305aaf_00000022-3054-7ee3-78f0-b03a0d008010,,2026-09-11T08:57:19.5754619Z,true,Boolean,3cf9f291-fc00-4b8d-93c0-9896d4305aaf,String,true,Boolean
acs:3cf9f291-fc00-4b8d-93c0-9896d4305aaf_00000022-3054-8088-78f0-b03a0d008011,,2026-09-11T08:57:22.3886905Z,true,Boolean,3cf9f291-fc00-4b8d-93c0-9896d4305aaf,String,true,Boolean
acs:3cf9f291-fc00-4b8d-93c0-9896d4305aaf_00000022-3054-817e-78f0-b03a0d008012,,2026-09-11T08:52:21.6033083Z,true,Boolean,3cf9f291-fc00-4b8d-93c0-9896d4305aaf,String,true,Boolean
acs:3cf9f291-fc00-4b8d-93c0-9896d4305aaf_00000022-3054-82a9-78f0-b03a0d008013,,2026-09-11T08:48:49.3631248Z,true,Boolean,3cf9f291-fc00-4b8d-93c0-9896d4305aaf,String,true,Boolean
acs:3cf9f291-fc00-4b8d-93c0-9896d4305aaf_00000022-3054-839f-78f0-b03a0d008014,,2026-09-11T08:46:59.2754479Z,true,Boolean,3cf9f291-fc00-4b8d-93c0-9896d4305aaf,String,true,Boolean
acs:3cf9f291-fc00-4b8d-93c0-9896d4305aaf_00000022-3054-8493-78f0-b03a0d008015,,2026-09-11T08:56:38.1433914Z,true,Boolean,3cf9f291-fc00-4b8d-93c0-9896d4305aaf,String,true,Boolean
acs:3cf9f291-fc00-4b8d-93c0-9896d4305aaf_00000022-3054-8598-78f0-b03a0d008016,,2026-09-11T08:57:05.9793675Z,true,Boolean,3cf9f291-fc00-4b8d-93c0-9896d4305aaf,String,true,Boolean
acs:3cf9f291-fc00-4b8d-93c0-9896d4305aaf_00000022-3054-8699-78f0-b03a0d008017,,2026-09-11T08:56:26.0705078Z,true,Boolean,3cf9f291-fc00-4b8d-93c0-9896d4305aaf,String,true,Boolean
acs:3cf9f291-fc00-4b8d-93c0-9896d4305aaf_00000022-3054-8796-78f0-b03a0d008018,,2026-09-11T08:58:04.7900541Z,true,Boolean,3cf9f291-fc00-4b8d-93c0-9896d4305aaf,String,true,Boolean
acs:3cf9f291-fc00-4b8d-93c0-9896d4305aaf_00000022-3054-88d3-78f0-b03a0d008019,,2026-09-11T08:57:35.9923711Z,true,Boolean,3cf9f291-fc00-4b8d-93c0-9896d4305aaf,String,true,Boolean
acs:3cf9f291-fc00-4b8d-93c0-9896d4305aaf_00000022-3054-89dc-78f0-b03a0d00801a,,2026-09-11T08:58:11.8767645Z,true,Boolean,3cf9f291-fc00-4b8d-93c0-9896d4305aaf,String,true,Boolean
acs:3cf9f291-fc00-4b8d-93c0-9896d4305aaf_00000022-3054-8ad7-78f0-b03a0d00801b,,2026-09-11T08:46:59.0745598Z,true,Boolean,3cf9f291-fc00-4b8d-93c0-9896d4305aaf,String,true,Boolean
acs:3cf9f291-fc00-4b8d-93c0-9896d4305aaf_00000022-3054-8bc9-78f0-b03a0d00801c,,2026-09-11T08:58:26.111083Z,true,Boolean,3cf9f291-fc00-4b8d-93c0-9896d4305aaf,String,true,Boolean
acs:3cf9f291-fc00-4b8d-93c0-9896d4305aaf_00000022-3054-8cd7-78f0-b03a0d00801d,,2026-09-11T08:54:46.4705229Z,true,Boolean,3cf9f291-fc00-4b8d-93c0-9896d4305aaf,String,true,Boolean
acs:3cf9f291-fc00-4b8d-93c0-9896d4305aaf_00000022-3054-8ddb-78f0-b03a0d00801e,,2026-09-11T08:56:03.1968763Z,true,Boolean,3cf9f291-fc00-4b8d-93c0-9896d4305aaf,String,true,Boolean
acs:3cf9f291-fc00-4b8d-93c0-9896d4305aaf_00000022-3054-8ef1-78f0-b03a0d00801f,,2026-09-11T08:58:36.373084Z,false,Boolean,3cf9f291-fc00-4b8d-93c0-9896d4305aaf,String,true,Boolean
acs:3cf9f291-fc00-4b8d-93c0-9896d4305aaf_00000022-3054-8fe7-78f0-b03a0d008020,,2026-09-11T08:56:09.3238545Z,true,Boolean,3cf9f291-fc00-4b8d-93c0-9896d4305aaf,String,true,Boolean
acs:3cf9f291-fc00-4b8d-93c0-9896d4305aaf_00000022-3054-90ef-78f0-b03a0d008021,,2026-09-11T08:52:46.6806453Z,true,Boolean,3cf9f291-fc00-4b8d-93c0-9896d4305aaf,String,true,Boolean
acs:3cf9f291-fc00-4b8d-93c0-9896d4305aaf_00000022-3054-91e0-78f0-b03a0d008022,,2026-09-11T08:57:47.8740388Z,false,Boolean,3cf9f291-fc00-4b8d-93c0-9896d4305aaf,String,true,Boolean
acs:3cf9f291-fc00-4b8d-93c0-9896d4305aaf_00000022-3054-92db-78f0-b03a0d008023,,2026-09-11T08:50:36.8296623Z,true,Boolean,3cf9f291-fc00-4b8d-93c0-9896d4305aaf,String,true,Boolean
acs:3cf9f291-fc00-4b8d-93c0-9896d4305aaf_00000022-3054-93d3-78f0-b03a0d008024,,2026-09-11T08:58:38.6143206Z,false,Boolean,3cf9f291-fc00-4b8d-93c0-9896d4305aaf,String,true,Boolean
acs:3cf9f291-fc00-4b8d-93c0-9896d4305aaf_00000022-3054-94e2-78f0-b03a0d008025,,2026-09-11T08:55:26.4325861Z,true,Boolean,3cf9f291-fc00-4b8d-93c0-9896d4305aaf,String,true,Boolean
acs:3cf9f291-fc00-4b8d-93c0-9896d4305aaf_00000022-3054-963d-78f0-b03a0d008027,,2026-09-11T08:57:42.7183992Z,true,Boolean,3cf9f291-fc00-4b8d-93c0-9896d4305aaf,String,true,Boolean
acs:3cf9f291-fc00-4b8d-93c0-9896d4305aaf_00000022-3054-9752-78f0-b03a0d008028,,2026-09-11T08:57:13.4903252Z,true,Boolean,3cf9f291-fc00-4b8d-93c0-9896d4305aaf,String,true,Boolean
acs:3cf9f291-fc00-4b8d-93c0-9896d4305aaf_00000022-3054-984f-78f0-b03a0d008029,,2026-09-11T08:57:01.8615872Z,true,Boolean,3cf9f291-fc00-4b8d-93c0-9896d4305aaf,String,true,Boolean
acs:3cf9f291-fc00-4b8d-93c0-9896d4305aaf_00000022-3054-9943-78f0-b03a0d00802b,,2026-09-11T08:57:26.7073139Z,true,Boolean,3cf9f291-fc00-4b8d-93c0-9896d4305aaf,String,true,Boolean
acs:3cf9f291-fc00-4b8d-93c0-9896d4305aaf_00000022-3054-9a55-78f0-b03a0d00802c,,2026-09-11T08:55:25.6490225Z,true,Boolean,3cf9f291-fc00-4b8d-93c0-9896d4305aaf,String,true,Boolean
acs:3cf9f291-fc00-4b8d-93c0-9896d4305aaf_00000022-3054-9b47-78f0-b03a0d00802d,,2026-09-11T08:56:53.7939045Z,true,Boolean,3cf9f291-fc00-4b8d-93c0-9896d4305aaf,String,true,Boolean
acs:3cf9f291-fc00-4b8d-93c0-9896d4305aaf_00000022-3054-9c4a-78f0-b03a0d00802e,,2026-09-11T08:58:17.5697463Z,true,Boolean,3cf9f291-fc00-4b8d-93c0-9896d4305aaf,String,true,Boolean
acs:3cf9f291-fc00-4b8d-93c0-9896d4305aaf_00000022-3054-9d41-78f0-b03a0d00802f,,2026-09-11T08:57:37.7839294Z,true,Boolean,3cf9f291-fc00-4b8d-93c0-9896d4305aaf,String,true,Boolean
acs:3cf9f291-fc00-4b8d-93c0-9896d4305aaf_00000022-3054-9e47-78f0-b03a0d008030,,2026-09-11T08:55:01.0798572Z,true,Boolean,3cf9f291-fc00-4b8d-93c0-9896d4305aaf,String,true,Boolean
acs:3cf9f291-fc00-4b8d-93c0-9896d4305aaf_00000022-3054-9f39-78f0-b03a0d008031,,2026-09-11T08:58:39.2096332Z,false,Boolean,3cf9f291-fc00-4b8d-93c0-9896d4305aaf,String,true,Boolean
acs:3cf9f291-fc00-4b8d-93c0-9896d4305aaf_00000022-3054-a037-78f0-b03a0d008032,,2026-09-11T08:56:31.759551Z,true,Boolean,3cf9f291-fc00-4b8d-93c0-9896d4305aaf,String,true,Boolean
acs:3cf9f291-fc00-4b8d-93c0-9896d4305aaf_00000022-3054-a121-78f0-b03a0d008033,,2026-09-11T08:48:37.7089012Z,true,Boolean,3cf9f291-fc00-4b8d-93c0-9896d4305aaf,String,true,Boolean
acs:3cf9f291-fc00-4b8d-93c0-9896d4305aaf_00000022-3054-a42e-669a-b23a0d007ff1,,2026-09-11T08:58:39.0930544Z,false,Boolean,3cf9f291-fc00-4b8d-93c0-9896d4305aaf,String,true,Boolean
acs:3cf9f291-fc00-4b8d-93c0-9896d4305aaf_00000022-3054-a52b-669a-b23a0d007ff2,,2026-09-11T08:58:36.9945155Z,false,Boolean,3cf9f291-fc00-4b8d-93c0-9896d4305aaf,String,true,Boolean
acs:3cf9f291-fc00-4b8d-93c0-9896d4305aaf_00000022-3054-a62c-669a-b23a0d007ff3,,2026-09-11T08:55:57.3315134Z,true,Boolean,3cf9f291-fc00-4b8d-93c0-9896d4305aaf,String,true,Boolean
acs:3cf9f291-fc00-4b8d-93c0-9896d4305aaf_00000022-3054-a72b-669a-b23a0d007ff4,,2026-09-11T08:55:51.9519265Z,true,Boolean,3cf9f291-fc00-4b8d-93c0-9896d4305aaf,String,true,Boolean
acs:3cf9f291-fc00-4b8d-93c0-9896d4305aaf_00000022-3054-a829-669a-b23a0d007ff5,,2026-09-11T08:57:37.7549465Z,true,Boolean,3cf9f291-fc00-4b8d-93c0-9896d4305aaf,String,true,Boolean
acs:3cf9f291-fc00-4b8d-93c0-9896d4305aaf_00000022-3054-a917-669a-b23a0d007ff6,,2026-09-11T08:58:29.7081529Z,true,Boolean,3cf9f291-fc00-4b8d-93c0-9896d4305aaf,String,true,Boolean
acs:3cf9f291-fc00-4b8d-93c0-9896d4305aaf_00000022-3054-aa20-669a-b23a0d007ff7,,2026-09-11T08:58:02.2279783Z,true,Boolean,3cf9f291-fc00-4b8d-93c0-9896d4305aaf,String,true,Boolean
acs:3cf9f291-fc00-4b8d-93c0-9896d4305aaf_00000022-3054-ab1a-669a-b23a0d007ff9,,2026-09-11T08:57:50.1580369Z,true,Boolean,3cf9f291-fc00-4b8d-93c0-9896d4305aaf,String,true,Boolean
acs:3cf9f291-fc00-4b8d-93c0-9896d4305aaf_00000022-3054-ac05-669a-b23a0d007ffb,,2026-09-11T08:52:59.1279389Z,true,Boolean,3cf9f291-fc00-4b8d-93c0-9896d4305aaf,String,true,Boolean
acs:3cf9f291-fc00-4b8d-93c0-9896d4305aaf_00000022-3054-ad06-669a-b23a0d007ffc,,2026-09-11T08:57:45.9274052Z,true,Boolean,3cf9f291-fc00-4b8d-93c0-9896d4305aaf,String,true,Boolean
acs:3cf9f291-fc00-4b8d-93c0-9896d4305aaf_00000022-3054-ae04-669a-b23a0d007ffd,,2026-09-11T08:57:44.0588281Z,true,Boolean,3cf9f291-fc00-4b8d-93c0-9896d4305aaf,String,true,Boolean
acs:3cf9f291-fc00-4b8d-93c0-9896d4305aaf_00000022-3054-aef2-669a-b23a0d007ffe,,2026-09-11T08:58:21.1939881Z,true,Boolean,3cf9f291-fc00-4b8d-93c0-9896d4305aaf,String,true,Boolean
acs:3cf9f291-fc00-4b8d-93c0-9896d4305aaf_00000022-3054-aff9-669a-b23a0d007fff,,2026-09-11T08:58:18.8008116Z,false,Boolean,3cf9f291-fc00-4b8d-93c0-9896d4305aaf,String,true,Boolean
acs:3cf9f291-fc00-4b8d-93c0-9896d4305aaf_00000022-3054-b101-669a-b23a0d008000,,2026-09-11T08:54:05.3928294Z,true,Boolean,3cf9f291-fc00-4b8d-93c0-9896d4305aaf,String,true,Boolean
acs:3cf9f291-fc00-4b8d-93c0-9896d4305aaf_00000022-3054-b1f8-669a-b23a0d008001,,2026-09-11T08:56:32.7333208Z,true,Boolean,3cf9f291-fc00-4b8d-93c0-9896d4305aaf,String,true,Boolean
acs:3cf9f291-fc00-4b8d-93c0-9896d4305aaf_00000022-3054-b2e7-669a-b23a0d008002,,2026-09-11T08:58:36.5310657Z,false,Boolean,3cf9f291-fc00-4b8d-93c0-9896d4305aaf,String,true,Boolean
acs:3cf9f291-fc00-4b8d-93c0-9896d4305aaf_00000022-3054-b3fc-669a-b23a0d008003,,2026-09-11T08:55:15.7762059Z,true,Boolean,3cf9f291-fc00-4b8d-93c0-9896d4305aaf,String,true,Boolean
acs:3cf9f291-fc00-4b8d-93c0-9896d4305aaf_00000022-3054-b4fd-669a-b23a0d008004,,2026-09-11T08:58:26.2070295Z,true,Boolean,3cf9f291-fc00-4b8d-93c0-9896d4305aaf,String,true,Boolean
acs:3cf9f291-fc00-4b8d-93c0-9896d4305aaf_00000022-3054-b60a-669a-b23a0d008005,,2026-09-11T08:55:15.8891429Z,true,Boolean,3cf9f291-fc00-4b8d-93c0-9896d4305aaf,String,true,Boolean
acs:3cf9f291-fc00-4b8d-93c0-9896d4305aaf_00000022-3054-b708-669a-b23a0d008006,,2026-09-11T08:50:01.4114675Z,true,Boolean,3cf9f291-fc00-4b8d-93c0-9896d4305aaf,String,true,Boolean
acs:3cf9f291-fc00-4b8d-93c0-9896d4305aaf_00000022-3054-b80a-669a-b23a0d008007,,2026-09-11T08:56:58.8794947Z,true,Boolean,3cf9f291-fc00-4b8d-93c0-9896d4305aaf,String,true,Boolean
acs:3cf9f291-fc00-4b8d-93c0-9896d4305aaf_00000022-3054-b904-669a-b23a0d008008,,2026-09-11T08:57:24.678256Z,true,Boolean,3cf9f291-fc00-4b8d-93c0-9896d4305aaf,String,true,Boolean
acs:3cf9f291-fc00-4b8d-93c0-9896d4305aaf_00000022-3054-ba05-669a-b23a0d008009,,2026-09-11T08:57:57.2231094Z,false,Boolean,3cf9f291-fc00-4b8d-93c0-9896d4305aaf,String,true,Boolean
acs:3cf9f291-fc00-4b8d-93c0-9896d4305aaf_00000022-3054-bb0c-669a-b23a0d00800a,,2026-09-11T08:56:53.81989Z,true,Boolean,3cf9f291-fc00-4b8d-93c0-9896d4305aaf,String,true,Boolean
acs:3cf9f291-fc00-4b8d-93c0-9896d4305aaf_00000022-3054-bc0e-669a-b23a0d00800c,,2026-09-11T08:58:09.1039111Z,true,Boolean,3cf9f291-fc00-4b8d-93c0-9896d4305aaf,String,true,Boolean
acs:3cf9f291-fc00-4b8d-93c0-9896d4305aaf_00000022-3054-bcfb-669a-b23a0d00800d,,2026-09-11T08:56:14.0734612Z,true,Boolean,3cf9f291-fc00-4b8d-93c0-9896d4305aaf,String,true,Boolean
acs:3cf9f291-fc00-4b8d-93c0-9896d4305aaf_00000022-3054-bdfa-669a-b23a0d00800e,,2026-09-11T08:58:34.6114526Z,true,Boolean,3cf9f291-fc00-4b8d-93c0-9896d4305aaf,String,true,Boolean
acs:3cf9f291-fc00-4b8d-93c0-9896d4305aaf_00000022-3054-bf13-669a-b23a0d00800f,,2026-09-11T08:55:20.4189129Z,true,Boolean,3cf9f291-fc00-4b8d-93c0-9896d4305aaf,String,true,Boolean
acs:3cf9f291-fc00-4b8d-93c0-9896d4305aaf_00000022-3054-c0c7-669a-b23a0d008010,,2026-09-11T08:57:33.6601385Z,true,Boolean,3cf9f291-fc00-4b8d-93c0-9896d4305aaf,String,true,Boolean
acs:3cf9f291-fc00-4b8d-93c0-9896d4305aaf_00000022-3054-c1be-669a-b23a0d008011,,2026-09-11T08:50:28.5742533Z,true,Boolean,3cf9f291-fc00-4b8d-93c0-9896d4305aaf,String,true,Boolean
acs:3cf9f291-fc00-4b8d-93c0-9896d4305aaf_00000022-3054-c2a9-669a-b23a0d008014,,2026-09-11T08:56:32.4711547Z,true,Boolean,3cf9f291-fc00-4b8d-93c0-9896d4305aaf,String,true,Boolean
acs:3cf9f291-fc00-4b8d-93c0-9896d4305aaf_00000022-3054-c39b-669a-b23a0d008015,,2026-09-11T08:47:54.1576532Z,true,Boolean,3cf9f291-fc00-4b8d-93c0-9896d4305aaf,String,true,Boolean
acs:3cf9f291-fc00-4b8d-93c0-9896d4305aaf_00000022-3054-c495-669a-b23a0d008016,,2026-09-11T08:54:55.1415379Z,true,Boolean,3cf9f291-fc00-4b8d-93c0-9896d4305aaf,String,true,Boolean
acs:3cf9f291-fc00-4b8d-93c0-9896d4305aaf_00000022-3054-c58c-669a-b23a0d008017,,2026-09-11T08:55:57.5623841Z,true,Boolean,3cf9f291-fc00-4b8d-93c0-9896d4305aaf,String,true,Boolean
acs:3cf9f291-fc00-4b8d-93c0-9896d4305aaf_00000022-3054-c67d-669a-b23a0d008018,,2026-09-11T08:54:05.5617351Z,true,Boolean,3cf9f291-fc00-4b8d-93c0-9896d4305aaf,String,true,Boolean
acs:3cf9f291-fc00-4b8d-93c0-9896d4305aaf_00000022-3054-c77d-669a-b23a0d008019,,2026-09-11T08:48:18.2810485Z,true,Boolean,3cf9f291-fc00-4b8d-93c0-9896d4305aaf,String,true,Boolean
acs:3cf9f291-fc00-4b8d-93c0-9896d4305aaf_00000022-3054-c882-669a-b23a0d00801a,,2026-09-11T08:56:23.70098Z,true,Boolean,3cf9f291-fc00-4b8d-93c0-9896d4305aaf,String,true,Boolean
acs:3cf9f291-fc00-4b8d-93c0-9896d4305aaf_00000022-3054-c981-669a-b23a0d00801b,,2026-09-11T08:54:38.2340891Z,true,Boolean,3cf9f291-fc00-4b8d-93c0-9896d4305aaf,String,true,Boolean
acs:3cf9f291-fc00-4b8d-93c0-9896d4305aaf_00000022-3054-ca81-669a-b23a0d00801c,,2026-09-11T08:56:40.7731312Z,true,Boolean,3cf9f291-fc00-4b8d-93c0-9896d4305aaf,String,true,Boolean
acs:3cf9f291-fc00-4b8d-93c0-9896d4305aaf_00000022-3054-cb7b-669a-b23a0d00801d,,2026-09-11T08:51:42.2216631Z,true,Boolean,3cf9f291-fc00-4b8d-93c0-9896d4305aaf,String,true,Boolean
acs:3cf9f291-fc00-4b8d-93c0-9896d4305aaf_00000022-3054-cc86-669a-b23a0d00801f,,2026-09-11T08:57:28.7104536Z,true,Boolean,3cf9f291-fc00-4b8d-93c0-9896d4305aaf,String,true,Boolean
acs:3cf9f291-fc00-4b8d-93c0-9896d4305aaf_00000022-3054-cd95-669a-b23a0d008020,,2026-09-11T08:54:11.8924179Z,true,Boolean,3cf9f291-fc00-4b8d-93c0-9896d4305aaf,String,true,Boolean
acs:3cf9f291-fc00-4b8d-93c0-9896d4305aaf_00000022-3054-ce87-669a-b23a0d008023,,2026-09-11T08:58:30.7208118Z,false,Boolean,3cf9f291-fc00-4b8d-93c0-9896d4305aaf,String,true,Boolean
acs:3cf9f291-fc00-4b8d-93c0-9896d4305aaf_00000022-3054-cf79-669a-b23a0d008024,,2026-09-11T08:55:23.99745Z,true,Boolean,3cf9f291-fc00-4b8d-93c0-9896d4305aaf,String,true,Boolean
acs:3cf9f291-fc00-4b8d-93c0-9896d4305aaf_00000022-3054-d07c-669a-b23a0d008026,,2026-09-11T08:51:10.873525Z,true,Boolean,3cf9f291-fc00-4b8d-93c0-9896d4305aaf,String,true,Boolean
acs:3cf9f291-fc00-4b8d-93c0-9896d4305aaf_00000022-3054-d210-669a-b23a0d008028,,2026-09-11T08:58:32.6480273Z,true,Boolean,3cf9f291-fc00-4b8d-93c0-9896d4305aaf,String,true,Boolean
acs:3cf9f291-fc00-4b8d-93c0-9896d4305aaf_00000022-3054-d30b-669a-b23a0d008029,,2026-09-11T08:43:23.3087157Z,true,Boolean,3cf9f291-fc00-4b8d-93c0-9896d4305aaf,String,true,Boolean
acs:3cf9f291-fc00-4b8d-93c0-9896d4305aaf_00000022-3054-d40f-669a-b23a0d00802a,,2026-09-11T08:54:04.0693185Z,true,Boolean,3cf9f291-fc00-4b8d-93c0-9896d4305aaf,String,true,Boolean
acs:3cf9f291-fc00-4b8d-93c0-9896d4305aaf_00000022-3054-d4f6-669a-b23a0d00802b,,2026-09-11T08:53:10.2656487Z,true,Boolean,3cf9f291-fc00-4b8d-93c0-9896d4305aaf,String,true,Boolean
acs:3cf9f291-fc00-4b8d-93c0-9896d4305aaf_00000022-3054-d5ff-669a-b23a0d00802c,,2026-09-11T08:47:03.6538362Z,true,Boolean,3cf9f291-fc00-4b8d-93c0-9896d4305aaf,String,true,Boolean
acs:3cf9f291-fc00-4b8d-93c0-9896d4305aaf_00000022-3054-d6fe-669a-b23a0d00802d,,2026-09-11T08:58:24.2128779Z,true,Boolean,3cf9f291-fc00-4b8d-93c0-9896d4305aaf,String,true,Boolean
acs:3cf9f291-fc00-4b8d-93c0-9896d4305aaf_00000022-3054-d800-669a-b23a0d00802e,,2026-09-11T08:58:19.6498832Z,false,Boolean,3cf9f291-fc00-4b8d-93c0-9896d4305aaf,String,true,Boolean
acs:3cf9f291-fc00-4b8d-93c0-9896d4305aaf_00000022-3054-d8e9-669a-b23a0d00802f,,2026-09-11T08:58:35.6674772Z,false,Boolean,3cf9f291-fc00-4b8d-93c0-9896d4305aaf,String,true,Boolean
acs:3cf9f291-fc00-4b8d-93c0-9896d4305aaf_00000022-3054-d9f7-669a-b23a0d008030,,2026-09-11T08:56:36.8107785Z,true,Boolean,3cf9f291-fc00-4b8d-93c0-9896d4305aaf,String,true,Boolean
acs:3cf9f291-fc00-4b8d-93c0-9896d4305aaf_00000022-3054-dae3-669a-b23a0d008031,,2026-09-11T08:52:00.7747062Z,true,Boolean,3cf9f291-fc00-4b8d-93c0-9896d4305aaf,String,true,Boolean
acs:3cf9f291-fc00-4b8d-93c0-9896d4305aaf_00000022-3054-dbdf-669a-b23a0d008032,,2026-09-11T08:58:40.8756564Z,false,Boolean,3cf9f291-fc00-4b8d-93c0-9896d4305aaf,String,true,Boolean
acs:3cf9f291-fc00-4b8d-93c0-9896d4305aaf_00000022-3054-dcd7-669a-b23a0d008033,,2026-09-11T08:56:16.9574394Z,true,Boolean,3cf9f291-fc00-4b8d-93c0-9896d4305aaf,String,true,Boolean
acs:3cf9f291-fc00-4b8d-93c0-9896d4305aaf_00000022-3054-ddd0-669a-b23a0d008034,,2026-09-11T08:57:03.284069Z,false,Boolean,3cf9f291-fc00-4b8d-93c0-9896d4305aaf,String,true,Boolean
acs:3cf9f291-fc00-4b8d-93c0-9896d4305aaf_00000022-3054-ded2-669a-b23a0d008035,,2026-09-11T08:58:31.2989299Z,true,Boolean,3cf9f291-fc00-4b8d-93c0-9896d4305aaf,String,true,Boolean
acs:3cf9f291-fc00-4b8d-93c0-9896d4305aaf_00000022-3054-dfd5-669a-b23a0d008036,,2026-09-11T08:58:27.6667591Z,true,Boolean,3cf9f291-fc00-4b8d-93c0-9896d4305aaf,String,true,Boolean
acs:3cf9f291-fc00-4b8d-93c0-9896d4305aaf_00000022-3054-e0c1-669a-b23a0d008037,,2026-09-11T08:48:06.0461963Z,true,Boolean,3cf9f291-fc00-4b8d-93c0-9896d4305aaf,String,true,Boolean
acs:3cf9f291-fc00-4b8d-93c0-9896d4305aaf_00000022-3054-e1cb-669a-b23a0d008038,,2026-09-11T08:57:30.5763272Z,true,Boolean,3cf9f291-fc00-4b8d-93c0-9896d4305aaf,String,true,Boolean
acs:3cf9f291-fc00-4b8d-93c0-9896d4305aaf_00000029-40f5-8685-a791-b23a0d00c753,6023bda0-33c5-47cb-b9d1-4534fd164231,2026-09-11T08:54:45.9648046Z,false,Boolean,3cf9f291-fc00-4b8d-93c0-9896d4305aaf,String,true,Boolean
acs:3cf9f291-fc00-4b8d-93c0-9896d4305aaf_00000029-40f5-8769-a791-b23a0d00c754,be4eb14f-0a84-4dbe-b034-00f122ecc7f4,2026-09-11T08:57:15.1405981Z,false,Boolean,3cf9f291-fc00-4b8d-93c0-9896d4305aaf,String,true,Boolean
acs:3cf9f291-fc00-4b8d-93c0-9896d4305aaf_00000029-40f5-8838-a791-b23a0d00c755,fd27e22b-6a27-4fa4-a3ff-91566ef5235d,2026-09-11T08:48:54.0043847Z,false,Boolean,3cf9f291-fc00-4b8d-93c0-9896d4305aaf,String,true,Boolean
acs:3cf9f291-fc00-4b8d-93c0-9896d4305aaf_00000029-40f5-8acd-a791-b23a0d00c756,cdeafa86-a386-44aa-88a9-eb78d3fc042a,2026-09-11T08:56:41.3078324Z,false,Boolean,3cf9f291-fc00-4b8d-93c0-9896d4305aaf,String,true,Boolean
acs:3cf9f291-fc00-4b8d-93c0-9896d4305aaf_00000029-40f5-8b9b-a791-b23a0d00c757,52d453f3-87e5-4ed3-8105-ab3e6e957fdf,2026-09-11T08:36:16.3332776Z,false,Boolean,3cf9f291-fc00-4b8d-93c0-9896d4305aaf,String,true,Boolean
acs:3cf9f291-fc00-4b8d-93c0-9896d4305aaf_00000029-40f5-8c6a-a791-b23a0d00c758,f9113a50-2515-4b40-a523-524dd2a56c5c,2026-09-11T08:57:05.4371148Z,false,Boolean,3cf9f291-fc00-4b8d-93c0-9896d4305aaf,String,true,Boolean
acs:3cf9f291-fc00-4b8d-93c0-9896d4305aaf_00000029-40f5-8d37-a791-b23a0d00c759,a282fdbf-cc86-4626-81c8-4b15638c669c,2026-09-11T08:38:52.5492598Z,false,Boolean,3cf9f291-fc00-4b8d-93c0-9896d4305aaf,String,true,Boolean
acs:3cf9f291-fc00-4b8d-93c0-9896d4305aaf_00000029-40f5-8fd6-a791-b23a0d00c75a,4b996493-8750-41b8-9c9f-855c669eb903,2026-09-11T08:45:36.6328761Z,false,Boolean,3cf9f291-fc00-4b8d-93c0-9896d4305aaf,String,true,Boolean
acs:3cf9f291-fc00-4b8d-93c0-9896d4305aaf_00000029-40f5-90a1-a791-b23a0d00c75b,fc329c3e-6ec4-4bf7-b7f8-f20ab0855ebb,2026-09-11T08:42:04.4778441Z,false,Boolean,3cf9f291-fc00-4b8d-93c0-9896d4305aaf,String,true,Boolean
acs:3cf9f291-fc00-4b8d-93c0-9896d4305aaf_00000029-40f5-916f-a791-b23a0d00c75c,76da0cec-a222-4072-9ea5-ed1ae5f18488,2026-09-11T08:39:52.9222408Z,false,Boolean,3cf9f291-fc00-4b8d-93c0-9896d4305aaf,String,true,Boolean
acs:3cf9f291-fc00-4b8d-93c0-9896d4305aaf_00000029-40f5-9243-a791-b23a0d00c75d,80f1e0d7-aa93-4792-ab03-a9649409c895,2026-09-11T08:44:53.5581992Z,false,Boolean,3cf9f291-fc00-4b8d-93c0-9896d4305aaf,String,true,Boolean
acs:3cf9f291-fc00-4b8d-93c0-9896d4305aaf_00000029-40f5-9319-a791-b23a0d00c75e,5c5f62f9-515a-433e-a24e-9959a8b2d240,2026-09-11T08:55:32.1961434Z,false,Boolean,3cf9f291-fc00-4b8d-93c0-9896d4305aaf,String,true,Boolean
acs:3cf9f291-fc00-4b8d-93c0-9896d4305aaf_00000029-40f5-93ea-a791-b23a0d00c75f,70a3ee61-dff1-44f7-91f5-81885b1b5920,2026-09-11T08:53:30.7783699Z,false,Boolean,3cf9f291-fc00-4b8d-93c0-9896d4305aaf,String,true,Boolean
acs:3cf9f291-fc00-4b8d-93c0-9896d4305aaf_00000029-40f5-94b8-a791-b23a0d00c760,f5912406-4e18-4027-bbd3-a9f49514c86e,2026-09-11T08:49:45.5897258Z,false,Boolean,3cf9f291-fc00-4b8d-93c0-9896d4305aaf,String,true,Boolean
acs:3cf9f291-fc00-4b8d-93c0-9896d4305aaf_00000029-40f5-9585-a791-b23a0d00c762,abb16a45-82ac-4850-b867-b9a11a993a52,2026-09-11T08:41:51.8303266Z,false,Boolean,3cf9f291-fc00-4b8d-93c0-9896d4305aaf,String,true,Boolean
acs:3cf9f291-fc00-4b8d-93c0-9896d4305aaf_00000029-40f5-9654-a791-b23a0d00c764,784ba8f6-3a28-4b8e-bb99-105439662a0f,2026-09-11T08:56:05.8298903Z,false,Boolean,3cf9f291-fc00-4b8d-93c0-9896d4305aaf,String,true,Boolean
acs:3cf9f291-fc00-4b8d-93c0-9896d4305aaf_00000029-40f5-9727-a791-b23a0d00c766,a0388614-c776-4303-ad75-d43bee74d525,2026-09-11T08:50:24.3907418Z,false,Boolean,3cf9f291-fc00-4b8d-93c0-9896d4305aaf,String,true,Boolean
acs:3cf9f291-fc00-4b8d-93c0-9896d4305aaf_00000029-40f5-97f4-a791-b23a0d00c767,c709526e-3f32-429f-a6cf-452ae6b72926,2026-09-11T08:47:03.1715469Z,false,Boolean,3cf9f291-fc00-4b8d-93c0-9896d4305aaf,String,true,Boolean
acs:3cf9f291-fc00-4b8d-93c0-9896d4305aaf_00000029-40f5-98c2-a791-b23a0d00c769,552a819b-6b8c-41e4-acaf-4f506305b6e9,2026-09-11T08:43:23.5515798Z,false,Boolean,3cf9f291-fc00-4b8d-93c0-9896d4305aaf,String,true,Boolean
acs:3cf9f291-fc00-4b8d-93c0-9896d4305aaf_00000029-40f5-9992-a791-b23a0d00c76a,1ed36ebf-ae18-45ca-b7d1-38612f137c46,2026-09-11T08:54:53.2912589Z,false,Boolean,3cf9f291-fc00-4b8d-93c0-9896d4305aaf,String,true,Boolean
acs:3cf9f291-fc00-4b8d-93c0-9896d4305aaf_00000029-40f5-9a61-a791-b23a0d00c76b,d3d3ad15-8bc3-49cd-a4c2-58f106f94fb7,2026-09-11T08:57:11.4511872Z,false,Boolean,3cf9f291-fc00-4b8d-93c0-9896d4305aaf,String,true,Boolean
acs:3cf9f291-fc00-4b8d-93c0-9896d4305aaf_00000029-40f5-9b30-a791-b23a0d00c76c,05547314-0b47-4c1f-8c0c-c8b102134742,2026-09-11T08:40:31.5839274Z,false,Boolean,3cf9f291-fc00-4b8d-93c0-9896d4305aaf,String,true,Boolean
acs:3cf9f291-fc00-4b8d-93c0-9896d4305aaf_00000029-40f5-9c00-a791-b23a0d00c76e,30c52804-a685-46a4-a036-40a895c92c29,2026-09-11T08:58:17.6017274Z,false,Boolean,3cf9f291-fc00-4b8d-93c0-9896d4305aaf,String,true,Boolean
acs:3cf9f291-fc00-4b8d-93c0-9896d4305aaf_00000029-40f5-9ccc-a791-b23a0d00c76f,12982c03-b9bf-4472-b1db-91fe66c00ca9,2026-09-11T08:32:29.9564814Z,false,Boolean,3cf9f291-fc00-4b8d-93c0-9896d4305aaf,String,true,Boolean
acs:3cf9f291-fc00-4b8d-93c0-9896d4305aaf_00000029-40f5-9d9a-a791-b23a0d00c770,a941e19f-28c3-4c00-a10f-cb312d9b3b24,2026-09-11T08:52:50.7118414Z,false,Boolean,3cf9f291-fc00-4b8d-93c0-9896d4305aaf,String,true,Boolean
acs:3cf9f291-fc00-4b8d-93c0-9896d4305aaf_00000029-40f5-9e6a-a791-b23a0d00c771,fd52175f-7bed-498a-a92e-9f01fd093d9c,2026-09-11T08:40:02.1892083Z,false,Boolean,3cf9f291-fc00-4b8d-93c0-9896d4305aaf,String,true,Boolean
acs:3cf9f291-fc00-4b8d-93c0-9896d4305aaf_00000029-40f5-9f3b-a791-b23a0d00c772,d26d77e8-2dcb-4948-b0fa-ac52736ae034,2026-09-11T08:51:55.0570989Z,false,Boolean,3cf9f291-fc00-4b8d-93c0-9896d4305aaf,String,true,Boolean
acs:3cf9f291-fc00-4b8d-93c0-9896d4305aaf_00000029-40f5-a008-a791-b23a0d00c773,d9e07c86-8d47-43d5-98e1-3cd21efbcfab,2026-09-11T08:57:41.5432887Z,false,Boolean,3cf9f291-fc00-4b8d-93c0-9896d4305aaf,String,true,Boolean
acs:3cf9f291-fc00-4b8d-93c0-9896d4305aaf_00000029-40f5-a0d7-a791-b23a0d00c774,935c9344-ac9f-4466-9c21-fbd4353a9419,2026-09-11T08:57:46.9904423Z,false,Boolean,3cf9f291-fc00-4b8d-93c0-9896d4305aaf,String,true,Boolean
acs:3cf9f291-fc00-4b8d-93c0-9896d4305aaf_00000029-40f5-a1a3-a791-b23a0d00c775,b109958e-f0c9-4c07-b8a5-9f934d98baf4,2026-09-11T08:40:14.1441047Z,false,Boolean,3cf9f291-fc00-4b8d-93c0-9896d4305aaf,String,true,Boolean
acs:3cf9f291-fc00-4b8d-93c0-9896d4305aaf_00000029-40f5-a2b7-ff90-b23a0d00c0c0,5f02893d-f3cb-4721-84d6-993b656c67ef,2026-09-11T08:43:43.1192619Z,false,Boolean,3cf9f291-fc00-4b8d-93c0-9896d4305aaf,String,true,Boolean
acs:3cf9f291-fc00-4b8d-93c0-9896d4305aaf_00000029-40f5-a381-ff90-b23a0d00c0c1,e969787d-b8f2-4a0c-8e53-dac0ef567233,2026-09-11T08:39:13.6508128Z,false,Boolean,3cf9f291-fc00-4b8d-93c0-9896d4305aaf,String,true,Boolean
acs:3cf9f291-fc00-4b8d-93c0-9896d4305aaf_00000029-40f5-a44a-ff90-b23a0d00c0c2,2093687c-e74b-428f-b7ac-565af046c4e4,2026-09-11T08:52:17.2986087Z,false,Boolean,3cf9f291-fc00-4b8d-93c0-9896d4305aaf,String,true,Boolean
acs:3cf9f291-fc00-4b8d-93c0-9896d4305aaf_00000029-40f5-a511-ff90-b23a0d00c0c3,4d926250-9219-4808-8f76-0701095ebfb4,2026-09-11T08:54:17.2285013Z,false,Boolean,3cf9f291-fc00-4b8d-93c0-9896d4305aaf,String,true,Boolean
acs:3cf9f291-fc00-4b8d-93c0-9896d4305aaf_00000029-40f5-a5db-ff90-b23a0d00c0c4,0c02efbc-0cb1-4db1-a23c-8ff4bfb4f208,2026-09-11T08:50:06.7257226Z,false,Boolean,3cf9f291-fc00-4b8d-93c0-9896d4305aaf,String,true,Boolean
acs:3cf9f291-fc00-4b8d-93c0-9896d4305aaf_00000029-40f5-a6a8-ff90-b23a0d00c0c5,327bf8c5-5556-4459-aef0-fbaf3a8f861a,2026-09-11T08:57:59.9175029Z,false,Boolean,3cf9f291-fc00-4b8d-93c0-9896d4305aaf,String,true,Boolean
acs:3cf9f291-fc00-4b8d-93c0-9896d4305aaf_00000029-40f5-a773-ff90-b23a0d00c0c6,585c7ae6-a835-4756-8c32-da6ca924b316,2026-09-11T08:42:38.7361316Z,false,Boolean,3cf9f291-fc00-4b8d-93c0-9896d4305aaf,String,true,Boolean
acs:3cf9f291-fc00-4b8d-93c0-9896d4305aaf_00000029-40f5-a83e-ff90-b23a0d00c0c8,0d15e958-b29c-4fb6-abad-1cfd975ca149,2026-09-11T08:57:11.8719532Z,false,Boolean,3cf9f291-fc00-4b8d-93c0-9896d4305aaf,String,true,Boolean
acs:3cf9f291-fc00-4b8d-93c0-9896d4305aaf_00000029-40f5-a90b-ff90-b23a0d00c0c9,352b30bc-2ee0-42b9-93e2-b83f497460d0,2026-09-11T08:57:02.6241617Z,false,Boolean,3cf9f291-fc00-4b8d-93c0-9896d4305aaf,String,true,Boolean
acs:3cf9f291-fc00-4b8d-93c0-9896d4305aaf_00000029-40f5-a9e7-ff90-b23a0d00c0ca,daa9cfc4-7743-420e-a05a-76ca7a6c7fad,2026-09-11T08:48:55.3888869Z,false,Boolean,3cf9f291-fc00-4b8d-93c0-9896d4305aaf,String,true,Boolean
acs:3cf9f291-fc00-4b8d-93c0-9896d4305aaf_00000029-40f5-aab2-ff90-b23a0d00c0cb,889d4547-736e-4b2f-87b3-4caa2edcfe4f,2026-09-11T08:43:43.7818928Z,false,Boolean,3cf9f291-fc00-4b8d-93c0-9896d4305aaf,String,true,Boolean
acs:3cf9f291-fc00-4b8d-93c0-9896d4305aaf_00000029-40f5-ab81-ff90-b23a0d00c0cc,5f1f45e1-c623-4b90-acb2-2f0401795809,2026-09-11T08:54:39.2221288Z,false,Boolean,3cf9f291-fc00-4b8d-93c0-9896d4305aaf,String,true,Boolean
acs:3cf9f291-fc00-4b8d-93c0-9896d4305aaf_00000029-40f5-ac4c-ff90-b23a0d00c0cd,0e168926-b12f-422a-b937-424104b4c423,2026-09-11T08:48:28.0938754Z,false,Boolean,3cf9f291-fc00-4b8d-93c0-9896d4305aaf,String,true,Boolean
acs:3cf9f291-fc00-4b8d-93c0-9896d4305aaf_00000029-40f5-ad19-ff90-b23a0d00c0ce,f0fae869-e459-4c47-87a5-ca5771b83538,2026-09-11T08:33:43.9049261Z,false,Boolean,3cf9f291-fc00-4b8d-93c0-9896d4305aaf,String,true,Boolean
acs:3cf9f291-fc00-4b8d-93c0-9896d4305aaf_00000029-40f5-ade1-ff90-b23a0d00c0cf,fec0d604-3ef5-4e6a-9a01-9ea3bb75c7d9,2026-09-11T08:44:54.6044469Z,false,Boolean,3cf9f291-fc00-4b8d-93c0-9896d4305aaf,String,true,Boolean
acs:3cf9f291-fc00-4b8d-93c0-9896d4305aaf_00000029-40f5-aea9-ff90-b23a0d00c0d0,f13a07a3-bacf-40ec-a14a-12ffb47e9944,2026-09-11T08:57:16.4091151Z,false,Boolean,3cf9f291-fc00-4b8d-93c0-9896d4305aaf,String,true,Boolean
acs:3cf9f291-fc00-4b8d-93c0-9896d4305aaf_00000029-40f5-af71-ff90-b23a0d00c0d1,20411d6e-8543-4195-a8c0-c4c7abf9d605,2026-09-11T08:45:03.910343Z,false,Boolean,3cf9f291-fc00-4b8d-93c0-9896d4305aaf,String,true,Boolean
acs:3cf9f291-fc00-4b8d-93c0-9896d4305aaf_00000029-40f5-b03d-ff90-b23a0d00c0d2,1b08140c-7a29-4e05-8264-9bf40f45714a,2026-09-11T08:46:21.1408078Z,false,Boolean,3cf9f291-fc00-4b8d-93c0-9896d4305aaf,String,true,Boolean
acs:3cf9f291-fc00-4b8d-93c0-9896d4305aaf_00000029-40f5-b107-ff90-b23a0d00c0d3,166187d6-44ed-478d-8769-c822778d8a94,2026-09-11T08:51:40.9246095Z,false,Boolean,3cf9f291-fc00-4b8d-93c0-9896d4305aaf,String,true,Boolean
acs:3cf9f291-fc00-4b8d-93c0-9896d4305aaf_00000029-40f5-b1d1-ff90-b23a0d00c0d4,d7de3a09-60a7-4400-b730-f403db81ae29,2026-09-11T08:43:52.0891259Z,false,Boolean,3cf9f291-fc00-4b8d-93c0-9896d4305aaf,String,true,Boolean
acs:3cf9f291-fc00-4b8d-93c0-9896d4305aaf_00000029-40f5-b29d-ff90-b23a0d00c0d5,ad159d2a-5290-408a-9d57-c688ba9e3f3f,2026-09-11T08:48:14.0510425Z,false,Boolean,3cf9f291-fc00-4b8d-93c0-9896d4305aaf,String,true,Boolean
acs:3cf9f291-fc00-4b8d-93c0-9896d4305aaf_00000029-40f5-b369-ff90-b23a0d00c0d6,2568ac87-36d7-49af-bc82-cc2e21261aba,2026-09-11T08:56:40.6336618Z,false,Boolean,3cf9f291-fc00-4b8d-93c0-9896d4305aaf,String,true,Boolean
acs:3cf9f291-fc00-4b8d-93c0-9896d4305aaf_00000029-40f5-b433-ff90-b23a0d00c0d7,6d3ad312-e519-43b8-a4eb-c9fc1bfcc7a0,2026-09-11T08:48:29.1422907Z,false,Boolean,3cf9f291-fc00-4b8d-93c0-9896d4305aaf,String,true,Boolean
acs:3cf9f291-fc00-4b8d-93c0-9896d4305aaf_00000029-40f5-b4fe-ff90-b23a0d00c0d8,23f74e14-7eeb-408d-bad7-3b121c547736,2026-09-11T08:57:03.0422051Z,false,Boolean,3cf9f291-fc00-4b8d-93c0-9896d4305aaf,String,true,Boolean
acs:3cf9f291-fc00-4b8d-93c0-9896d4305aaf_00000029-40f5-b5cc-ff90-b23a0d00c0d9,4e398f0d-a982-4232-84c5-8ae480d08590,2026-09-11T08:39:09.9733002Z,false,Boolean,3cf9f291-fc00-4b8d-93c0-9896d4305aaf,String,true,Boolean
acs:3cf9f291-fc00-4b8d-93c0-9896d4305aaf_00000029-40f5-b697-ff90-b23a0d00c0da,9b979d1b-9fd4-4e38-9c63-d3c43517f4af,2026-09-11T08:47:08.044641Z,false,Boolean,3cf9f291-fc00-4b8d-93c0-9896d4305aaf,String,true,Boolean
acs:3cf9f291-fc00-4b8d-93c0-9896d4305aaf_00000029-40f5-b761-ff90-b23a0d00c0dc,831e908e-3692-4169-8b74-8895d31a4254,2026-09-11T08:30:30.1784971Z,false,Boolean,3cf9f291-fc00-4b8d-93c0-9896d4305aaf,String,true,Boolean
acs:3cf9f291-fc00-4b8d-93c0-9896d4305aaf_00000029-40f5-b830-ff90-b23a0d00c0dd,1b056fa3-54cf-4db9-bc3e-4b26a8bedf34,2026-09-11T08:40:35.2430758Z,false,Boolean,3cf9f291-fc00-4b8d-93c0-9896d4305aaf,String,true,Boolean
acs:3cf9f291-fc00-4b8d-93c0-9896d4305aaf_00000029-40f5-b8fb-ff90-b23a0d00c0de,e018d9fb-661d-4394-9c26-4470eb093645,2026-09-11T08:46:53.4250366Z,false,Boolean,3cf9f291-fc00-4b8d-93c0-9896d4305aaf,String,true,Boolean
acs:3cf9f291-fc00-4b8d-93c0-9896d4305aaf_00000029-40f5-b9c7-ff90-b23a0d00c0df,1baf1597-4102-468a-94f5-5c246d7de4d1,2026-09-11T08:54:40.5276193Z,false,Boolean,3cf9f291-fc00-4b8d-93c0-9896d4305aaf,String,true,Boolean
acs:3cf9f291-fc00-4b8d-93c0-9896d4305aaf_00000029-40f5-ba91-ff90-b23a0d00c0e0,998676dc-e67b-43d3-9d6a-c6f31af5a404,2026-09-11T08:54:08.2586509Z,false,Boolean,3cf9f291-fc00-4b8d-93c0-9896d4305aaf,String,true,Boolean
acs:3cf9f291-fc00-4b8d-93c0-9896d4305aaf_00000029-40f5-bb5f-ff90-b23a0d00c0e2,d7bccb2b-7eda-4fb4-b916-eb8371626d42,2026-09-11T08:48:11.1675659Z,false,Boolean,3cf9f291-fc00-4b8d-93c0-9896d4305aaf,String,true,Boolean
acs:3cf9f291-fc00-4b8d-93c0-9896d4305aaf_00000029-40f5-bc29-ff90-b23a0d00c0e4,36f192a7-d29a-4d53-a71b-0d199b48b669,2026-09-11T08:30:35.8863244Z,false,Boolean,3cf9f291-fc00-4b8d-93c0-9896d4305aaf,String,true,Boolean
acs:3cf9f291-fc00-4b8d-93c0-9896d4305aaf_00000029-40f5-bcf4-ff90-b23a0d00c0e5,10c89cc1-bee8-4a26-9e60-7501e4e93e7d,2026-09-11T08:51:44.3004926Z,false,Boolean,3cf9f291-fc00-4b8d-93c0-9896d4305aaf,String,true,Boolean
acs:3cf9f291-fc00-4b8d-93c0-9896d4305aaf_00000029-40f5-bdc0-ff90-b23a0d00c0e7,19ed53e2-e22a-413a-8470-56d478cde1fb,2026-09-11T08:49:22.6332859Z,false,Boolean,3cf9f291-fc00-4b8d-93c0-9896d4305aaf,String,true,Boolean
acs:3cf9f291-fc00-4b8d-93c0-9896d4305aaf_00000029-40f5-be8d-ff90-b23a0d00c0e8,4ff9fb17-a0b5-44d3-b2e7-2f41eaf2e550,2026-09-11T08:58:27.9815838Z,false,Boolean,3cf9f291-fc00-4b8d-93c0-9896d4305aaf,String,true,Boolean
acs:3cf9f291-fc00-4b8d-93c0-9896d4305aaf_00000029-40f5-bf56-ff90-b23a0d00c0e9,85b29d1e-6c4d-44df-a1b2-1ba9bf81de5c,2026-09-11T08:51:41.4203333Z,false,Boolean,3cf9f291-fc00-4b8d-93c0-9896d4305aaf,String,true,Boolean
acs:3cf9f291-fc00-4b8d-93c0-9896d4305aaf_00000029-40f5-c020-ff90-b23a0d00c0ea,171b5cac-cc78-40d8-a72b-c41b2fad4b9d,2026-09-11T08:44:39.2880984Z,false,Boolean,3cf9f291-fc00-4b8d-93c0-9896d4305aaf,String,true,Boolean
acs:3cf9f291-fc00-4b8d-93c0-9896d4305aaf_00000029-40f5-c0ea-ff90-b23a0d00c0eb,7892e94e-2c24-49d9-aed4-aa730fe23a34,2026-09-11T08:54:42.8741789Z,false,Boolean,3cf9f291-fc00-4b8d-93c0-9896d4305aaf,String,true,Boolean
acs:3cf9f291-fc00-4b8d-93c0-9896d4305aaf_00000029-40f5-c1b7-ff90-b23a0d00c0ec,9ca5206b-5716-47d5-b771-04cea1c2c6a1,2026-09-11T08:58:35.5935181Z,false,Boolean,3cf9f291-fc00-4b8d-93c0-9896d4305aaf,String,true,Boolean
acs:3cf9f291-fc00-4b8d-93c0-9896d4305aaf_00000029-40f5-c32c-fda3-b63a0d00c997,4767d3f4-6d4a-45f5-88fb-929c0093fe77,2026-09-11T08:52:05.5123079Z,false,Boolean,3cf9f291-fc00-4b8d-93c0-9896d4305aaf,String,true,Boolean
acs:3cf9f291-fc00-4b8d-93c0-9896d4305aaf_00000029-40f5-c3f9-fda3-b63a0d00c998,e2065083-0a07-4fb2-ab8a-c792dc145e15,2026-09-11T08:52:28.6762889Z,false,Boolean,3cf9f291-fc00-4b8d-93c0-9896d4305aaf,String,true,Boolean
acs:3cf9f291-fc00-4b8d-93c0-9896d4305aaf_00000029-40f5-c4c4-fda3-b63a0d00c999,8e533b11-0616-4d40-a7f0-cccc25c13ef3,2026-09-11T08:47:00.2819767Z,false,Boolean,3cf9f291-fc00-4b8d-93c0-9896d4305aaf,String,true,Boolean
acs:3cf9f291-fc00-4b8d-93c0-9896d4305aaf_00000029-40f5-c58c-fda3-b63a0d00c99a,3b3fd015-58f2-4f85-af85-4b285bf421ec,2026-09-11T08:42:37.6431023Z,false,Boolean,3cf9f291-fc00-4b8d-93c0-9896d4305aaf,String,true,Boolean
acs:3cf9f291-fc00-4b8d-93c0-9896d4305aaf_00000029-40f5-c656-fda3-b63a0d00c99b,a3b4db16-d759-448b-87cc-d803e3f3fa1a,2026-09-11T08:37:31.6302685Z,false,Boolean,3cf9f291-fc00-4b8d-93c0-9896d4305aaf,String,true,Boolean
acs:3cf9f291-fc00-4b8d-93c0-9896d4305aaf_00000029-40f5-c725-fda3-b63a0d00c99c,7b575e27-67e0-49b8-b956-061549edbfdc,2026-09-11T08:58:26.6038088Z,false,Boolean,3cf9f291-fc00-4b8d-93c0-9896d4305aaf,String,true,Boolean
acs:3cf9f291-fc00-4b8d-93c0-9896d4305aaf_00000029-40f5-c801-fda3-b63a0d00c99d,dd8575c8-1f0c-498b-ad6e-3478f7ed81fe,2026-09-11T08:51:26.0115845Z,false,Boolean,3cf9f291-fc00-4b8d-93c0-9896d4305aaf,String,true,Boolean
acs:3cf9f291-fc00-4b8d-93c0-9896d4305aaf_00000029-40f5-c8ca-fda3-b63a0d00c99e,9746fe39-d3c1-4c3e-9532-6e9d9b3df705,2026-09-11T08:44:34.5614188Z,false,Boolean,3cf9f291-fc00-4b8d-93c0-9896d4305aaf,String,true,Boolean
acs:3cf9f291-fc00-4b8d-93c0-9896d4305aaf_00000029-40f5-c996-fda3-b63a0d00c99f,64f3221f-33fa-402b-8f96-4431d231a6c5,2026-09-11T08:43:57.5899552Z,false,Boolean,3cf9f291-fc00-4b8d-93c0-9896d4305aaf,String,true,Boolean
acs:3cf9f291-fc00-4b8d-93c0-9896d4305aaf_00000029-40f5-ca5f-fda3-b63a0d00c9a0,dab5ceab-43cd-4ca6-b555-94463ecac72e,2026-09-11T08:43:40.9430553Z,false,Boolean,3cf9f291-fc00-4b8d-93c0-9896d4305aaf,String,true,Boolean
acs:3cf9f291-fc00-4b8d-93c0-9896d4305aaf_00000029-40f5-cb2b-fda3-b63a0d00c9a1,84755399-0fa9-4129-b22f-1c692a9a7a47,2026-09-11T08:47:42.0523133Z,false,Boolean,3cf9f291-fc00-4b8d-93c0-9896d4305aaf,String,true,Boolean
acs:3cf9f291-fc00-4b8d-93c0-9896d4305aaf_00000029-40f5-cbf6-fda3-b63a0d00c9a2,e0e509e5-cfa7-4a0d-9cea-67a5fb943e97,2026-09-11T08:46:18.7276889Z,false,Boolean,3cf9f291-fc00-4b8d-93c0-9896d4305aaf,String,true,Boolean
acs:3cf9f291-fc00-4b8d-93c0-9896d4305aaf_00000029-40f5-ccc2-fda3-b63a0d00c9a3,b48a1112-ea26-44c2-821c-c8365e4c069d,2026-09-11T08:39:48.2837947Z,false,Boolean,3cf9f291-fc00-4b8d-93c0-9896d4305aaf,String,true,Boolean
acs:3cf9f291-fc00-4b8d-93c0-9896d4305aaf_00000029-40f5-cd8b-fda3-b63a0d00c9a4,487b5394-348e-4b22-bb8c-57ea79c03002,2026-09-11T08:42:38.982994Z,false,Boolean,3cf9f291-fc00-4b8d-93c0-9896d4305aaf,String,true,Boolean
acs:3cf9f291-fc00-4b8d-93c0-9896d4305aaf_00000029-40f5-ce55-fda3-b63a0d00c9a5,64fe0e82-9d70-4a30-a7be-2cf207900649,2026-09-11T08:51:26.4559276Z,false,Boolean,3cf9f291-fc00-4b8d-93c0-9896d4305aaf,String,true,Boolean
acs:3cf9f291-fc00-4b8d-93c0-9896d4305aaf_00000029-40f5-cf20-fda3-b63a0d00c9a6,2dac0765-d994-4823-bcd3-7a3f9a568752,2026-09-11T08:33:51.4850321Z,false,Boolean,3cf9f291-fc00-4b8d-93c0-9896d4305aaf,String,true,Boolean
acs:3cf9f291-fc00-4b8d-93c0-9896d4305aaf_00000029-40f5-cfeb-fda3-b63a0d00c9a7,a9a58ed5-ecd5-435d-a2fb-9283487a9897,2026-09-11T08:57:15.7722456Z,false,Boolean,3cf9f291-fc00-4b8d-93c0-9896d4305aaf,String,true,Boolean
acs:3cf9f291-fc00-4b8d-93c0-9896d4305aaf_00000029-40f5-d0b3-fda3-b63a0d00c9a8,54fa27c2-e85c-4a51-9ed9-99ca46954c50,2026-09-11T08:49:05.0690692Z,false,Boolean,3cf9f291-fc00-4b8d-93c0-9896d4305aaf,String,true,Boolean
acs:3cf9f291-fc00-4b8d-93c0-9896d4305aaf_00000029-40f5-d182-fda3-b63a0d00c9a9,4d498bfa-dae4-4ae4-82b7-c548345e0630,2026-09-11T08:57:26.9331879Z,false,Boolean,3cf9f291-fc00-4b8d-93c0-9896d4305aaf,String,true,Boolean
acs:3cf9f291-fc00-4b8d-93c0-9896d4305aaf_00000029-40f5-d24c-fda3-b63a0d00c9aa,f2e84e95-1f8a-489a-89f0-91765c1a8b54,2026-09-11T08:52:27.7910157Z,false,Boolean,3cf9f291-fc00-4b8d-93c0-9896d4305aaf,String,true,Boolean
acs:3cf9f291-fc00-4b8d-93c0-9896d4305aaf_00000029-40f5-d317-fda3-b63a0d00c9ab,b0c5291c-72a0-4284-83e6-3726ed15521c,2026-09-11T08:49:53.4224064Z,false,Boolean,3cf9f291-fc00-4b8d-93c0-9896d4305aaf,String,true,Boolean
acs:3cf9f291-fc00-4b8d-93c0-9896d4305aaf_00000029-40f5-d3e4-fda3-b63a0d00c9ac,9d6f4280-b455-4c52-9f88-f78bfcb7adc8,2026-09-11T08:42:19.6962662Z,false,Boolean,3cf9f291-fc00-4b8d-93c0-9896d4305aaf,String,true,Boolean
acs:3cf9f291-fc00-4b8d-93c0-9896d4305aaf_00000029-40f5-d4b1-fda3-b63a0d00c9ad,48a42c80-88fd-4650-8d55-bc54323e4917,2026-09-11T08:49:38.8170389Z,false,Boolean,3cf9f291-fc00-4b8d-93c0-9896d4305aaf,String,true,Boolean
acs:3cf9f291-fc00-4b8d-93c0-9896d4305aaf_00000029-40f5-d57a-fda3-b63a0d00c9ae,1118f19b-6db4-4655-a654-2764d7a67757,2026-09-11T08:43:38.0963163Z,false,Boolean,3cf9f291-fc00-4b8d-93c0-9896d4305aaf,String,true,Boolean
acs:3cf9f291-fc00-4b8d-93c0-9896d4305aaf_00000029-40f5-d643-fda3-b63a0d00c9af,85552fc4-ac02-4386-9386-f178d2778b66,2026-09-11T08:45:41.5414021Z,false,Boolean,3cf9f291-fc00-4b8d-93c0-9896d4305aaf,String,true,Boolean
acs:3cf9f291-fc00-4b8d-93c0-9896d4305aaf_00000029-40f5-d70e-fda3-b63a0d00c9b0,a525cfb2-4424-4a50-8ab2-43eb771e84ae,2026-09-11T08:48:45.499073Z,false,Boolean,3cf9f291-fc00-4b8d-93c0-9896d4305aaf,String,true,Boolean
acs:3cf9f291-fc00-4b8d-93c0-9896d4305aaf_00000029-40f5-d7d9-fda3-b63a0d00c9b1,9cf04846-6b4a-48ce-9a86-8b52bb314498,2026-09-11T08:58:20.1036304Z,false,Boolean,3cf9f291-fc00-4b8d-93c0-9896d4305aaf,String,true,Boolean
acs:3cf9f291-fc00-4b8d-93c0-9896d4305aaf_00000029-40f5-d8a4-fda3-b63a0d00c9b2,e5cf7453-e60e-479a-b5f8-e4e8e7495e36,2026-09-11T08:52:05.2122199Z,false,Boolean,3cf9f291-fc00-4b8d-93c0-9896d4305aaf,String,true,Boolean
acs:3cf9f291-fc00-4b8d-93c0-9896d4305aaf_00000029-40f5-d970-fda3-b63a0d00c9b3,060e4235-da10-4519-bd7d-d02b0fa23a9c,2026-09-11T08:47:19.8081272Z,false,Boolean,3cf9f291-fc00-4b8d-93c0-9896d4305aaf,String,true,Boolean
acs:3cf9f291-fc00-4b8d-93c0-9896d4305aaf_00000029-40f5-da3a-fda3-b63a0d00c9b4,ec3b2331-7605-4f27-a4b0-56f6c50f1b33,2026-09-11T08:47:41.2878065Z,false,Boolean,3cf9f291-fc00-4b8d-93c0-9896d4305aaf,String,true,Boolean
acs:3cf9f291-fc00-4b8d-93c0-9896d4305aaf_00000031-2a1b-a899-5816-4c3a0d0001af,,2026-09-11T08:57:44.9013588Z,true,Boolean,3cf9f291-fc00-4b8d-93c0-9896d4305aaf,String,true,Boolean
acs:3cf9f291-fc00-4b8d-93c0-9896d4305aaf_00000031-2a1b-aa12-5816-4c3a0d0001b0,,2026-09-11T08:57:58.3970999Z,false,Boolean,3cf9f291-fc00-4b8d-93c0-9896d4305aaf,String,true,Boolean
acs:3cf9f291-fc00-4b8d-93c0-9896d4305aaf_00000031-2a1b-aba8-5816-4c3a0d0001b2,,2026-09-11T08:53:18.9480304Z,true,Boolean,3cf9f291-fc00-4b8d-93c0-9896d4305aaf,String,true,Boolean
acs:3cf9f291-fc00-4b8d-93c0-9896d4305aaf_00000031-2a1b-ad15-5816-4c3a0d0001b3,,2026-09-11T08:53:46.0322239Z,true,Boolean,3cf9f291-fc00-4b8d-93c0-9896d4305aaf,String,true,Boolean
acs:3cf9f291-fc00-4b8d-93c0-9896d4305aaf_00000031-2a1b-ae6f-5816-4c3a0d0001b4,,2026-09-11T08:55:08.2933378Z,true,Boolean,3cf9f291-fc00-4b8d-93c0-9896d4305aaf,String,true,Boolean
acs:3cf9f291-fc00-4b8d-93c0-9896d4305aaf_00000031-2a1b-afcc-5816-4c3a0d0001b6,,2026-09-11T08:58:33.7883917Z,true,Boolean,3cf9f291-fc00-4b8d-93c0-9896d4305aaf,String,true,Boolean
acs:3cf9f291-fc00-4b8d-93c0-9896d4305aaf_00000031-2a1b-b122-5816-4c3a0d0001b8,,2026-09-11T08:48:50.5975649Z,true,Boolean,3cf9f291-fc00-4b8d-93c0-9896d4305aaf,String,true,Boolean
acs:3cf9f291-fc00-4b8d-93c0-9896d4305aaf_00000031-2a1b-b278-5816-4c3a0d0001b9,,2026-09-11T08:56:50.0123257Z,true,Boolean,3cf9f291-fc00-4b8d-93c0-9896d4305aaf,String,true,Boolean
acs:3cf9f291-fc00-4b8d-93c0-9896d4305aaf_00000031-2a1b-b3ce-5816-4c3a0d0001ba,,2026-09-11T08:58:20.3754787Z,false,Boolean,3cf9f291-fc00-4b8d-93c0-9896d4305aaf,String,true,Boolean
acs:3cf9f291-fc00-4b8d-93c0-9896d4305aaf_00000031-2a1b-b530-5816-4c3a0d0001bb,,2026-09-11T08:58:14.8065931Z,true,Boolean,3cf9f291-fc00-4b8d-93c0-9896d4305aaf,String,true,Boolean
acs:3cf9f291-fc00-4b8d-93c0-9896d4305aaf_00000031-2a1b-b6bb-5816-4c3a0d0001bc,,2026-09-11T08:56:05.5620406Z,true,Boolean,3cf9f291-fc00-4b8d-93c0-9896d4305aaf,String,true,Boolean
acs:3cf9f291-fc00-4b8d-93c0-9896d4305aaf_00000031-2a1b-bb4d-d214-4c3a0d00ddd1,,2026-09-11T08:58:01.1930313Z,true,Boolean,3cf9f291-fc00-4b8d-93c0-9896d4305aaf,String,true,Boolean
acs:3cf9f291-fc00-4b8d-93c0-9896d4305aaf_00000031-2a1b-bcb0-d214-4c3a0d00ddd2,,2026-09-11T08:58:24.6505793Z,true,Boolean,3cf9f291-fc00-4b8d-93c0-9896d4305aaf,String,true,Boolean
acs:3cf9f291-fc00-4b8d-93c0-9896d4305aaf_00000031-2a1b-be10-d214-4c3a0d00ddd3,,2026-09-11T08:57:34.042926Z,true,Boolean,3cf9f291-fc00-4b8d-93c0-9896d4305aaf,String,true,Boolean
acs:3cf9f291-fc00-4b8d-93c0-9896d4305aaf_00000031-2a1b-bf72-d214-4c3a0d00ddd4,,2026-09-11T08:48:26.149247Z,true,Boolean,3cf9f291-fc00-4b8d-93c0-9896d4305aaf,String,true,Boolean
acs:3cf9f291-fc00-4b8d-93c0-9896d4305aaf_00000031-2a1b-c0d4-d214-4c3a0d00ddd5,,2026-09-11T08:54:38.4809514Z,true,Boolean,3cf9f291-fc00-4b8d-93c0-9896d4305aaf,String,true,Boolean
acs:3cf9f291-fc00-4b8d-93c0-9896d4305aaf_00000031-2a1b-c233-d214-4c3a0d00ddd6,,2026-09-11T08:56:28.4348832Z,true,Boolean,3cf9f291-fc00-4b8d-93c0-9896d4305aaf,String,true,Boolean
acs:3cf9f291-fc00-4b8d-93c0-9896d4305aaf_00000031-2a1b-c395-d214-4c3a0d00ddd7,,2026-09-11T08:58:20.5114032Z,false,Boolean,3cf9f291-fc00-4b8d-93c0-9896d4305aaf,String,true,Boolean
acs:3cf9f291-fc00-4b8d-93c0-9896d4305aaf_00000031-2a1b-c4f8-d214-4c3a0d00ddd8,,2026-09-11T08:57:52.546104Z,true,Boolean,3cf9f291-fc00-4b8d-93c0-9896d4305aaf,String,true,Boolean
acs:3cf9f291-fc00-4b8d-93c0-9896d4305aaf_00000031-2a1b-c65d-d214-4c3a0d00ddda,,2026-09-11T08:50:58.8668334Z,true,Boolean,3cf9f291-fc00-4b8d-93c0-9896d4305aaf,String,true,Boolean
acs:3cf9f291-fc00-4b8d-93c0-9896d4305aaf_00000031-2a1b-c7c8-d214-4c3a0d00dddb,,2026-09-11T08:55:35.7627345Z,true,Boolean,3cf9f291-fc00-4b8d-93c0-9896d4305aaf,String,true,Boolean
acs:3cf9f291-fc00-4b8d-93c0-9896d4305aaf_00000031-2a1b-c944-d214-4c3a0d00ddde,,2026-09-11T08:53:45.9007478Z,true,Boolean,3cf9f291-fc00-4b8d-93c0-9896d4305aaf,String,true,Boolean
acs:3cf9f291-fc00-4b8d-93c0-9896d4305aaf_00000031-2a1b-cad7-d214-4c3a0d00dddf,,2026-09-11T08:56:18.9123913Z,true,Boolean,3cf9f291-fc00-4b8d-93c0-9896d4305aaf,String,true,Boolean
acs:3cf9f291-fc00-4b8d-93c0-9896d4305aaf_00000031-2a1b-cc41-d214-4c3a0d00dde0,,2026-09-11T08:57:21.0213432Z,true,Boolean,3cf9f291-fc00-4b8d-93c0-9896d4305aaf,String,true,Boolean
acs:3cf9f291-fc00-4b8d-93c0-9896d4305aaf_00000031-2a1b-cdb9-d214-4c3a0d00dde1,,2026-09-11T08:51:03.9575446Z,true,Boolean,3cf9f291-fc00-4b8d-93c0-9896d4305aaf,String,true,Boolean
acs:3cf9f291-fc00-4b8d-93c0-9896d4305aaf_00000031-2a1b-cf29-d214-4c3a0d00dde2,,2026-09-11T08:57:02.7800902Z,true,Boolean,3cf9f291-fc00-4b8d-93c0-9896d4305aaf,String,true,Boolean
acs:3cf9f291-fc00-4b8d-93c0-9896d4305aaf_00000031-2a1b-d0c6-d214-4c3a0d00dde3,,2026-09-11T08:56:58.2298566Z,true,Boolean,3cf9f291-fc00-4b8d-93c0-9896d4305aaf,String,true,Boolean
acs:3cf9f291-fc00-4b8d-93c0-9896d4305aaf_00000031-2a1b-d263-d214-4c3a0d00dde4,,2026-09-11T08:48:46.8062439Z,true,Boolean,3cf9f291-fc00-4b8d-93c0-9896d4305aaf,String,true,Boolean
acs:3cf9f291-fc00-4b8d-93c0-9896d4305aaf_00000031-2a1b-d3f4-d214-4c3a0d00dde5,,2026-09-11T08:54:44.0222237Z,true,Boolean,3cf9f291-fc00-4b8d-93c0-9896d4305aaf,String,true,Boolean
acs:3cf9f291-fc00-4b8d-93c0-9896d4305aaf_00000031-2a1b-d587-d214-4c3a0d00dde6,,2026-09-11T08:50:42.0920647Z,true,Boolean,3cf9f291-fc00-4b8d-93c0-9896d4305aaf,String,true,Boolean
acs:3cf9f291-fc00-4b8d-93c0-9896d4305aaf_00000031-2a1b-d6f9-d214-4c3a0d00dde7,,2026-09-11T08:56:53.4853798Z,true,Boolean,3cf9f291-fc00-4b8d-93c0-9896d4305aaf,String,true,Boolean
acs:3cf9f291-fc00-4b8d-93c0-9896d4305aaf_00000031-2a1b-d885-d214-4c3a0d00dde8,,2026-09-11T08:58:35.7154501Z,false,Boolean,3cf9f291-fc00-4b8d-93c0-9896d4305aaf,String,true,Boolean
acs:3cf9f291-fc00-4b8d-93c0-9896d4305aaf_00000031-2a1b-d9e5-d214-4c3a0d00dde9,,2026-09-11T08:57:27.46889Z,true,Boolean,3cf9f291-fc00-4b8d-93c0-9896d4305aaf,String,true,Boolean
acs:3cf9f291-fc00-4b8d-93c0-9896d4305aaf_00000031-2a1b-db4a-d214-4c3a0d00ddea,,2026-09-11T08:57:41.9690514Z,true,Boolean,3cf9f291-fc00-4b8d-93c0-9896d4305aaf,String,true,Boolean
acs:3cf9f291-fc00-4b8d-93c0-9896d4305aaf_00000031-2a1b-dcb1-d214-4c3a0d00ddeb,,2026-09-11T08:58:31.8935985Z,true,Boolean,3cf9f291-fc00-4b8d-93c0-9896d4305aaf,String,true,Boolean
acs:3cf9f291-fc00-4b8d-93c0-9896d4305aaf_00000031-2a1b-de12-d214-4c3a0d00ddec,,2026-09-11T08:58:24.4187631Z,true,Boolean,3cf9f291-fc00-4b8d-93c0-9896d4305aaf,String,true,Boolean
acs:3cf9f291-fc00-4b8d-93c0-9896d4305aaf_00000031-2a1b-df76-d214-4c3a0d00ddee,,2026-09-11T08:50:34.5274629Z,true,Boolean,3cf9f291-fc00-4b8d-93c0-9896d4305aaf,String,true,Boolean
acs:3cf9f291-fc00-4b8d-93c0-9896d4305aaf_00000031-2a1b-e0d8-d214-4c3a0d00ddef,,2026-09-11T08:58:18.0174963Z,true,Boolean,3cf9f291-fc00-4b8d-93c0-9896d4305aaf,String,true,Boolean
acs:3cf9f291-fc00-4b8d-93c0-9896d4305aaf_00000031-2a1b-e23b-d214-4c3a0d00ddf1,,2026-09-11T08:57:29.4523072Z,true,Boolean,3cf9f291-fc00-4b8d-93c0-9896d4305aaf,String,true,Boolean
acs:3cf9f291-fc00-4b8d-93c0-9896d4305aaf_00000031-2a1b-e3e2-d214-4c3a0d00ddf2,,2026-09-11T08:58:31.4428498Z,true,Boolean,3cf9f291-fc00-4b8d-93c0-9896d4305aaf,String,true,Boolean
acs:3cf9f291-fc00-4b8d-93c0-9896d4305aaf_00000031-2a1b-e54b-d214-4c3a0d00ddf3,,2026-09-11T08:58:25.604607Z,true,Boolean,3cf9f291-fc00-4b8d-93c0-9896d4305aaf,String,true,Boolean
acs:3cf9f291-fc00-4b8d-93c0-9896d4305aaf_00000031-2a1b-e6a8-d214-4c3a0d00ddf4,,2026-09-11T08:52:17.5900648Z,true,Boolean,3cf9f291-fc00-4b8d-93c0-9896d4305aaf,String,true,Boolean
acs:3cf9f291-fc00-4b8d-93c0-9896d4305aaf_00000031-2a1b-e80a-d214-4c3a0d00ddf5,,2026-09-11T08:57:08.5152006Z,true,Boolean,3cf9f291-fc00-4b8d-93c0-9896d4305aaf,String,true,Boolean
acs:3cf9f291-fc00-4b8d-93c0-9896d4305aaf_00000031-2a1b-e979-d214-4c3a0d00ddf6,,2026-09-11T08:41:12.5153256Z,true,Boolean,3cf9f291-fc00-4b8d-93c0-9896d4305aaf,String,true,Boolean
acs:3cf9f291-fc00-4b8d-93c0-9896d4305aaf_00000031-2a1b-eaea-d214-4c3a0d00ddf7,,2026-09-11T08:56:30.446884Z,true,Boolean,3cf9f291-fc00-4b8d-93c0-9896d4305aaf,String,true,Boolean
acs:3cf9f291-fc00-4b8d-93c0-9896d4305aaf_00000031-2a1b-ec5a-d214-4c3a0d00ddf8,,2026-09-11T08:56:23.5490647Z,true,Boolean,3cf9f291-fc00-4b8d-93c0-9896d4305aaf,String,true,Boolean
acs:3cf9f291-fc00-4b8d-93c0-9896d4305aaf_00000031-2a1b-edba-d214-4c3a0d00ddf9,,2026-09-11T08:58:36.9335499Z,false,Boolean,3cf9f291-fc00-4b8d-93c0-9896d4305aaf,String,true,Boolean
acs:3cf9f291-fc00-4b8d-93c0-9896d4305aaf_00000031-2a1b-ef26-d214-4c3a0d00ddfa,,2026-09-11T08:54:33.9368452Z,true,Boolean,3cf9f291-fc00-4b8d-93c0-9896d4305aaf,String,true,Boolean
acs:3cf9f291-fc00-4b8d-93c0-9896d4305aaf_00000031-2a1b-f086-d214-4c3a0d00ddfb,,2026-09-11T08:55:25.0092033Z,true,Boolean,3cf9f291-fc00-4b8d-93c0-9896d4305aaf,String,true,Boolean
acs:3cf9f291-fc00-4b8d-93c0-9896d4305aaf_00000031-2a1b-f1e5-d214-4c3a0d00ddfc,,2026-09-11T08:53:31.5330549Z,true,Boolean,3cf9f291-fc00-4b8d-93c0-9896d4305aaf,String,true,Boolean
acs:3cf9f291-fc00-4b8d-93c0-9896d4305aaf_00000031-2a1b-f346-d214-4c3a0d00ddfd,,2026-09-11T08:52:22.4768223Z,true,Boolean,3cf9f291-fc00-4b8d-93c0-9896d4305aaf,String,true,Boolean
acs:3cf9f291-fc00-4b8d-93c0-9896d4305aaf_00000031-2a1b-f4b0-d214-4c3a0d00ddfe,,2026-09-11T08:50:08.1251874Z,true,Boolean,3cf9f291-fc00-4b8d-93c0-9896d4305aaf,String,true,Boolean
acs:3cf9f291-fc00-4b8d-93c0-9896d4305aaf_00000031-2a1b-f610-d214-4c3a0d00ddff,,2026-09-11T08:53:43.1415591Z,true,Boolean,3cf9f291-fc00-4b8d-93c0-9896d4305aaf,String,true,Boolean
acs:3cf9f291-fc00-4b8d-93c0-9896d4305aaf_00000031-2a1b-f771-d214-4c3a0d00de00,,2026-09-11T08:56:06.876525Z,false,Boolean,3cf9f291-fc00-4b8d-93c0-9896d4305aaf,String,true,Boolean
acs:3cf9f291-fc00-4b8d-93c0-9896d4305aaf_00000031-2a1b-f904-d214-4c3a0d00de01,,2026-09-11T08:53:38.7549193Z,true,Boolean,3cf9f291-fc00-4b8d-93c0-9896d4305aaf,String,true,Boolean
acs:3cf9f291-fc00-4b8d-93c0-9896d4305aaf_00000031-2a1b-fa6a-d214-4c3a0d00de02,,2026-09-11T08:58:30.9067087Z,false,Boolean,3cf9f291-fc00-4b8d-93c0-9896d4305aaf,String,true,Boolean
acs:3cf9f291-fc00-4b8d-93c0-9896d4305aaf_00000031-2a1b-fbcc-d214-4c3a0d00de03,,2026-09-11T08:54:35.2733498Z,true,Boolean,3cf9f291-fc00-4b8d-93c0-9896d4305aaf,String,true,Boolean
acs:3cf9f291-fc00-4b8d-93c0-9896d4305aaf_00000031-2a1b-fd33-d214-4c3a0d00de04,,2026-09-11T08:58:24.2868366Z,true,Boolean,3cf9f291-fc00-4b8d-93c0-9896d4305aaf,String,true,Boolean
acs:3cf9f291-fc00-4b8d-93c0-9896d4305aaf_00000031-2a1b-fe96-d214-4c3a0d00de05,,2026-09-11T08:55:23.5770597Z,true,Boolean,3cf9f291-fc00-4b8d-93c0-9896d4305aaf,String,true,Boolean
acs:3cf9f291-fc00-4b8d-93c0-9896d4305aaf_00000031-2a1b-fff9-d214-4c3a0d00de08,,2026-09-11T08:56:16.5060111Z,true,Boolean,3cf9f291-fc00-4b8d-93c0-9896d4305aaf,String,true,Boolean
acs:3cf9f291-fc00-4b8d-93c0-9896d4305aaf_00000031-2a1c-0169-d214-4c3a0d00de0a,,2026-09-11T08:54:38.4219847Z,true,Boolean,3cf9f291-fc00-4b8d-93c0-9896d4305aaf,String,true,Boolean
acs:3cf9f291-fc00-4b8d-93c0-9896d4305aaf_00000031-2a1c-02e2-d214-4c3a0d00de0c,,2026-09-11T08:52:15.7101927Z,true,Boolean,3cf9f291-fc00-4b8d-93c0-9896d4305aaf,String,true,Boolean
acs:3cf9f291-fc00-4b8d-93c0-9896d4305aaf_00000031-2a1c-04a6-d214-4c3a0d00de0d,,2026-09-11T08:57:57.1281619Z,true,Boolean,3cf9f291-fc00-4b8d-93c0-9896d4305aaf,String,true,Boolean
acs:3cf9f291-fc00-4b8d-93c0-9896d4305aaf_00000031-2a1c-0602-d214-4c3a0d00de0e,,2026-09-11T08:57:07.8559609Z,true,Boolean,3cf9f291-fc00-4b8d-93c0-9896d4305aaf,String,true,Boolean
acs:3cf9f291-fc00-4b8d-93c0-9896d4305aaf_00000031-2a1c-077d-d214-4c3a0d00de11,,2026-09-11T08:57:33.1544214Z,true,Boolean,3cf9f291-fc00-4b8d-93c0-9896d4305aaf,String,true,Boolean
acs:3cf9f291-fc00-4b8d-93c0-9896d4305aaf_00000031-2a1c-08e6-d214-4c3a0d00de12,,2026-09-11T08:58:31.6817165Z,true,Boolean,3cf9f291-fc00-4b8d-93c0-9896d4305aaf,String,true,Boolean
acs:3cf9f291-fc00-4b8d-93c0-9896d4305aaf_00000031-2a1c-0a9c-d214-4c3a0d00de14,,2026-09-11T08:57:33.5052252Z,true,Boolean,3cf9f291-fc00-4b8d-93c0-9896d4305aaf,String,true,Boolean
acs:3cf9f291-fc00-4b8d-93c0-9896d4305aaf_00000031-2a1c-0c03-d214-4c3a0d00de16,,2026-09-11T08:58:13.2958144Z,true,Boolean,3cf9f291-fc00-4b8d-93c0-9896d4305aaf,String,true,Boolean
acs:3cf9f291-fc00-4b8d-93c0-9896d4305aaf_00000031-2a1c-0d68-d214-4c3a0d00de17,,2026-09-11T08:50:56.9866424Z,true,Boolean,3cf9f291-fc00-4b8d-93c0-9896d4305aaf,String,true,Boolean
acs:3cf9f291-fc00-4b8d-93c0-9896d4305aaf_00000031-2a1c-0ecb-d214-4c3a0d00de18,,2026-09-11T08:56:52.0815546Z,true,Boolean,3cf9f291-fc00-4b8d-93c0-9896d4305aaf,String,true,Boolean
acs:3cf9f291-fc00-4b8d-93c0-9896d4305aaf_00000031-2a1c-102c-d214-4c3a0d00de19,,2026-09-11T08:55:42.7471809Z,true,Boolean,3cf9f291-fc00-4b8d-93c0-9896d4305aaf,String,true,Boolean
acs:3cf9f291-fc00-4b8d-93c0-9896d4305aaf_00000031-2a1c-1194-d214-4c3a0d00de1a,,2026-09-11T08:54:38.2190975Z,true,Boolean,3cf9f291-fc00-4b8d-93c0-9896d4305aaf,String,true,Boolean
acs:3cf9f291-fc00-4b8d-93c0-9896d4305aaf_00000031-2a1c-12f6-d214-4c3a0d00de1c,,2026-09-11T08:58:19.7168458Z,false,Boolean,3cf9f291-fc00-4b8d-93c0-9896d4305aaf,String,true,Boolean
acs:3cf9f291-fc00-4b8d-93c0-9896d4305aaf_00000031-2a1c-1483-d214-4c3a0d00de1d,,2026-09-11T08:58:19.5879183Z,false,Boolean,3cf9f291-fc00-4b8d-93c0-9896d4305aaf,String,true,Boolean
acs:3cf9f291-fc00-4b8d-93c0-9896d4305aaf_00000031-2a1c-1625-d214-4c3a0d00de1e,,2026-09-11T08:58:11.0189871Z,true,Boolean,3cf9f291-fc00-4b8d-93c0-9896d4305aaf,String,true,Boolean
acs:3cf9f291-fc00-4b8d-93c0-9896d4305aaf_00000031-2a1c-1788-d214-4c3a0d00de1f,,2026-09-11T08:58:37.7306418Z,false,Boolean,3cf9f291-fc00-4b8d-93c0-9896d4305aaf,String,true,Boolean
acs:3cf9f291-fc00-4b8d-93c0-9896d4305aaf_00000031-2a1c-18eb-d214-4c3a0d00de20,,2026-09-11T08:50:03.5790011Z,true,Boolean,3cf9f291-fc00-4b8d-93c0-9896d4305aaf,String,true,Boolean
acs:3cf9f291-fc00-4b8d-93c0-9896d4305aaf_00000031-2a1c-1a90-d214-4c3a0d00de21,,2026-09-11T08:58:38.4194294Z,false,Boolean,3cf9f291-fc00-4b8d-93c0-9896d4305aaf,String,true,Boolean
acs:3cf9f291-fc00-4b8d-93c0-9896d4305aaf_00000031-2a1c-1bf7-d214-4c3a0d00de22,,2026-09-11T08:49:28.4920551Z,true,Boolean,3cf9f291-fc00-4b8d-93c0-9896d4305aaf,String,true,Boolean
acs:3cf9f291-fc00-4b8d-93c0-9896d4305aaf_00000031-2a1c-1d5e-d214-4c3a0d00de23,,2026-09-11T08:52:35.545441Z,true,Boolean,3cf9f291-fc00-4b8d-93c0-9896d4305aaf,String,true,Boolean
acs:3cf9f291-fc00-4b8d-93c0-9896d4305aaf_00000031-2a1c-1ec0-d214-4c3a0d00de24,,2026-09-11T08:53:53.1696796Z,true,Boolean,3cf9f291-fc00-4b8d-93c0-9896d4305aaf,String,true,Boolean
acs:3cf9f291-fc00-4b8d-93c0-9896d4305aaf_00000031-2a1c-2028-d214-4c3a0d00de25,,2026-09-11T08:57:43.6378864Z,true,Boolean,3cf9f291-fc00-4b8d-93c0-9896d4305aaf,String,true,Boolean
acs:3cf9f291-fc00-4b8d-93c0-9896d4305aaf_00000031-2a1c-2191-d214-4c3a0d00de26,,2026-09-11T08:58:03.0820687Z,true,Boolean,3cf9f291-fc00-4b8d-93c0-9896d4305aaf,String,true,Boolean
acs:3cf9f291-fc00-4b8d-93c0-9896d4305aaf_00000031-2a1c-22f7-d214-4c3a0d00de27,,2026-09-11T08:52:58.5692501Z,true,Boolean,3cf9f291-fc00-4b8d-93c0-9896d4305aaf,String,true,Boolean
acs:3cf9f291-fc00-4b8d-93c0-9896d4305aaf_00000031-2a1c-245f-d214-4c3a0d00de28,,2026-09-11T08:54:29.0571971Z,true,Boolean,3cf9f291-fc00-4b8d-93c0-9896d4305aaf,String,true,Boolean
acs:3cf9f291-fc00-4b8d-93c0-9896d4305aaf_00000031-2a1c-261f-d214-4c3a0d00de29,,2026-09-11T08:57:30.2738484Z,true,Boolean,3cf9f291-fc00-4b8d-93c0-9896d4305aaf,String,true,Boolean
acs:3cf9f291-fc00-4b8d-93c0-9896d4305aaf_00000031-2a1c-2784-d214-4c3a0d00de2b,,2026-09-11T08:49:28.3015796Z,true,Boolean,3cf9f291-fc00-4b8d-93c0-9896d4305aaf,String,true,Boolean
acs:3cf9f291-fc00-4b8d-93c0-9896d4305aaf_00000031-2a1c-2901-d214-4c3a0d00de2c,,2026-09-11T08:57:41.6222451Z,true,Boolean,3cf9f291-fc00-4b8d-93c0-9896d4305aaf,String,true,Boolean
acs:3cf9f291-fc00-4b8d-93c0-9896d4305aaf_00000031-2a1c-2a63-d214-4c3a0d00de2d,,2026-09-11T08:57:41.0868392Z,true,Boolean,3cf9f291-fc00-4b8d-93c0-9896d4305aaf,String,true,Boolean
acs:3cf9f291-fc00-4b8d-93c0-9896d4305aaf_00000031-2a1c-2cfd-d214-4c3a0d00de2e,,2026-09-11T08:56:26.2585151Z,true,Boolean,3cf9f291-fc00-4b8d-93c0-9896d4305aaf,String,true,Boolean
acs:3cf9f291-fc00-4b8d-93c0-9896d4305aaf_00000031-2a1c-2e60-d214-4c3a0d00de30,,2026-09-11T08:53:01.7705012Z,true,Boolean,3cf9f291-fc00-4b8d-93c0-9896d4305aaf,String,true,Boolean
acs:3cf9f291-fc00-4b8d-93c0-9896d4305aaf_00000031-2a1c-2fc9-d214-4c3a0d00de31,,2026-09-11T08:53:54.1414881Z,true,Boolean,3cf9f291-fc00-4b8d-93c0-9896d4305aaf,String,true,Boolean
acs:3cf9f291-fc00-4b8d-93c0-9896d4305aaf_00000031-2a1c-3130-d214-4c3a0d00de32,,2026-09-11T08:58:03.2679656Z,true,Boolean,3cf9f291-fc00-4b8d-93c0-9896d4305aaf,String,true,Boolean
acs:3cf9f291-fc00-4b8d-93c0-9896d4305aaf_00000031-2a1c-3291-d214-4c3a0d00de33,,2026-09-11T08:57:26.3620881Z,true,Boolean,3cf9f291-fc00-4b8d-93c0-9896d4305aaf,String,true,Boolean
acs:3cf9f291-fc00-4b8d-93c0-9896d4305aaf_00000031-2a1c-33f2-d214-4c3a0d00de34,,2026-09-11T08:58:27.3489366Z,false,Boolean,3cf9f291-fc00-4b8d-93c0-9896d4305aaf,String,true,Boolean
acs:3cf9f291-fc00-4b8d-93c0-9896d4305aaf_00000031-2a1c-3553-d214-4c3a0d00de35,,2026-09-11T08:58:40.4325421Z,true,Boolean,3cf9f291-fc00-4b8d-93c0-9896d4305aaf,String,true,Boolean
acs:3cf9f291-fc00-4b8d-93c0-9896d4305aaf_00000031-2a1c-36b7-d214-4c3a0d00de36,,2026-09-11T08:57:51.7285596Z,true,Boolean,3cf9f291-fc00-4b8d-93c0-9896d4305aaf,String,true,Boolean
acs:3cf9f291-fc00-4b8d-93c0-9896d4305aaf_00000031-2a1c-381b-d214-4c3a0d00de38,,2026-09-11T08:53:37.5090118Z,true,Boolean,3cf9f291-fc00-4b8d-93c0-9896d4305aaf,String,true,Boolean
acs:3cf9f291-fc00-4b8d-93c0-9896d4305aaf_00000031-2a1c-3980-d214-4c3a0d00de39,,2026-09-11T08:52:12.409387Z,true,Boolean,3cf9f291-fc00-4b8d-93c0-9896d4305aaf,String,true,Boolean
acs:3cf9f291-fc00-4b8d-93c0-9896d4305aaf_00000031-2a1c-3ae5-d214-4c3a0d00de3a,,2026-09-11T08:58:37.9376985Z,false,Boolean,3cf9f291-fc00-4b8d-93c0-9896d4305aaf,String,true,Boolean
acs:3cf9f291-fc00-4b8d-93c0-9896d4305aaf_00000031-2a1c-3c49-d214-4c3a0d00de3c,,2026-09-11T08:46:34.8895399Z,true,Boolean,3cf9f291-fc00-4b8d-93c0-9896d4305aaf,String,true,Boolean
acs:3cf9f291-fc00-4b8d-93c0-9896d4305aaf_00000031-2a1c-3de4-d214-4c3a0d00de3f,,2026-09-11T08:56:07.6402345Z,false,Boolean,3cf9f291-fc00-4b8d-93c0-9896d4305aaf,String,true,Boolean
acs:3cf9f291-fc00-4b8d-93c0-9896d4305aaf_00000031-2a1c-3f4f-d214-4c3a0d00de41,,2026-09-11T08:57:17.6062883Z,false,Boolean,3cf9f291-fc00-4b8d-93c0-9896d4305aaf,String,true,Boolean
acs:3cf9f291-fc00-4b8d-93c0-9896d4305aaf_00000031-2a1c-40bb-d214-4c3a0d00de42,,2026-09-11T08:48:26.8930359Z,true,Boolean,3cf9f291-fc00-4b8d-93c0-9896d4305aaf,String,true,Boolean
acs:3cf9f291-fc00-4b8d-93c0-9896d4305aaf_00000031-2a1c-422c-d214-4c3a0d00de43,,2026-09-11T08:57:03.8617473Z,false,Boolean,3cf9f291-fc00-4b8d-93c0-9896d4305aaf,String,true,Boolean
acs:3cf9f291-fc00-4b8d-93c0-9896d4305aaf_00000031-2a1c-43cb-d214-4c3a0d00de44,,2026-09-11T08:52:05.6642232Z,true,Boolean,3cf9f291-fc00-4b8d-93c0-9896d4305aaf,String,true,Boolean
acs:3cf9f291-fc00-4b8d-93c0-9896d4305aaf_00000031-2a1c-4546-d214-4c3a0d00de45,,2026-09-11T08:57:46.135289Z,true,Boolean,3cf9f291-fc00-4b8d-93c0-9896d4305aaf,String,true,Boolean
acs:3cf9f291-fc00-4b8d-93c0-9896d4305aaf_00000031-2a1c-46bc-d214-4c3a0d00de46,,2026-09-11T08:56:33.512161Z,true,Boolean,3cf9f291-fc00-4b8d-93c0-9896d4305aaf,String,true,Boolean
acs:3cf9f291-fc00-4b8d-93c0-9896d4305aaf_00000031-2a1c-4852-d214-4c3a0d00de49,,2026-09-11T08:58:31.5437931Z,true,Boolean,3cf9f291-fc00-4b8d-93c0-9896d4305aaf,String,true,Boolean
acs:3cf9f291-fc00-4b8d-93c0-9896d4305aaf_00000031-2a1c-49cc-d214-4c3a0d00de4b,,2026-09-11T08:50:22.980965Z,true,Boolean,3cf9f291-fc00-4b8d-93c0-9896d4305aaf,String,true,Boolean
acs:3cf9f291-fc00-4b8d-93c0-9896d4305aaf_00000031-2a1c-4b3e-d214-4c3a0d00de4c,,2026-09-11T08:58:26.9815983Z,false,Boolean,3cf9f291-fc00-4b8d-93c0-9896d4305aaf,String,true,Boolean
acs:3cf9f291-fc00-4b8d-93c0-9896d4305aaf_00000031-2a1c-4ccf-d214-4c3a0d00de4d,,2026-09-11T08:54:37.1165251Z,true,Boolean,3cf9f291-fc00-4b8d-93c0-9896d4305aaf,String,true,Boolean
acs:3cf9f291-fc00-4b8d-93c0-9896d4305aaf_00000031-2a1c-4e7a-d214-4c3a0d00de4e,,2026-09-11T08:57:45.0848753Z,true,Boolean,3cf9f291-fc00-4b8d-93c0-9896d4305aaf,String,true,Boolean
acs:3cf9f291-fc00-4b8d-93c0-9896d4305aaf_00000031-2a1c-4fe2-d214-4c3a0d00de4f,,2026-09-11T08:57:03.2640801Z,true,Boolean,3cf9f291-fc00-4b8d-93c0-9896d4305aaf,String,true,Boolean
acs:3cf9f291-fc00-4b8d-93c0-9896d4305aaf_00000031-2a1c-5155-d214-4c3a0d00de50,,2026-09-11T08:54:14.6532434Z,true,Boolean,3cf9f291-fc00-4b8d-93c0-9896d4305aaf,String,true,Boolean
acs:3cf9f291-fc00-4b8d-93c0-9896d4305aaf_00000031-2a1c-52d4-d214-4c3a0d00de51,,2026-09-11T08:58:18.2671084Z,false,Boolean,3cf9f291-fc00-4b8d-93c0-9896d4305aaf,String,true,Boolean
acs:3cf9f291-fc00-4b8d-93c0-9896d4305aaf_00000031-2a1c-546c-d214-4c3a0d00de52,,2026-09-11T08:53:34.4103116Z,true,Boolean,3cf9f291-fc00-4b8d-93c0-9896d4305aaf,String,true,Boolean
acs:3cf9f291-fc00-4b8d-93c0-9896d4305aaf_00000031-2a1c-564e-d214-4c3a0d00de54,,2026-09-11T08:55:42.5143106Z,true,Boolean,3cf9f291-fc00-4b8d-93c0-9896d4305aaf,String,true,Boolean
acs:3cf9f291-fc00-4b8d-93c0-9896d4305aaf_00000031-2a1c-580a-d214-4c3a0d00de55,,2026-09-11T08:55:25.4561303Z,true,Boolean,3cf9f291-fc00-4b8d-93c0-9896d4305aaf,String,true,Boolean
acs:3cf9f291-fc00-4b8d-93c0-9896d4305aaf_00000031-2a1c-5980-d214-4c3a0d00de59,,2026-09-11T08:58:19.4200028Z,false,Boolean,3cf9f291-fc00-4b8d-93c0-9896d4305aaf,String,true,Boolean
acs:3cf9f291-fc00-4b8d-93c0-9896d4305aaf_00000031-2a1c-5af8-d214-4c3a0d00de5b,,2026-09-11T08:58:22.0370633Z,true,Boolean,3cf9f291-fc00-4b8d-93c0-9896d4305aaf,String,true,Boolean
acs:3cf9f291-fc00-4b8d-93c0-9896d4305aaf_00000031-2a1c-5cbc-d214-4c3a0d00de5d,,2026-09-11T08:52:34.7648764Z,true,Boolean,3cf9f291-fc00-4b8d-93c0-9896d4305aaf,String,true,Boolean
acs:3cf9f291-fc00-4b8d-93c0-9896d4305aaf_00000031-2a1c-5f6a-da19-4c3a0d00f3b7,,2026-09-11T08:50:38.6817133Z,true,Boolean,3cf9f291-fc00-4b8d-93c0-9896d4305aaf,String,true,Boolean
acs:3cf9f291-fc00-4b8d-93c0-9896d4305aaf_00000031-2a1c-60d6-da19-4c3a0d00f3b9,,2026-09-11T08:57:22.0648699Z,true,Boolean,3cf9f291-fc00-4b8d-93c0-9896d4305aaf,String,true,Boolean
acs:3cf9f291-fc00-4b8d-93c0-9896d4305aaf_00000031-2a1c-623a-da19-4c3a0d00f3be,,2026-09-11T08:57:44.471598Z,true,Boolean,3cf9f291-fc00-4b8d-93c0-9896d4305aaf,String,true,Boolean
acs:3cf9f291-fc00-4b8d-93c0-9896d4305aaf_00000031-2a1c-639c-da19-4c3a0d00f3c2,,2026-09-11T08:49:39.6611325Z,true,Boolean,3cf9f291-fc00-4b8d-93c0-9896d4305aaf,String,true,Boolean
acs:3cf9f291-fc00-4b8d-93c0-9896d4305aaf_00000031-2a1c-6503-da19-4c3a0d00f3c5,,2026-09-11T08:57:38.4691712Z,false,Boolean,3cf9f291-fc00-4b8d-93c0-9896d4305aaf,String,true,Boolean
acs:3cf9f291-fc00-4b8d-93c0-9896d4305aaf_00000031-2a1c-6699-da19-4c3a0d00f3c7,,2026-09-11T08:54:42.1499873Z,true,Boolean,3cf9f291-fc00-4b8d-93c0-9896d4305aaf,String,true,Boolean
acs:3cf9f291-fc00-4b8d-93c0-9896d4305aaf_00000031-2a1c-67fc-da19-4c3a0d00f3ca,,2026-09-11T08:56:22.3965307Z,true,Boolean,3cf9f291-fc00-4b8d-93c0-9896d4305aaf,String,true,Boolean
acs:3cf9f291-fc00-4b8d-93c0-9896d4305aaf_00000031-2a1c-697c-da19-4c3a0d00f3cb,,2026-09-11T08:56:42.1028492Z,true,Boolean,3cf9f291-fc00-4b8d-93c0-9896d4305aaf,String,true,Boolean
acs:3cf9f291-fc00-4b8d-93c0-9896d4305aaf_00000031-2a1c-6ae8-da19-4c3a0d00f3cc,,2026-09-11T08:57:33.0727561Z,true,Boolean,3cf9f291-fc00-4b8d-93c0-9896d4305aaf,String,true,Boolean
acs:3cf9f291-fc00-4b8d-93c0-9896d4305aaf_00000031-2a1c-6c51-da19-4c3a0d00f3cd,,2026-09-11T08:55:59.6916045Z,true,Boolean,3cf9f291-fc00-4b8d-93c0-9896d4305aaf,String,true,Boolean
acs:3cf9f291-fc00-4b8d-93c0-9896d4305aaf_00000031-2a1c-6df3-da19-4c3a0d00f3ce,,2026-09-11T08:52:31.4351417Z,true,Boolean,3cf9f291-fc00-4b8d-93c0-9896d4305aaf,String,true,Boolean
acs:3cf9f291-fc00-4b8d-93c0-9896d4305aaf_00000031-2a1c-6f74-da19-4c3a0d00f3d1,,2026-09-11T08:57:42.4515478Z,true,Boolean,3cf9f291-fc00-4b8d-93c0-9896d4305aaf,String,true,Boolean
acs:3cf9f291-fc00-4b8d-93c0-9896d4305aaf_00000031-2a1c-70fe-da19-4c3a0d00f3d3,,2026-09-11T08:53:26.2369321Z,true,Boolean,3cf9f291-fc00-4b8d-93c0-9896d4305aaf,String,true,Boolean
acs:3cf9f291-fc00-4b8d-93c0-9896d4305aaf_00000031-2a1c-76ec-891a-4c3a0d00fb45,,2026-09-11T08:56:48.9132048Z,true,Boolean,3cf9f291-fc00-4b8d-93c0-9896d4305aaf,String,true,Boolean
acs:3cf9f291-fc00-4b8d-93c0-9896d4305aaf_00000031-2a1c-7878-891a-4c3a0d00fb46,,2026-09-11T08:56:30.3829198Z,true,Boolean,3cf9f291-fc00-4b8d-93c0-9896d4305aaf,String,true,Boolean
acs:3cf9f291-fc00-4b8d-93c0-9896d4305aaf_00000031-2a1c-79e9-891a-4c3a0d00fb47,,2026-09-11T08:57:49.8951836Z,true,Boolean,3cf9f291-fc00-4b8d-93c0-9896d4305aaf,String,true,Boolean
acs:3cf9f291-fc00-4b8d-93c0-9896d4305aaf_00000031-2a1c-7b5e-891a-4c3a0d00fb49,,2026-09-11T08:58:26.980598Z,true,Boolean,3cf9f291-fc00-4b8d-93c0-9896d4305aaf,String,true,Boolean
acs:3cf9f291-fc00-4b8d-93c0-9896d4305aaf_00000031-2a1c-7cc4-891a-4c3a0d00fb4a,,2026-09-11T08:53:23.3650621Z,true,Boolean,3cf9f291-fc00-4b8d-93c0-9896d4305aaf,String,true,Boolean
acs:3cf9f291-fc00-4b8d-93c0-9896d4305aaf_00000031-2a1c-7e3d-891a-4c3a0d00fb4c,,2026-09-11T08:58:14.9605077Z,true,Boolean,3cf9f291-fc00-4b8d-93c0-9896d4305aaf,String,true,Boolean
acs:3cf9f291-fc00-4b8d-93c0-9896d4305aaf_00000031-2a1c-80de-891a-4c3a0d00fb50,,2026-09-11T08:54:36.9845982Z,true,Boolean,3cf9f291-fc00-4b8d-93c0-9896d4305aaf,String,true,Boolean
acs:3cf9f291-fc00-4b8d-93c0-9896d4305aaf_00000031-2a1c-82ab-891a-4c3a0d00fb51,,2026-09-11T08:57:20.2907501Z,true,Boolean,3cf9f291-fc00-4b8d-93c0-9896d4305aaf,String,true,Boolean
acs:3cf9f291-fc00-4b8d-93c0-9896d4305aaf_00000031-2a1c-8408-891a-4c3a0d00fb52,,2026-09-11T08:56:03.3937669Z,true,Boolean,3cf9f291-fc00-4b8d-93c0-9896d4305aaf,String,true,Boolean
acs:3cf9f291-fc00-4b8d-93c0-9896d4305aaf_00000031-2a1c-8613-891a-4c3a0d00fb53,,2026-09-11T08:55:18.0514357Z,true,Boolean,3cf9f291-fc00-4b8d-93c0-9896d4305aaf,String,true,Boolean
acs:3cf9f291-fc00-4b8d-93c0-9896d4305aaf_00000031-2a1c-87f4-891a-4c3a0d00fb55,,2026-09-11T08:56:53.9638892Z,true,Boolean,3cf9f291-fc00-4b8d-93c0-9896d4305aaf,String,true,Boolean
acs:3cf9f291-fc00-4b8d-93c0-9896d4305aaf_00000031-2a1c-8966-891a-4c3a0d00fb58,,2026-09-11T08:58:38.8142096Z,true,Boolean,3cf9f291-fc00-4b8d-93c0-9896d4305aaf,String,true,Boolean
acs:3cf9f291-fc00-4b8d-93c0-9896d4305aaf_00000031-2a1c-8b16-891a-4c3a0d00fb5a,,2026-09-11T08:58:23.0093318Z,true,Boolean,3cf9f291-fc00-4b8d-93c0-9896d4305aaf,String,true,Boolean
acs:3cf9f291-fc00-4b8d-93c0-9896d4305aaf_00000031-2a1c-8cfb-891a-4c3a0d00fb5b,,2026-09-11T08:56:54.0498416Z,true,Boolean,3cf9f291-fc00-4b8d-93c0-9896d4305aaf,String,true,Boolean
acs:3cf9f291-fc00-4b8d-93c0-9896d4305aaf_00000031-2a1c-8e64-891a-4c3a0d00fb5d,,2026-09-11T08:58:01.4668792Z,true,Boolean,3cf9f291-fc00-4b8d-93c0-9896d4305aaf,String,true,Boolean
acs:3cf9f291-fc00-4b8d-93c0-9896d4305aaf_00000031-2a1c-8fe2-891a-4c3a0d00fb5f,,2026-09-11T08:58:08.6783274Z,true,Boolean,3cf9f291-fc00-4b8d-93c0-9896d4305aaf,String,true,Boolean
acs:3cf9f291-fc00-4b8d-93c0-9896d4305aaf_00000031-2a1c-9198-891a-4c3a0d00fb61,,2026-09-11T08:54:15.1573796Z,true,Boolean,3cf9f291-fc00-4b8d-93c0-9896d4305aaf,String,true,Boolean
acs:3cf9f291-fc00-4b8d-93c0-9896d4305aaf_00000031-2a1c-930b-891a-4c3a0d00fb62,,2026-09-11T08:48:04.6637539Z,true,Boolean,3cf9f291-fc00-4b8d-93c0-9896d4305aaf,String,true,Boolean
acs:3cf9f291-fc00-4b8d-93c0-9896d4305aaf_00000031-2a1c-946c-891a-4c3a0d00fb64,,2026-09-11T08:55:23.1672884Z,true,Boolean,3cf9f291-fc00-4b8d-93c0-9896d4305aaf,String,true,Boolean
acs:3cf9f291-fc00-4b8d-93c0-9896d4305aaf_00000031-2a1c-95c6-891a-4c3a0d00fb65,,2026-09-11T08:58:36.8925722Z,false,Boolean,3cf9f291-fc00-4b8d-93c0-9896d4305aaf,String,true,Boolean
acs:3cf9f291-fc00-4b8d-93c0-9896d4305aaf_00000031-2a1c-972e-891a-4c3a0d00fb66,,2026-09-11T08:56:26.7132613Z,true,Boolean,3cf9f291-fc00-4b8d-93c0-9896d4305aaf,String,true,Boolean
acs:3cf9f291-fc00-4b8d-93c0-9896d4305aaf_00000031-2a1c-98a6-891a-4c3a0d00fb67,,2026-09-11T08:45:46.986971Z,true,Boolean,3cf9f291-fc00-4b8d-93c0-9896d4305aaf,String,true,Boolean
acs:3cf9f291-fc00-4b8d-93c0-9896d4305aaf_00000031-2a1c-9a19-891a-4c3a0d00fb68,,2026-09-11T08:53:15.1792325Z,true,Boolean,3cf9f291-fc00-4b8d-93c0-9896d4305aaf,String,true,Boolean
acs:3cf9f291-fc00-4b8d-93c0-9896d4305aaf_00000031-2a1c-9ba6-891a-4c3a0d00fb69,,2026-09-11T08:57:20.7075183Z,true,Boolean,3cf9f291-fc00-4b8d-93c0-9896d4305aaf,String,true,Boolean
acs:3cf9f291-fc00-4b8d-93c0-9896d4305aaf_00000031-2a1c-9d3f-891a-4c3a0d00fb6a,,2026-09-11T08:55:26.7325481Z,true,Boolean,3cf9f291-fc00-4b8d-93c0-9896d4305aaf,String,true,Boolean
acs:3cf9f291-fc00-4b8d-93c0-9896d4305aaf_00000031-2a1c-9e9a-891a-4c3a0d00fb6c,,2026-09-11T08:56:22.9012514Z,true,Boolean,3cf9f291-fc00-4b8d-93c0-9896d4305aaf,String,true,Boolean
acs:3cf9f291-fc00-4b8d-93c0-9896d4305aaf_00000031-2a1c-9ff9-891a-4c3a0d00fb6d,,2026-09-11T08:55:36.1740883Z,true,Boolean,3cf9f291-fc00-4b8d-93c0-9896d4305aaf,String,true,Boolean
acs:3cf9f291-fc00-4b8d-93c0-9896d4305aaf_00000031-2a1c-a1a5-891a-4c3a0d00fb6e,,2026-09-11T08:55:16.8227838Z,true,Boolean,3cf9f291-fc00-4b8d-93c0-9896d4305aaf,String,true,Boolean
acs:3cf9f291-fc00-4b8d-93c0-9896d4305aaf_00000031-2a1c-a309-891a-4c3a0d00fb6f,,2026-09-11T08:51:01.119764Z,true,Boolean,3cf9f291-fc00-4b8d-93c0-9896d4305aaf,String,true,Boolean
acs:3cf9f291-fc00-4b8d-93c0-9896d4305aaf_00000031-2a1c-a462-891a-4c3a0d00fb70,,2026-09-11T08:54:51.9089178Z,true,Boolean,3cf9f291-fc00-4b8d-93c0-9896d4305aaf,String,true,Boolean
acs:3cf9f291-fc00-4b8d-93c0-9896d4305aaf_00000031-2a1c-a5cf-891a-4c3a0d00fb71,,2026-09-11T08:45:39.092757Z,true,Boolean,3cf9f291-fc00-4b8d-93c0-9896d4305aaf,String,true,Boolean
acs:3cf9f291-fc00-4b8d-93c0-9896d4305aaf_00000031-2a1c-a759-891a-4c3a0d00fb74,,2026-09-11T08:56:29.9521747Z,true,Boolean,3cf9f291-fc00-4b8d-93c0-9896d4305aaf,String,true,Boolean
acs:3cf9f291-fc00-4b8d-93c0-9896d4305aaf_00000031-2a1c-a8d5-891a-4c3a0d00fb78,,2026-09-11T08:58:15.5562829Z,true,Boolean,3cf9f291-fc00-4b8d-93c0-9896d4305aaf,String,true,Boolean
acs:3cf9f291-fc00-4b8d-93c0-9896d4305aaf_00000031-2a1c-aa57-891a-4c3a0d00fb7b,,2026-09-11T08:56:48.620367Z,true,Boolean,3cf9f291-fc00-4b8d-93c0-9896d4305aaf,String,true,Boolean
acs:3cf9f291-fc00-4b8d-93c0-9896d4305aaf_00000031-2a1c-abb5-891a-4c3a0d00fb7c,,2026-09-11T08:58:25.880205Z,true,Boolean,3cf9f291-fc00-4b8d-93c0-9896d4305aaf,String,true,Boolean
acs:3cf9f291-fc00-4b8d-93c0-9896d4305aaf_00000031-2a1c-ad63-891a-4c3a0d00fb7d,,2026-09-11T08:58:29.3213687Z,true,Boolean,3cf9f291-fc00-4b8d-93c0-9896d4305aaf,String,true,Boolean
acs:3cf9f291-fc00-4b8d-93c0-9896d4305aaf_00000031-2a1c-aec3-891a-4c3a0d00fb7e,,2026-09-11T08:58:28.3943538Z,false,Boolean,3cf9f291-fc00-4b8d-93c0-9896d4305aaf,String,true,Boolean
acs:3cf9f291-fc00-4b8d-93c0-9896d4305aaf_00000031-2a1c-b027-891a-4c3a0d00fb7f,,2026-09-11T08:56:04.2395732Z,true,Boolean,3cf9f291-fc00-4b8d-93c0-9896d4305aaf,String,true,Boolean
acs:3cf9f291-fc00-4b8d-93c0-9896d4305aaf_00000031-2a1c-b189-891a-4c3a0d00fb81,,2026-09-11T08:52:19.65383Z,true,Boolean,3cf9f291-fc00-4b8d-93c0-9896d4305aaf,String,true,Boolean
acs:3cf9f291-fc00-4b8d-93c0-9896d4305aaf_00000031-2a1c-b2e8-891a-4c3a0d00fb82,,2026-09-11T08:52:36.2248986Z,true,Boolean,3cf9f291-fc00-4b8d-93c0-9896d4305aaf,String,true,Boolean
acs:3cf9f291-fc00-4b8d-93c0-9896d4305aaf_00000031-2a1c-b440-891a-4c3a0d00fb83,,2026-09-11T08:56:36.8197726Z,true,Boolean,3cf9f291-fc00-4b8d-93c0-9896d4305aaf,String,true,Boolean
acs:3cf9f291-fc00-4b8d-93c0-9896d4305aaf_00000031-2a1c-b5f7-891a-4c3a0d00fb84,,2026-09-11T08:56:13.2429247Z,true,Boolean,3cf9f291-fc00-4b8d-93c0-9896d4305aaf,String,true,Boolean
acs:3cf9f291-fc00-4b8d-93c0-9896d4305aaf_00000031-2a1c-bbe5-1914-4c3a0d000d9a,,2026-09-11T08:50:22.5329385Z,true,Boolean,3cf9f291-fc00-4b8d-93c0-9896d4305aaf,String,true,Boolean
acs:3cf9f291-fc00-4b8d-93c0-9896d4305aaf_00000031-2a1c-bd67-1914-4c3a0d000d9c,,2026-09-11T08:53:17.6701925Z,true,Boolean,3cf9f291-fc00-4b8d-93c0-9896d4305aaf,String,true,Boolean
acs:3cf9f291-fc00-4b8d-93c0-9896d4305aaf_00000031-2a1c-bec9-1914-4c3a0d000d9e,,2026-09-11T08:51:54.7420091Z,true,Boolean,3cf9f291-fc00-4b8d-93c0-9896d4305aaf,String,true,Boolean
acs:3cf9f291-fc00-4b8d-93c0-9896d4305aaf_00000031-2a1c-c049-1914-4c3a0d000d9f,,2026-09-11T08:53:37.7778616Z,true,Boolean,3cf9f291-fc00-4b8d-93c0-9896d4305aaf,String,true,Boolean
acs:3cf9f291-fc00-4b8d-93c0-9896d4305aaf_00000031-2a1c-c1b7-1914-4c3a0d000da0,,2026-09-11T08:55:21.9821906Z,true,Boolean,3cf9f291-fc00-4b8d-93c0-9896d4305aaf,String,true,Boolean
acs:3cf9f291-fc00-4b8d-93c0-9896d4305aaf_00000031-2a1c-c36b-1914-4c3a0d000da1,,2026-09-11T08:57:47.1713417Z,true,Boolean,3cf9f291-fc00-4b8d-93c0-9896d4305aaf,String,true,Boolean
acs:3cf9f291-fc00-4b8d-93c0-9896d4305aaf_00000031-2a1c-c503-1914-4c3a0d000da2,,2026-09-11T08:51:51.8212907Z,true,Boolean,3cf9f291-fc00-4b8d-93c0-9896d4305aaf,String,true,Boolean
acs:3cf9f291-fc00-4b8d-93c0-9896d4305aaf_00000031-2a1c-c674-1914-4c3a0d000da3,,2026-09-11T08:54:54.9246583Z,true,Boolean,3cf9f291-fc00-4b8d-93c0-9896d4305aaf,String,true,Boolean
acs:3cf9f291-fc00-4b8d-93c0-9896d4305aaf_00000031-2a1c-c7e7-1914-4c3a0d000da4,,2026-09-11T08:57:12.4627366Z,false,Boolean,3cf9f291-fc00-4b8d-93c0-9896d4305aaf,String,true,Boolean
acs:3cf9f291-fc00-4b8d-93c0-9896d4305aaf_00000031-2a1c-c965-1914-4c3a0d000da5,,2026-09-11T08:52:54.9020291Z,true,Boolean,3cf9f291-fc00-4b8d-93c0-9896d4305aaf,String,true,Boolean
acs:3cf9f291-fc00-4b8d-93c0-9896d4305aaf_00000031-2a1c-cacb-1914-4c3a0d000da6,,2026-09-11T08:57:35.5814891Z,true,Boolean,3cf9f291-fc00-4b8d-93c0-9896d4305aaf,String,true,Boolean
acs:3cf9f291-fc00-4b8d-93c0-9896d4305aaf_00000031-2a1c-cc34-1914-4c3a0d000da7,,2026-09-11T08:58:27.5398301Z,false,Boolean,3cf9f291-fc00-4b8d-93c0-9896d4305aaf,String,true,Boolean
acs:3cf9f291-fc00-4b8d-93c0-9896d4305aaf_00000031-2a1c-d040-1914-4c3a0d000daa,,2026-09-11T08:55:18.8656355Z,true,Boolean,3cf9f291-fc00-4b8d-93c0-9896d4305aaf,String,true,Boolean
acs:3cf9f291-fc00-4b8d-93c0-9896d4305aaf_00000031-2a1c-d1a6-1914-4c3a0d000dab,,2026-09-11T08:53:22.4902546Z,true,Boolean,3cf9f291-fc00-4b8d-93c0-9896d4305aaf,String,true,Boolean
acs:3cf9f291-fc00-4b8d-93c0-9896d4305aaf_00000031-2a1c-d309-1914-4c3a0d000dac,,2026-09-11T08:58:29.5162596Z,false,Boolean,3cf9f291-fc00-4b8d-93c0-9896d4305aaf,String,true,Boolean
acs:3cf9f291-fc00-4b8d-93c0-9896d4305aaf_00000031-2a1c-d47b-1914-4c3a0d000dae,,2026-09-11T08:55:24.5284714Z,true,Boolean,3cf9f291-fc00-4b8d-93c0-9896d4305aaf,String,true,Boolean
acs:3cf9f291-fc00-4b8d-93c0-9896d4305aaf_00000031-2a1c-d5e2-1914-4c3a0d000daf,,2026-09-11T08:58:40.2086671Z,true,Boolean,3cf9f291-fc00-4b8d-93c0-9896d4305aaf,String,true,Boolean
acs:3cf9f291-fc00-4b8d-93c0-9896d4305aaf_00000031-2a1c-d77b-1914-4c3a0d000db0,,2026-09-11T08:56:03.614921Z,true,Boolean,3cf9f291-fc00-4b8d-93c0-9896d4305aaf,String,true,Boolean
acs:3cf9f291-fc00-4b8d-93c0-9896d4305aaf_00000031-2a1c-d906-1914-4c3a0d000db1,,2026-09-11T08:56:22.0685207Z,true,Boolean,3cf9f291-fc00-4b8d-93c0-9896d4305aaf,String,true,Boolean
acs:3cf9f291-fc00-4b8d-93c0-9896d4305aaf_00000031-2a1c-da6a-1914-4c3a0d000db2,,2026-09-11T08:57:19.7553618Z,true,Boolean,3cf9f291-fc00-4b8d-93c0-9896d4305aaf,String,true,Boolean
acs:3cf9f291-fc00-4b8d-93c0-9896d4305aaf_00000031-2a1c-dbce-1914-4c3a0d000db5,,2026-09-11T08:57:39.2257502Z,false,Boolean,3cf9f291-fc00-4b8d-93c0-9896d4305aaf,String,true,Boolean
acs:3cf9f291-fc00-4b8d-93c0-9896d4305aaf_00000031-2a1c-e0c0-8614-4c3a0d00f41d,,2026-09-11T08:53:57.9408443Z,true,Boolean,3cf9f291-fc00-4b8d-93c0-9896d4305aaf,String,true,Boolean
acs:3cf9f291-fc00-4b8d-93c0-9896d4305aaf_00000031-2a1c-e229-8614-4c3a0d00f41e,,2026-09-11T08:57:58.0306582Z,false,Boolean,3cf9f291-fc00-4b8d-93c0-9896d4305aaf,String,true,Boolean
acs:3cf9f291-fc00-4b8d-93c0-9896d4305aaf_00000031-2a1c-e588-0418-4c3a0d00f9ea,,2026-09-11T08:55:36.6678135Z,true,Boolean,3cf9f291-fc00-4b8d-93c0-9896d4305aaf,String,true,Boolean
acs:3cf9f291-fc00-4b8d-93c0-9896d4305aaf_00000031-2a1c-e6fb-0418-4c3a0d00f9ec,,2026-09-11T08:58:40.6687718Z,true,Boolean,3cf9f291-fc00-4b8d-93c0-9896d4305aaf,String,true,Boolean
acs:3cf9f291-fc00-4b8d-93c0-9896d4305aaf_00000031-2a1c-e88f-0418-4c3a0d00f9ed,,2026-09-11T08:57:50.5810521Z,true,Boolean,3cf9f291-fc00-4b8d-93c0-9896d4305aaf,String,true,Boolean
acs:3cf9f291-fc00-4b8d-93c0-9896d4305aaf_00000031-2a1c-e9ed-0418-4c3a0d00f9f0,,2026-09-11T08:57:54.1404873Z,true,Boolean,3cf9f291-fc00-4b8d-93c0-9896d4305aaf,String,true,Boolean
acs:3cf9f291-fc00-4b8d-93c0-9896d4305aaf_00000031-2a1c-eb4e-0418-4c3a0d00f9f1,,2026-09-11T08:57:19.3935639Z,true,Boolean,3cf9f291-fc00-4b8d-93c0-9896d4305aaf,String,true,Boolean
acs:3cf9f291-fc00-4b8d-93c0-9896d4305aaf_00000031-2a1c-ecc1-0418-4c3a0d00f9f2,,2026-09-11T08:52:30.4881336Z,true,Boolean,3cf9f291-fc00-4b8d-93c0-9896d4305aaf,String,true,Boolean
acs:3cf9f291-fc00-4b8d-93c0-9896d4305aaf_00000031-2a1c-ee23-0418-4c3a0d00f9f3,,2026-09-11T08:54:36.1688505Z,true,Boolean,3cf9f291-fc00-4b8d-93c0-9896d4305aaf,String,true,Boolean
acs:3cf9f291-fc00-4b8d-93c0-9896d4305aaf_00000031-2a1c-ef82-0418-4c3a0d00f9f4,,2026-09-11T08:57:42.3485949Z,true,Boolean,3cf9f291-fc00-4b8d-93c0-9896d4305aaf,String,true,Boolean
acs:3cf9f291-fc00-4b8d-93c0-9896d4305aaf_00000031-2a1c-f0f9-0418-4c3a0d00f9f7,,2026-09-11T08:52:29.9237582Z,true,Boolean,3cf9f291-fc00-4b8d-93c0-9896d4305aaf,String,true,Boolean
acs:3cf9f291-fc00-4b8d-93c0-9896d4305aaf_00000031-2a1c-f25d-0418-4c3a0d00f9f8,,2026-09-11T08:56:49.6447961Z,true,Boolean,3cf9f291-fc00-4b8d-93c0-9896d4305aaf,String,true,Boolean
acs:3cf9f291-fc00-4b8d-93c0-9896d4305aaf_00000031-2a1c-f441-0418-4c3a0d00f9fc,,2026-09-11T08:55:33.9900358Z,true,Boolean,3cf9f291-fc00-4b8d-93c0-9896d4305aaf,String,true,Boolean
acs:3cf9f291-fc00-4b8d-93c0-9896d4305aaf_00000031-2a1c-f59e-0418-4c3a0d00f9fd,,2026-09-11T08:57:41.2714403Z,true,Boolean,3cf9f291-fc00-4b8d-93c0-9896d4305aaf,String,true,Boolean
acs:3cf9f291-fc00-4b8d-93c0-9896d4305aaf_00000031-2a1c-f70a-0418-4c3a0d00f9fe,,2026-09-11T08:57:41.2074759Z,true,Boolean,3cf9f291-fc00-4b8d-93c0-9896d4305aaf,String,true,Boolean
acs:3cf9f291-fc00-4b8d-93c0-9896d4305aaf_00000031-2a1c-f86d-0418-4c3a0d00f9ff,,2026-09-11T08:57:48.5486624Z,false,Boolean,3cf9f291-fc00-4b8d-93c0-9896d4305aaf,String,true,Boolean
acs:3cf9f291-fc00-4b8d-93c0-9896d4305aaf_00000031-2a1c-fbfa-0418-4c3a0d00fa00,,2026-09-11T08:57:02.9222705Z,true,Boolean,3cf9f291-fc00-4b8d-93c0-9896d4305aaf,String,true,Boolean
acs:3cf9f291-fc00-4b8d-93c0-9896d4305aaf_00000031-2a1c-fd68-0418-4c3a0d00fa01,,2026-09-11T08:49:28.4305076Z,true,Boolean,3cf9f291-fc00-4b8d-93c0-9896d4305aaf,String,true,Boolean
acs:3cf9f291-fc00-4b8d-93c0-9896d4305aaf_00000031-2a1c-fecf-0418-4c3a0d00fa02,,2026-09-11T08:44:46.323791Z,true,Boolean,3cf9f291-fc00-4b8d-93c0-9896d4305aaf,String,true,Boolean
acs:3cf9f291-fc00-4b8d-93c0-9896d4305aaf_00000031-2a1d-002d-0418-4c3a0d00fa04,,2026-09-11T08:57:42.7094044Z,true,Boolean,3cf9f291-fc00-4b8d-93c0-9896d4305aaf,String,true,Boolean
acs:3cf9f291-fc00-4b8d-93c0-9896d4305aaf_00000031-2a1d-0188-0418-4c3a0d00fa05,,2026-09-11T08:56:37.3092508Z,true,Boolean,3cf9f291-fc00-4b8d-93c0-9896d4305aaf,String,true,Boolean
acs:3cf9f291-fc00-4b8d-93c0-9896d4305aaf_00000031-2a1d-02e5-0418-4c3a0d00fa06,,2026-09-11T08:57:41.4193582Z,true,Boolean,3cf9f291-fc00-4b8d-93c0-9896d4305aaf,String,true,Boolean
acs:3cf9f291-fc00-4b8d-93c0-9896d4305aaf_00000031-2a1d-0442-0418-4c3a0d00fa08,,2026-09-11T08:53:23.285409Z,true,Boolean,3cf9f291-fc00-4b8d-93c0-9896d4305aaf,String,true,Boolean
acs:3cf9f291-fc00-4b8d-93c0-9896d4305aaf_00000031-2a1d-05a0-0418-4c3a0d00fa09,,2026-09-11T08:58:36.9875198Z,true,Boolean,3cf9f291-fc00-4b8d-93c0-9896d4305aaf,String,true,Boolean
acs:3cf9f291-fc00-4b8d-93c0-9896d4305aaf_00000031-2a1d-0701-0418-4c3a0d00fa0a,,2026-09-11T08:58:15.0124784Z,true,Boolean,3cf9f291-fc00-4b8d-93c0-9896d4305aaf,String,true,Boolean
acs:3cf9f291-fc00-4b8d-93c0-9896d4305aaf_00000031-2a1d-0860-0418-4c3a0d00fa0b,,2026-09-11T08:58:40.619799Z,true,Boolean,3cf9f291-fc00-4b8d-93c0-9896d4305aaf,String,true,Boolean
acs:3cf9f291-fc00-4b8d-93c0-9896d4305aaf_00000031-2a1d-09ca-0418-4c3a0d00fa0c,,2026-09-11T08:54:54.6527017Z,true,Boolean,3cf9f291-fc00-4b8d-93c0-9896d4305aaf,String,true,Boolean
acs:3cf9f291-fc00-4b8d-93c0-9896d4305aaf_00000031-2a1d-0b2a-0418-4c3a0d00fa0d,,2026-09-11T08:57:13.1483543Z,true,Boolean,3cf9f291-fc00-4b8d-93c0-9896d4305aaf,String,true,Boolean
acs:3cf9f291-fc00-4b8d-93c0-9896d4305aaf_00000031-2a1d-0c90-0418-4c3a0d00fa0f,,2026-09-11T08:55:39.3117567Z,true,Boolean,3cf9f291-fc00-4b8d-93c0-9896d4305aaf,String,true,Boolean
acs:3cf9f291-fc00-4b8d-93c0-9896d4305aaf_00000031-2a1d-0ded-0418-4c3a0d00fa11,,2026-09-11T08:52:03.8654359Z,true,Boolean,3cf9f291-fc00-4b8d-93c0-9896d4305aaf,String,true,Boolean
acs:3cf9f291-fc00-4b8d-93c0-9896d4305aaf_00000031-2a1d-0f63-0418-4c3a0d00fa12,,2026-09-11T08:58:38.1665707Z,false,Boolean,3cf9f291-fc00-4b8d-93c0-9896d4305aaf,String,true,Boolean
acs:3cf9f291-fc00-4b8d-93c0-9896d4305aaf_00000031-2a1d-10c1-0418-4c3a0d00fa13,,2026-09-11T08:56:37.0693845Z,true,Boolean,3cf9f291-fc00-4b8d-93c0-9896d4305aaf,String,true,Boolean
acs:3cf9f291-fc00-4b8d-93c0-9896d4305aaf_00000031-2a1d-1227-0418-4c3a0d00fa14,,2026-09-11T08:47:29.2283332Z,true,Boolean,3cf9f291-fc00-4b8d-93c0-9896d4305aaf,String,true,Boolean
acs:3cf9f291-fc00-4b8d-93c0-9896d4305aaf_00000031-2a1d-138a-0418-4c3a0d00fa15,,2026-09-11T08:53:03.7037446Z,true,Boolean,3cf9f291-fc00-4b8d-93c0-9896d4305aaf,String,true,Boolean
acs:3cf9f291-fc00-4b8d-93c0-9896d4305aaf_00000031-2a1d-14fa-0418-4c3a0d00fa17,,2026-09-11T08:58:24.4707341Z,true,Boolean,3cf9f291-fc00-4b8d-93c0-9896d4305aaf,String,true,Boolean
acs:3cf9f291-fc00-4b8d-93c0-9896d4305aaf_00000031-2a1d-165b-0418-4c3a0d00fa18,,2026-09-11T08:53:44.7333981Z,true,Boolean,3cf9f291-fc00-4b8d-93c0-9896d4305aaf,String,true,Boolean
acs:3cf9f291-fc00-4b8d-93c0-9896d4305aaf_00000031-2a1d-17c0-0418-4c3a0d00fa19,,2026-09-11T08:52:36.1249547Z,true,Boolean,3cf9f291-fc00-4b8d-93c0-9896d4305aaf,String,true,Boolean
acs:3cf9f291-fc00-4b8d-93c0-9896d4305aaf_00000031-2a1d-191f-0418-4c3a0d00fa1a,,2026-09-11T08:50:03.2801677Z,true,Boolean,3cf9f291-fc00-4b8d-93c0-9896d4305aaf,String,true,Boolean
acs:3cf9f291-fc00-4b8d-93c0-9896d4305aaf_00000031-2a1d-1a9b-0418-4c3a0d00fa1b,,2026-09-11T08:57:35.7841464Z,true,Boolean,3cf9f291-fc00-4b8d-93c0-9896d4305aaf,String,true,Boolean
acs:3cf9f291-fc00-4b8d-93c0-9896d4305aaf_00000031-2a1d-1bfe-0418-4c3a0d00fa1d,,2026-09-11T08:51:19.8415837Z,true,Boolean,3cf9f291-fc00-4b8d-93c0-9896d4305aaf,String,true,Boolean
acs:3cf9f291-fc00-4b8d-93c0-9896d4305aaf_00000031-2a1d-1d64-0418-4c3a0d00fa1e,,2026-09-11T08:57:08.2713365Z,true,Boolean,3cf9f291-fc00-4b8d-93c0-9896d4305aaf,String,true,Boolean
acs:3cf9f291-fc00-4b8d-93c0-9896d4305aaf_00000031-2a1d-1ecb-0418-4c3a0d00fa1f,,2026-09-11T08:56:31.0195654Z,true,Boolean,3cf9f291-fc00-4b8d-93c0-9896d4305aaf,String,true,Boolean
acs:3cf9f291-fc00-4b8d-93c0-9896d4305aaf_00000031-2a1d-202d-0418-4c3a0d00fa20,,2026-09-11T08:58:21.6357421Z,true,Boolean,3cf9f291-fc00-4b8d-93c0-9896d4305aaf,String,true,Boolean
acs:3cf9f291-fc00-4b8d-93c0-9896d4305aaf_00000031-2a1d-218d-0418-4c3a0d00fa21,,2026-09-11T08:54:41.5883002Z,true,Boolean,3cf9f291-fc00-4b8d-93c0-9896d4305aaf,String,true,Boolean
acs:3cf9f291-fc00-4b8d-93c0-9896d4305aaf_00000031-2a1d-22f4-0418-4c3a0d00fa22,,2026-09-11T08:55:26.4635686Z,true,Boolean,3cf9f291-fc00-4b8d-93c0-9896d4305aaf,String,true,Boolean
acs:3cf9f291-fc00-4b8d-93c0-9896d4305aaf_00000031-2a1d-2465-0418-4c3a0d00fa24,,2026-09-11T08:54:54.8651448Z,true,Boolean,3cf9f291-fc00-4b8d-93c0-9896d4305aaf,String,true,Boolean
acs:3cf9f291-fc00-4b8d-93c0-9896d4305aaf_00000031-2a1d-25c4-0418-4c3a0d00fa25,,2026-09-11T08:57:23.5596129Z,true,Boolean,3cf9f291-fc00-4b8d-93c0-9896d4305aaf,String,true,Boolean
acs:3cf9f291-fc00-4b8d-93c0-9896d4305aaf_00000031-2a1d-2724-0418-4c3a0d00fa26,,2026-09-11T08:58:31.1015992Z,true,Boolean,3cf9f291-fc00-4b8d-93c0-9896d4305aaf,String,true,Boolean
acs:3cf9f291-fc00-4b8d-93c0-9896d4305aaf_00000031-2a1d-28ef-0418-4c3a0d00fa28,,2026-09-11T08:55:14.8956969Z,true,Boolean,3cf9f291-fc00-4b8d-93c0-9896d4305aaf,String,true,Boolean
acs:3cf9f291-fc00-4b8d-93c0-9896d4305aaf_00000031-2a1d-2a4b-0418-4c3a0d00fa29,,2026-09-11T08:58:14.7006522Z,true,Boolean,3cf9f291-fc00-4b8d-93c0-9896d4305aaf,String,true,Boolean
acs:3cf9f291-fc00-4b8d-93c0-9896d4305aaf_00000031-2a1d-2bad-0418-4c3a0d00fa2a,,2026-09-11T08:54:45.953811Z,true,Boolean,3cf9f291-fc00-4b8d-93c0-9896d4305aaf,String,true,Boolean
acs:3cf9f291-fc00-4b8d-93c0-9896d4305aaf_00000031-2a1d-2d28-0418-4c3a0d00fa2b,,2026-09-11T08:56:50.2771785Z,true,Boolean,3cf9f291-fc00-4b8d-93c0-9896d4305aaf,String,true,Boolean
acs:3cf9f291-fc00-4b8d-93c0-9896d4305aaf_00000031-2a1d-3172-8614-4c3a0d00f43b,,2026-09-11T08:55:15.1365647Z,true,Boolean,3cf9f291-fc00-4b8d-93c0-9896d4305aaf,String,true,Boolean
acs:3cf9f291-fc00-4b8d-93c0-9896d4305aaf_00000031-2a1d-32e6-8614-4c3a0d00f43d,,2026-09-11T08:49:48.5974353Z,true,Boolean,3cf9f291-fc00-4b8d-93c0-9896d4305aaf,String,true,Boolean
acs:3cf9f291-fc00-4b8d-93c0-9896d4305aaf_00000031-2a1d-34b7-8614-4c3a0d00f440,,2026-09-11T08:54:19.4689906Z,true,Boolean,3cf9f291-fc00-4b8d-93c0-9896d4305aaf,String,true,Boolean
acs:3cf9f291-fc00-4b8d-93c0-9896d4305aaf_00000031-2a1d-3649-8614-4c3a0d00f441,,2026-09-11T08:47:30.4163917Z,true,Boolean,3cf9f291-fc00-4b8d-93c0-9896d4305aaf,String,true,Boolean
acs:3cf9f291-fc00-4b8d-93c0-9896d4305aaf_00000031-2a1d-37dd-8614-4c3a0d00f442,,2026-09-11T08:49:14.7096886Z,true,Boolean,3cf9f291-fc00-4b8d-93c0-9896d4305aaf,String,true,Boolean
acs:3cf9f291-fc00-4b8d-93c0-9896d4305aaf_00000031-2a1d-3979-8614-4c3a0d00f443,,2026-09-11T08:53:59.2009474Z,true,Boolean,3cf9f291-fc00-4b8d-93c0-9896d4305aaf,String,true,Boolean
acs:3cf9f291-fc00-4b8d-93c0-9896d4305aaf_00000031-2a1d-3afc-8614-4c3a0d00f444,,2026-09-11T08:57:43.8709326Z,true,Boolean,3cf9f291-fc00-4b8d-93c0-9896d4305aaf,String,true,Boolean
acs:3cf9f291-fc00-4b8d-93c0-9896d4305aaf_00000031-2a1d-3c70-8614-4c3a0d00f446,,2026-09-11T08:57:42.9142905Z,true,Boolean,3cf9f291-fc00-4b8d-93c0-9896d4305aaf,String,true,Boolean
acs:3cf9f291-fc00-4b8d-93c0-9896d4305aaf_00000031-2a1d-3dea-8614-4c3a0d00f447,,2026-09-11T08:55:20.7937043Z,true,Boolean,3cf9f291-fc00-4b8d-93c0-9896d4305aaf,String,true,Boolean
acs:3cf9f291-fc00-4b8d-93c0-9896d4305aaf_00000031-2a1d-3f65-8614-4c3a0d00f448,,2026-09-11T08:56:23.3949744Z,true,Boolean,3cf9f291-fc00-4b8d-93c0-9896d4305aaf,String,true,Boolean
acs:3cf9f291-fc00-4b8d-93c0-9896d4305aaf_00000031-2a1d-40ea-8614-4c3a0d00f449,,2026-09-11T08:55:10.8609743Z,true,Boolean,3cf9f291-fc00-4b8d-93c0-9896d4305aaf,String,true,Boolean
acs:3cf9f291-fc00-4b8d-93c0-9896d4305aaf_00000031-2a1d-425f-8614-4c3a0d00f44a,,2026-09-11T08:47:13.7689364Z,true,Boolean,3cf9f291-fc00-4b8d-93c0-9896d4305aaf,String,true,Boolean
acs:3cf9f291-fc00-4b8d-93c0-9896d4305aaf_00000031-2a1d-4443-8614-4c3a0d00f44c,,2026-09-11T08:56:24.7204134Z,true,Boolean,3cf9f291-fc00-4b8d-93c0-9896d4305aaf,String,true,Boolean
acs:3cf9f291-fc00-4b8d-93c0-9896d4305aaf_00000031-2a1d-45ca-8614-4c3a0d00f44d,,2026-09-11T08:57:34.2228251Z,true,Boolean,3cf9f291-fc00-4b8d-93c0-9896d4305aaf,String,true,Boolean
acs:3cf9f291-fc00-4b8d-93c0-9896d4305aaf_00000031-2a1d-473f-8614-4c3a0d00f44e,,2026-09-11T08:58:10.8320913Z,true,Boolean,3cf9f291-fc00-4b8d-93c0-9896d4305aaf,String,true,Boolean
acs:3cf9f291-fc00-4b8d-93c0-9896d4305aaf_00000031-2a1d-48b6-8614-4c3a0d00f450,,2026-09-11T08:57:47.3782266Z,true,Boolean,3cf9f291-fc00-4b8d-93c0-9896d4305aaf,String,true,Boolean
acs:3cf9f291-fc00-4b8d-93c0-9896d4305aaf_00000031-2a1d-4a31-8614-4c3a0d00f454,,2026-09-11T08:57:43.1221744Z,true,Boolean,3cf9f291-fc00-4b8d-93c0-9896d4305aaf,String,true,Boolean
acs:3cf9f291-fc00-4b8d-93c0-9896d4305aaf_00000031-2a1d-4ba5-8614-4c3a0d00f455,,2026-09-11T08:43:53.9404363Z,true,Boolean,3cf9f291-fc00-4b8d-93c0-9896d4305aaf,String,true,Boolean
acs:3cf9f291-fc00-4b8d-93c0-9896d4305aaf_00000031-2a1d-4d35-8614-4c3a0d00f456,,2026-09-11T08:54:50.3864105Z,true,Boolean,3cf9f291-fc00-4b8d-93c0-9896d4305aaf,String,true,Boolean
acs:3cf9f291-fc00-4b8d-93c0-9896d4305aaf_00000031-2a1d-4eaa-8614-4c3a0d00f457,,2026-09-11T08:55:52.32272Z,true,Boolean,3cf9f291-fc00-4b8d-93c0-9896d4305aaf,String,true,Boolean
acs:3cf9f291-fc00-4b8d-93c0-9896d4305aaf_00000031-2a1d-5024-8614-4c3a0d00f458,,2026-09-11T08:55:28.3173373Z,true,Boolean,3cf9f291-fc00-4b8d-93c0-9896d4305aaf,String,true,Boolean
acs:3cf9f291-fc00-4b8d-93c0-9896d4305aaf_00000031-2a1d-519a-8614-4c3a0d00f459,,2026-09-11T08:58:19.2845424Z,false,Boolean,3cf9f291-fc00-4b8d-93c0-9896d4305aaf,String,true,Boolean
acs:3cf9f291-fc00-4b8d-93c0-9896d4305aaf_00000031-2a1d-5317-8614-4c3a0d00f45a,,2026-09-11T08:51:51.4734842Z,true,Boolean,3cf9f291-fc00-4b8d-93c0-9896d4305aaf,String,true,Boolean
acs:3cf9f291-fc00-4b8d-93c0-9896d4305aaf_00000031-2a1d-54c2-8614-4c3a0d00f45b,,2026-09-11T08:58:38.5983298Z,false,Boolean,3cf9f291-fc00-4b8d-93c0-9896d4305aaf,String,true,Boolean
acs:3cf9f291-fc00-4b8d-93c0-9896d4305aaf_00000031-2a1d-5642-8614-4c3a0d00f45c,,2026-09-11T08:48:45.499073Z,true,Boolean,3cf9f291-fc00-4b8d-93c0-9896d4305aaf,String,true,Boolean
acs:3cf9f291-fc00-4b8d-93c0-9896d4305aaf_00000031-2a1d-5801-8614-4c3a0d00f45e,,2026-09-11T08:55:20.6118055Z,true,Boolean,3cf9f291-fc00-4b8d-93c0-9896d4305aaf,String,true,Boolean
acs:3cf9f291-fc00-4b8d-93c0-9896d4305aaf_00000031-2a1d-598c-8614-4c3a0d00f45f,,2026-09-11T08:58:27.1651188Z,true,Boolean,3cf9f291-fc00-4b8d-93c0-9896d4305aaf,String,true,Boolean
acs:3cf9f291-fc00-4b8d-93c0-9896d4305aaf_00000031-2a1d-5b3b-8614-4c3a0d00f460,,2026-09-11T08:58:20.5743679Z,true,Boolean,3cf9f291-fc00-4b8d-93c0-9896d4305aaf,String,true,Boolean
acs:3cf9f291-fc00-4b8d-93c0-9896d4305aaf_00000031-2a1d-5ef1-8614-4c3a0d00f464,,2026-09-11T08:48:39.5381519Z,true,Boolean,3cf9f291-fc00-4b8d-93c0-9896d4305aaf,String,true,Boolean
acs:3cf9f291-fc00-4b8d-93c0-9896d4305aaf_00000031-2a1d-606a-8614-4c3a0d00f465,,2026-09-11T08:53:37.4960186Z,true,Boolean,3cf9f291-fc00-4b8d-93c0-9896d4305aaf,String,true,Boolean
acs:3cf9f291-fc00-4b8d-93c0-9896d4305aaf_00000031-2a1d-6238-8614-4c3a0d00f466,,2026-09-11T08:51:34.5474855Z,true,Boolean,3cf9f291-fc00-4b8d-93c0-9896d4305aaf,String,true,Boolean
acs:3cf9f291-fc00-4b8d-93c0-9896d4305aaf_00000031-2a1d-6477-0418-4c3a0d00fa4a,,2026-09-11T08:52:34.9657663Z,true,Boolean,3cf9f291-fc00-4b8d-93c0-9896d4305aaf,String,true,Boolean
acs:3cf9f291-fc00-4b8d-93c0-9896d4305aaf_00000031-2a1d-6733-0418-4c3a0d00fa4c,,2026-09-11T08:58:37.6996596Z,false,Boolean,3cf9f291-fc00-4b8d-93c0-9896d4305aaf,String,true,Boolean
acs:3cf9f291-fc00-4b8d-93c0-9896d4305aaf_00000031-2a1d-689b-0418-4c3a0d00fa50,,2026-09-11T08:52:03.4646592Z,true,Boolean,3cf9f291-fc00-4b8d-93c0-9896d4305aaf,String,true,Boolean
acs:3cf9f291-fc00-4b8d-93c0-9896d4305aaf_00000031-2a1d-6a11-0418-4c3a0d00fa52,,2026-09-11T08:56:13.8565812Z,true,Boolean,3cf9f291-fc00-4b8d-93c0-9896d4305aaf,String,true,Boolean
acs:3cf9f291-fc00-4b8d-93c0-9896d4305aaf_00000031-2a1d-6bb6-0418-4c3a0d00fa53,,2026-09-11T08:55:29.18142Z,true,Boolean,3cf9f291-fc00-4b8d-93c0-9896d4305aaf,String,true,Boolean
acs:3cf9f291-fc00-4b8d-93c0-9896d4305aaf_00000031-2a1d-6d1d-0418-4c3a0d00fa54,,2026-09-11T08:50:02.1056529Z,true,Boolean,3cf9f291-fc00-4b8d-93c0-9896d4305aaf,String,true,Boolean
acs:3cf9f291-fc00-4b8d-93c0-9896d4305aaf_00000031-2a1d-6e95-0418-4c3a0d00fa55,,2026-09-11T08:53:23.7598421Z,true,Boolean,3cf9f291-fc00-4b8d-93c0-9896d4305aaf,String,true,Boolean
acs:3cf9f291-fc00-4b8d-93c0-9896d4305aaf_00000031-2a1d-7001-0418-4c3a0d00fa56,,2026-09-11T08:58:29.5082641Z,true,Boolean,3cf9f291-fc00-4b8d-93c0-9896d4305aaf,String,true,Boolean
acs:3cf9f291-fc00-4b8d-93c0-9896d4305aaf_00000031-2a1d-7176-0418-4c3a0d00fa57,,2026-09-11T08:58:39.0300896Z,false,Boolean,3cf9f291-fc00-4b8d-93c0-9896d4305aaf,String,true,Boolean
acs:3cf9f291-fc00-4b8d-93c0-9896d4305aaf_00000031-2a1d-72ee-0418-4c3a0d00fa59,,2026-09-11T08:57:18.9877894Z,true,Boolean,3cf9f291-fc00-4b8d-93c0-9896d4305aaf,String,true,Boolean
acs:3cf9f291-fc00-4b8d-93c0-9896d4305aaf_00000031-2a1d-74a0-0418-4c3a0d00fa5b,,2026-09-11T08:57:42.7164004Z,true,Boolean,3cf9f291-fc00-4b8d-93c0-9896d4305aaf,String,true,Boolean
acs:3cf9f291-fc00-4b8d-93c0-9896d4305aaf_00000031-2a1d-762f-0418-4c3a0d00fa5c,,2026-09-11T08:50:47.1453322Z,true,Boolean,3cf9f291-fc00-4b8d-93c0-9896d4305aaf,String,true,Boolean
acs:3cf9f291-fc00-4b8d-93c0-9896d4305aaf_00000031-2a1d-77e2-0418-4c3a0d00fa5e,,2026-09-11T08:57:52.7869694Z,true,Boolean,3cf9f291-fc00-4b8d-93c0-9896d4305aaf,String,true,Boolean
acs:3cf9f291-fc00-4b8d-93c0-9896d4305aaf_00000031-2a1d-7962-0418-4c3a0d00fa5f,,2026-09-11T08:57:54.0815201Z,true,Boolean,3cf9f291-fc00-4b8d-93c0-9896d4305aaf,String,true,Boolean
acs:3cf9f291-fc00-4b8d-93c0-9896d4305aaf_00000031-2a1d-7acb-0418-4c3a0d00fa62,,2026-09-11T08:56:29.7362953Z,true,Boolean,3cf9f291-fc00-4b8d-93c0-9896d4305aaf,String,true,Boolean
acs:3cf9f291-fc00-4b8d-93c0-9896d4305aaf_00000031-2a1d-7c54-0418-4c3a0d00fa63,,2026-09-11T08:51:39.2591721Z,true,Boolean,3cf9f291-fc00-4b8d-93c0-9896d4305aaf,String,true,Boolean
acs:3cf9f291-fc00-4b8d-93c0-9896d4305aaf_00000031-2a1d-7dbb-0418-4c3a0d00fa64,,2026-09-11T08:57:33.3373187Z,true,Boolean,3cf9f291-fc00-4b8d-93c0-9896d4305aaf,String,true,Boolean
acs:3cf9f291-fc00-4b8d-93c0-9896d4305aaf_00000031-2a1d-7f24-0418-4c3a0d00fa65,,2026-09-11T08:56:21.6982169Z,true,Boolean,3cf9f291-fc00-4b8d-93c0-9896d4305aaf,String,true,Boolean
acs:3cf9f291-fc00-4b8d-93c0-9896d4305aaf_00000031-2a1d-808d-0418-4c3a0d00fa66,,2026-09-11T08:56:43.6650812Z,true,Boolean,3cf9f291-fc00-4b8d-93c0-9896d4305aaf,String,true,Boolean
acs:3cf9f291-fc00-4b8d-93c0-9896d4305aaf_00000031-2a1d-81fc-0418-4c3a0d00fa67,,2026-09-11T08:57:56.7452Z,true,Boolean,3cf9f291-fc00-4b8d-93c0-9896d4305aaf,String,true,Boolean
acs:3cf9f291-fc00-4b8d-93c0-9896d4305aaf_00000031-2a1d-8361-0418-4c3a0d00fa68,,2026-09-11T08:58:22.0900338Z,false,Boolean,3cf9f291-fc00-4b8d-93c0-9896d4305aaf,String,true,Boolean
acs:3cf9f291-fc00-4b8d-93c0-9896d4305aaf_00000031-2a1d-84d9-0418-4c3a0d00fa69,,2026-09-11T08:57:42.5574886Z,true,Boolean,3cf9f291-fc00-4b8d-93c0-9896d4305aaf,String,true,Boolean
acs:3cf9f291-fc00-4b8d-93c0-9896d4305aaf_00000031-2a1d-8643-0418-4c3a0d00fa6a,,2026-09-11T08:53:53.7659107Z,true,Boolean,3cf9f291-fc00-4b8d-93c0-9896d4305aaf,String,true,Boolean
acs:3cf9f291-fc00-4b8d-93c0-9896d4305aaf_00000031-2a1d-89d8-5816-4c3a0d00024a,,2026-09-11T08:56:29.4614488Z,true,Boolean,3cf9f291-fc00-4b8d-93c0-9896d4305aaf,String,true,Boolean
acs:3cf9f291-fc00-4b8d-93c0-9896d4305aaf_00000031-2a1d-8b4a-5816-4c3a0d00024d,,2026-09-11T08:56:07.3292723Z,true,Boolean,3cf9f291-fc00-4b8d-93c0-9896d4305aaf,String,true,Boolean
acs:3cf9f291-fc00-4b8d-93c0-9896d4305aaf_00000031-2a1d-8cbb-5816-4c3a0d00024e,,2026-09-11T08:56:14.402802Z,true,Boolean,3cf9f291-fc00-4b8d-93c0-9896d4305aaf,String,true,Boolean
acs:3cf9f291-fc00-4b8d-93c0-9896d4305aaf_00000031-2a1d-8e2b-5816-4c3a0d00024f,,2026-09-11T08:58:02.419438Z,true,Boolean,3cf9f291-fc00-4b8d-93c0-9896d4305aaf,String,true,Boolean
acs:3cf9f291-fc00-4b8d-93c0-9896d4305aaf_00000031-2a1d-8f9c-5816-4c3a0d000250,,2026-09-11T08:57:03.4669671Z,true,Boolean,3cf9f291-fc00-4b8d-93c0-9896d4305aaf,String,true,Boolean
acs:3cf9f291-fc00-4b8d-93c0-9896d4305aaf_00000031-2a1d-910e-5816-4c3a0d000251,,2026-09-11T08:58:26.9955901Z,false,Boolean,3cf9f291-fc00-4b8d-93c0-9896d4305aaf,String,true,Boolean
acs:3cf9f291-fc00-4b8d-93c0-9896d4305aaf_00000031-2a1d-927c-5816-4c3a0d000252,,2026-09-11T08:58:39.0130991Z,true,Boolean,3cf9f291-fc00-4b8d-93c0-9896d4305aaf,String,true,Boolean
acs:3cf9f291-fc00-4b8d-93c0-9896d4305aaf_00000031-2a1d-93ee-5816-4c3a0d000253,,2026-09-11T08:53:54.2504268Z,true,Boolean,3cf9f291-fc00-4b8d-93c0-9896d4305aaf,String,true,Boolean
acs:3cf9f291-fc00-4b8d-93c0-9896d4305aaf_00000031-2a1d-9564-5816-4c3a0d000255,,2026-09-11T08:57:12.7335855Z,true,Boolean,3cf9f291-fc00-4b8d-93c0-9896d4305aaf,String,true,Boolean
acs:3cf9f291-fc00-4b8d-93c0-9896d4305aaf_00000031-2a1d-9706-5816-4c3a0d000257,,2026-09-11T08:55:14.8477234Z,true,Boolean,3cf9f291-fc00-4b8d-93c0-9896d4305aaf,String,true,Boolean
acs:3cf9f291-fc00-4b8d-93c0-9896d4305aaf_00000031-2a1d-987f-5816-4c3a0d000258,,2026-09-11T08:58:08.8590475Z,true,Boolean,3cf9f291-fc00-4b8d-93c0-9896d4305aaf,String,true,Boolean
acs:3cf9f291-fc00-4b8d-93c0-9896d4305aaf_00000031-2a1d-99f2-5816-4c3a0d000259,,2026-09-11T08:54:05.5937173Z,true,Boolean,3cf9f291-fc00-4b8d-93c0-9896d4305aaf,String,true,Boolean
acs:3cf9f291-fc00-4b8d-93c0-9896d4305aaf_00000031-2a1d-9b64-5816-4c3a0d00025a,,2026-09-11T08:57:14.9596982Z,true,Boolean,3cf9f291-fc00-4b8d-93c0-9896d4305aaf,String,true,Boolean
acs:3cf9f291-fc00-4b8d-93c0-9896d4305aaf_00000031-2a1d-9ece-d214-4c3a0d00dead,,2026-09-11T08:56:54.0028679Z,true,Boolean,3cf9f291-fc00-4b8d-93c0-9896d4305aaf,String,true,Boolean
acs:3cf9f291-fc00-4b8d-93c0-9896d4305aaf_00000031-2a1d-a030-d214-4c3a0d00deae,,2026-09-11T08:58:28.0565422Z,true,Boolean,3cf9f291-fc00-4b8d-93c0-9896d4305aaf,String,true,Boolean
acs:3cf9f291-fc00-4b8d-93c0-9896d4305aaf_00000031-2a1d-a19c-d214-4c3a0d00deaf,,2026-09-11T08:58:40.3675788Z,false,Boolean,3cf9f291-fc00-4b8d-93c0-9896d4305aaf,String,true,Boolean
acs:3cf9f291-fc00-4b8d-93c0-9896d4305aaf_00000031-2a1d-a2fd-d214-4c3a0d00deb0,,2026-09-11T08:56:31.3528966Z,true,Boolean,3cf9f291-fc00-4b8d-93c0-9896d4305aaf,String,true,Boolean
acs:3cf9f291-fc00-4b8d-93c0-9896d4305aaf_00000031-2a1d-a460-d214-4c3a0d00deb1,,2026-09-11T08:57:29.6491968Z,true,Boolean,3cf9f291-fc00-4b8d-93c0-9896d4305aaf,String,true,Boolean
acs:3cf9f291-fc00-4b8d-93c0-9896d4305aaf_00000031-2a1d-a5c4-d214-4c3a0d00deb2,,2026-09-11T08:57:15.3964548Z,true,Boolean,3cf9f291-fc00-4b8d-93c0-9896d4305aaf,String,true,Boolean
acs:3cf9f291-fc00-4b8d-93c0-9896d4305aaf_00000031-2a1d-a729-d214-4c3a0d00deb3,,2026-09-11T08:56:49.7579286Z,true,Boolean,3cf9f291-fc00-4b8d-93c0-9896d4305aaf,String,true,Boolean
acs:3cf9f291-fc00-4b8d-93c0-9896d4305aaf_00000031-2a1d-a88f-d214-4c3a0d00deb4,,2026-09-11T08:56:34.9519205Z,true,Boolean,3cf9f291-fc00-4b8d-93c0-9896d4305aaf,String,true,Boolean
acs:3cf9f291-fc00-4b8d-93c0-9896d4305aaf_00000031-2a1d-a9f1-d214-4c3a0d00deb5,,2026-09-11T08:53:27.9105954Z,true,Boolean,3cf9f291-fc00-4b8d-93c0-9896d4305aaf,String,true,Boolean
acs:3cf9f291-fc00-4b8d-93c0-9896d4305aaf_00000031-2a1d-ab5f-d214-4c3a0d00deb6,,2026-09-11T08:58:36.7956266Z,true,Boolean,3cf9f291-fc00-4b8d-93c0-9896d4305aaf,String,true,Boolean
acs:3cf9f291-fc00-4b8d-93c0-9896d4305aaf_00000031-2a1d-acc5-d214-4c3a0d00deb7,,2026-09-11T08:55:00.1606344Z,true,Boolean,3cf9f291-fc00-4b8d-93c0-9896d4305aaf,String,true,Boolean
acs:3cf9f291-fc00-4b8d-93c0-9896d4305aaf_00000031-2a1d-ae29-d214-4c3a0d00deb8,,2026-09-11T08:49:02.9528105Z,true,Boolean,3cf9f291-fc00-4b8d-93c0-9896d4305aaf,String,true,Boolean
acs:3cf9f291-fc00-4b8d-93c0-9896d4305aaf_00000031-2a1d-af89-d214-4c3a0d00deb9,,2026-09-11T08:54:28.4545335Z,true,Boolean,3cf9f291-fc00-4b8d-93c0-9896d4305aaf,String,true,Boolean
acs:3cf9f291-fc00-4b8d-93c0-9896d4305aaf_00000031-2a1d-b0eb-d214-4c3a0d00debb,,2026-09-11T08:56:37.068386Z,true,Boolean,3cf9f291-fc00-4b8d-93c0-9896d4305aaf,String,true,Boolean
acs:3cf9f291-fc00-4b8d-93c0-9896d4305aaf_00000031-2a1d-b247-d214-4c3a0d00debc,,2026-09-11T08:58:37.3803018Z,false,Boolean,3cf9f291-fc00-4b8d-93c0-9896d4305aaf,String,true,Boolean
acs:3cf9f291-fc00-4b8d-93c0-9896d4305aaf_00000031-2a1d-b3e7-d214-4c3a0d00debd,,2026-09-11T08:56:28.6697518Z,true,Boolean,3cf9f291-fc00-4b8d-93c0-9896d4305aaf,String,true,Boolean
acs:3cf9f291-fc00-4b8d-93c0-9896d4305aaf_00000031-2a1d-b54a-d214-4c3a0d00debf,,2026-09-11T08:56:58.102928Z,true,Boolean,3cf9f291-fc00-4b8d-93c0-9896d4305aaf,String,true,Boolean
acs:3cf9f291-fc00-4b8d-93c0-9896d4305aaf_00000031-2a1d-b6a9-d214-4c3a0d00dec0,,2026-09-11T08:58:15.0434614Z,true,Boolean,3cf9f291-fc00-4b8d-93c0-9896d4305aaf,String,true,Boolean
acs:3cf9f291-fc00-4b8d-93c0-9896d4305aaf_00000031-2a1d-b83f-d214-4c3a0d00dec1,,2026-09-11T08:55:59.396062Z,true,Boolean,3cf9f291-fc00-4b8d-93c0-9896d4305aaf,String,true,Boolean
acs:3cf9f291-fc00-4b8d-93c0-9896d4305aaf_00000031-2a1d-b9a3-d214-4c3a0d00dec2,,2026-09-11T08:58:14.5537341Z,true,Boolean,3cf9f291-fc00-4b8d-93c0-9896d4305aaf,String,true,Boolean
acs:3cf9f291-fc00-4b8d-93c0-9896d4305aaf_00000031-2a1d-bb08-d214-4c3a0d00dec3,,2026-09-11T08:52:42.0893188Z,true,Boolean,3cf9f291-fc00-4b8d-93c0-9896d4305aaf,String,true,Boolean
acs:3cf9f291-fc00-4b8d-93c0-9896d4305aaf_00000031-2a1d-bca8-d214-4c3a0d00dec4,,2026-09-11T08:52:46.3446569Z,true,Boolean,3cf9f291-fc00-4b8d-93c0-9896d4305aaf,String,true,Boolean
acs:3cf9f291-fc00-4b8d-93c0-9896d4305aaf_00000031-2a1d-be09-d214-4c3a0d00dec5,,2026-09-11T08:55:12.2393594Z,true,Boolean,3cf9f291-fc00-4b8d-93c0-9896d4305aaf,String,true,Boolean
acs:3cf9f291-fc00-4b8d-93c0-9896d4305aaf_00000031-2a1d-bf69-d214-4c3a0d00dec6,,2026-09-11T08:55:24.8133145Z,true,Boolean,3cf9f291-fc00-4b8d-93c0-9896d4305aaf,String,true,Boolean
acs:3cf9f291-fc00-4b8d-93c0-9896d4305aaf_00000031-2a1d-c0ea-d214-4c3a0d00dec7,,2026-09-11T08:52:51.681996Z,true,Boolean,3cf9f291-fc00-4b8d-93c0-9896d4305aaf,String,true,Boolean
acs:3cf9f291-fc00-4b8d-93c0-9896d4305aaf_00000031-2a1d-c24b-d214-4c3a0d00dec8,,2026-09-11T08:44:26.556883Z,true,Boolean,3cf9f291-fc00-4b8d-93c0-9896d4305aaf,String,true,Boolean
acs:3cf9f291-fc00-4b8d-93c0-9896d4305aaf_00000031-2a1d-c3d0-d214-4c3a0d00dec9,,2026-09-11T08:53:23.5719464Z,true,Boolean,3cf9f291-fc00-4b8d-93c0-9896d4305aaf,String,true,Boolean
acs:3cf9f291-fc00-4b8d-93c0-9896d4305aaf_00000031-2a1d-c537-d214-4c3a0d00decb,,2026-09-11T08:57:42.4915257Z,true,Boolean,3cf9f291-fc00-4b8d-93c0-9896d4305aaf,String,true,Boolean
acs:3cf9f291-fc00-4b8d-93c0-9896d4305aaf_00000031-2a1d-c699-d214-4c3a0d00decd,,2026-09-11T08:57:15.4054498Z,true,Boolean,3cf9f291-fc00-4b8d-93c0-9896d4305aaf,String,true,Boolean
acs:3cf9f291-fc00-4b8d-93c0-9896d4305aaf_00000031-2a1d-c803-d214-4c3a0d00dece,,2026-09-11T08:53:39.5190669Z,true,Boolean,3cf9f291-fc00-4b8d-93c0-9896d4305aaf,String,true,Boolean
acs:3cf9f291-fc00-4b8d-93c0-9896d4305aaf_00000031-2a1d-c961-d214-4c3a0d00ded0,,2026-09-11T08:53:27.274403Z,true,Boolean,3cf9f291-fc00-4b8d-93c0-9896d4305aaf,String,true,Boolean
acs:3cf9f291-fc00-4b8d-93c0-9896d4305aaf_00000031-2a1d-cac2-d214-4c3a0d00ded2,,2026-09-11T08:58:34.1886881Z,true,Boolean,3cf9f291-fc00-4b8d-93c0-9896d4305aaf,String,true,Boolean
acs:3cf9f291-fc00-4b8d-93c0-9896d4305aaf_00000031-2a1d-ce35-d214-4c3a0d00ded5,,2026-09-11T08:57:56.9287232Z,true,Boolean,3cf9f291-fc00-4b8d-93c0-9896d4305aaf,String,true,Boolean
acs:3cf9f291-fc00-4b8d-93c0-9896d4305aaf_00000031-2a1d-cf95-d214-4c3a0d00ded8,,2026-09-11T08:58:29.9172594Z,true,Boolean,3cf9f291-fc00-4b8d-93c0-9896d4305aaf,String,true,Boolean
acs:3cf9f291-fc00-4b8d-93c0-9896d4305aaf_00000031-2a1d-d0fc-d214-4c3a0d00ded9,,2026-09-11T08:58:22.4486441Z,true,Boolean,3cf9f291-fc00-4b8d-93c0-9896d4305aaf,String,true,Boolean
acs:3cf9f291-fc00-4b8d-93c0-9896d4305aaf_00000031-2a1d-d26d-d214-4c3a0d00dedb,,2026-09-11T08:57:22.9249678Z,true,Boolean,3cf9f291-fc00-4b8d-93c0-9896d4305aaf,String,true,Boolean
acs:3cf9f291-fc00-4b8d-93c0-9896d4305aaf_00000031-2a1d-d3cf-d214-4c3a0d00dedd,,2026-09-11T08:57:53.9326026Z,true,Boolean,3cf9f291-fc00-4b8d-93c0-9896d4305aaf,String,true,Boolean
acs:3cf9f291-fc00-4b8d-93c0-9896d4305aaf_00000031-2a1d-d539-d214-4c3a0d00dede,,2026-09-11T08:56:57.9630053Z,true,Boolean,3cf9f291-fc00-4b8d-93c0-9896d4305aaf,String,true,Boolean
acs:3cf9f291-fc00-4b8d-93c0-9896d4305aaf_00000031-2a1d-d6b8-d214-4c3a0d00dee0,,2026-09-11T08:55:30.9006457Z,true,Boolean,3cf9f291-fc00-4b8d-93c0-9896d4305aaf,String,true,Boolean
acs:3cf9f291-fc00-4b8d-93c0-9896d4305aaf_00000031-2a1d-d81f-d214-4c3a0d00dee3,,2026-09-11T08:50:25.1123398Z,true,Boolean,3cf9f291-fc00-4b8d-93c0-9896d4305aaf,String,true,Boolean
acs:3cf9f291-fc00-4b8d-93c0-9896d4305aaf_00000031-2a1d-d9ff-d214-4c3a0d00dee5,,2026-09-11T08:53:54.4153351Z,true,Boolean,3cf9f291-fc00-4b8d-93c0-9896d4305aaf,String,true,Boolean
acs:3cf9f291-fc00-4b8d-93c0-9896d4305aaf_00000031-2a1d-db59-891a-4c3a0d00fbe4,,2026-09-11T08:58:13.675603Z,true,Boolean,3cf9f291-fc00-4b8d-93c0-9896d4305aaf,String,true,Boolean
acs:3cf9f291-fc00-4b8d-93c0-9896d4305aaf_00000031-2a1d-dcb1-891a-4c3a0d00fbe6,,2026-09-11T08:56:48.7123157Z,true,Boolean,3cf9f291-fc00-4b8d-93c0-9896d4305aaf,String,true,Boolean
acs:3cf9f291-fc00-4b8d-93c0-9896d4305aaf_00000031-2a1d-de32-891a-4c3a0d00fbe8,,2026-09-11T08:57:09.653112Z,true,Boolean,3cf9f291-fc00-4b8d-93c0-9896d4305aaf,String,true,Boolean
acs:3cf9f291-fc00-4b8d-93c0-9896d4305aaf_00000031-2a1d-dfb1-891a-4c3a0d00fbe9,,2026-09-11T08:54:45.5530304Z,true,Boolean,3cf9f291-fc00-4b8d-93c0-9896d4305aaf,String,true,Boolean
acs:3cf9f291-fc00-4b8d-93c0-9896d4305aaf_00000031-2a1d-e110-891a-4c3a0d00fbea,,2026-09-11T08:53:47.2255588Z,true,Boolean,3cf9f291-fc00-4b8d-93c0-9896d4305aaf,String,true,Boolean
acs:3cf9f291-fc00-4b8d-93c0-9896d4305aaf_00000031-2a1d-e264-891a-4c3a0d00fbeb,,2026-09-11T08:57:36.2332366Z,false,Boolean,3cf9f291-fc00-4b8d-93c0-9896d4305aaf,String,true,Boolean
acs:3cf9f291-fc00-4b8d-93c0-9896d4305aaf_00000031-2a1d-e3b8-891a-4c3a0d00fbec,,2026-09-11T08:57:35.4895411Z,true,Boolean,3cf9f291-fc00-4b8d-93c0-9896d4305aaf,String,true,Boolean
acs:3cf9f291-fc00-4b8d-93c0-9896d4305aaf_00000031-2a1d-e519-d214-4c3a0d00dee7,,2026-09-11T08:57:57.1091738Z,true,Boolean,3cf9f291-fc00-4b8d-93c0-9896d4305aaf,String,true,Boolean
acs:3cf9f291-fc00-4b8d-93c0-9896d4305aaf_00000031-2a1d-e6d1-d214-4c3a0d00dee8,,2026-09-11T08:58:40.0577521Z,true,Boolean,3cf9f291-fc00-4b8d-93c0-9896d4305aaf,String,true,Boolean
acs:3cf9f291-fc00-4b8d-93c0-9896d4305aaf_00000031-2a1d-e839-d214-4c3a0d00dee9,,2026-09-11T08:57:40.8604107Z,true,Boolean,3cf9f291-fc00-4b8d-93c0-9896d4305aaf,String,true,Boolean
acs:3cf9f291-fc00-4b8d-93c0-9896d4305aaf_00000031-2a1d-e9b2-d214-4c3a0d00deea,,2026-09-11T08:57:22.5271881Z,true,Boolean,3cf9f291-fc00-4b8d-93c0-9896d4305aaf,String,true,Boolean
acs:3cf9f291-fc00-4b8d-93c0-9896d4305aaf_00000031-2a1d-eb3b-d214-4c3a0d00deec,,2026-09-11T08:58:32.4362965Z,true,Boolean,3cf9f291-fc00-4b8d-93c0-9896d4305aaf,String,true,Boolean
acs:3cf9f291-fc00-4b8d-93c0-9896d4305aaf_00000031-2a1d-ed2d-d214-4c3a0d00deed,,2026-09-11T08:52:18.0817907Z,true,Boolean,3cf9f291-fc00-4b8d-93c0-9896d4305aaf,String,true,Boolean
acs:3cf9f291-fc00-4b8d-93c0-9896d4305aaf_00000031-2a1d-eecf-d214-4c3a0d00deee,,2026-09-11T08:57:09.8969757Z,true,Boolean,3cf9f291-fc00-4b8d-93c0-9896d4305aaf,String,true,Boolean
acs:3cf9f291-fc00-4b8d-93c0-9896d4305aaf_00000031-2a1d-f031-d214-4c3a0d00deef,,2026-09-11T08:56:57.7049283Z,true,Boolean,3cf9f291-fc00-4b8d-93c0-9896d4305aaf,String,true,Boolean
acs:3cf9f291-fc00-4b8d-93c0-9896d4305aaf_00000031-2a1d-f3a1-8614-4c3a0d00f499,,2026-09-11T08:58:39.4211058Z,false,Boolean,3cf9f291-fc00-4b8d-93c0-9896d4305aaf,String,true,Boolean
acs:3cf9f291-fc00-4b8d-93c0-9896d4305aaf_00000031-2a1d-f505-8614-4c3a0d00f49a,,2026-09-11T08:52:29.0280922Z,true,Boolean,3cf9f291-fc00-4b8d-93c0-9896d4305aaf,String,true,Boolean
acs:3cf9f291-fc00-4b8d-93c0-9896d4305aaf_00000031-2a1d-f66a-8614-4c3a0d00f49b,,2026-09-11T08:55:57.4124673Z,true,Boolean,3cf9f291-fc00-4b8d-93c0-9896d4305aaf,String,true,Boolean
acs:3cf9f291-fc00-4b8d-93c0-9896d4305aaf_00000031-2a1d-f7d0-8614-4c3a0d00f49c,,2026-09-11T08:49:33.9929334Z,true,Boolean,3cf9f291-fc00-4b8d-93c0-9896d4305aaf,String,true,Boolean
acs:3cf9f291-fc00-4b8d-93c0-9896d4305aaf_00000031-2a1d-f93c-8614-4c3a0d00f49e,,2026-09-11T08:57:39.9339271Z,false,Boolean,3cf9f291-fc00-4b8d-93c0-9896d4305aaf,String,true,Boolean
acs:3cf9f291-fc00-4b8d-93c0-9896d4305aaf_00000031-2a1d-faa5-8614-4c3a0d00f49f,,2026-09-11T08:57:53.8226642Z,true,Boolean,3cf9f291-fc00-4b8d-93c0-9896d4305aaf,String,true,Boolean
acs:3cf9f291-fc00-4b8d-93c0-9896d4305aaf_00000031-2a1d-fc11-8614-4c3a0d00f4a1,,2026-09-11T08:56:09.2329051Z,true,Boolean,3cf9f291-fc00-4b8d-93c0-9896d4305aaf,String,true,Boolean
acs:3cf9f291-fc00-4b8d-93c0-9896d4305aaf_00000031-2a1d-fd77-8614-4c3a0d00f4a2,,2026-09-11T08:57:43.6624128Z,true,Boolean,3cf9f291-fc00-4b8d-93c0-9896d4305aaf,String,true,Boolean
acs:3cf9f291-fc00-4b8d-93c0-9896d4305aaf_00000031-2a1d-fee1-8614-4c3a0d00f4a3,,2026-09-11T08:55:27.254257Z,true,Boolean,3cf9f291-fc00-4b8d-93c0-9896d4305aaf,String,true,Boolean
acs:3cf9f291-fc00-4b8d-93c0-9896d4305aaf_00000031-2a1e-004b-8614-4c3a0d00f4a4,,2026-09-11T08:58:37.229385Z,false,Boolean,3cf9f291-fc00-4b8d-93c0-9896d4305aaf,String,true,Boolean
acs:3cf9f291-fc00-4b8d-93c0-9896d4305aaf_00000031-2a1e-01b3-8614-4c3a0d00f4a5,,2026-09-11T08:58:26.0181348Z,true,Boolean,3cf9f291-fc00-4b8d-93c0-9896d4305aaf,String,true,Boolean
acs:3cf9f291-fc00-4b8d-93c0-9896d4305aaf_00000031-2a1e-0316-8614-4c3a0d00f4a6,,2026-09-11T08:50:48.4507231Z,true,Boolean,3cf9f291-fc00-4b8d-93c0-9896d4305aaf,String,true,Boolean
acs:3cf9f291-fc00-4b8d-93c0-9896d4305aaf_00000031-2a1e-0481-8614-4c3a0d00f4a7,,2026-09-11T08:58:31.6717218Z,false,Boolean,3cf9f291-fc00-4b8d-93c0-9896d4305aaf,String,true,Boolean
acs:3cf9f291-fc00-4b8d-93c0-9896d4305aaf_00000031-2a1e-05ea-8614-4c3a0d00f4a8,,2026-09-11T08:51:51.605411Z,true,Boolean,3cf9f291-fc00-4b8d-93c0-9896d4305aaf,String,true,Boolean
acs:3cf9f291-fc00-4b8d-93c0-9896d4305aaf_00000031-2a1e-075f-8614-4c3a0d00f4a9,,2026-09-11T08:56:40.5806911Z,true,Boolean,3cf9f291-fc00-4b8d-93c0-9896d4305aaf,String,true,Boolean
acs:3cf9f291-fc00-4b8d-93c0-9896d4305aaf_00000031-2a1e-08c2-8614-4c3a0d00f4aa,,2026-09-11T08:57:56.7951719Z,false,Boolean,3cf9f291-fc00-4b8d-93c0-9896d4305aaf,String,true,Boolean
acs:3cf9f291-fc00-4b8d-93c0-9896d4305aaf_00000031-2a1e-0ad0-8614-4c3a0d00f4ab,,2026-09-11T08:49:25.0926673Z,true,Boolean,3cf9f291-fc00-4b8d-93c0-9896d4305aaf,String,true,Boolean
acs:3cf9f291-fc00-4b8d-93c0-9896d4305aaf_00000031-2a1e-0c33-8614-4c3a0d00f4ac,,2026-09-11T08:54:53.0713815Z,true,Boolean,3cf9f291-fc00-4b8d-93c0-9896d4305aaf,String,true,Boolean
acs:3cf9f291-fc00-4b8d-93c0-9896d4305aaf_00000031-2a1e-0d99-8614-4c3a0d00f4af,,2026-09-11T08:50:13.7666098Z,true,Boolean,3cf9f291-fc00-4b8d-93c0-9896d4305aaf,String,true,Boolean
acs:3cf9f291-fc00-4b8d-93c0-9896d4305aaf_00000031-2a1e-0f01-8614-4c3a0d00f4b0,,2026-09-11T08:58:01.6068018Z,true,Boolean,3cf9f291-fc00-4b8d-93c0-9896d4305aaf,String,true,Boolean
acs:3cf9f291-fc00-4b8d-93c0-9896d4305aaf_00000031-2a1e-1065-8614-4c3a0d00f4b1,,2026-09-11T08:51:34.9122818Z,true,Boolean,3cf9f291-fc00-4b8d-93c0-9896d4305aaf,String,true,Boolean
acs:3cf9f291-fc00-4b8d-93c0-9896d4305aaf_00000031-2a1e-11ca-8614-4c3a0d00f4b3,,2026-09-11T08:57:33.2593627Z,true,Boolean,3cf9f291-fc00-4b8d-93c0-9896d4305aaf,String,true,Boolean
acs:3cf9f291-fc00-4b8d-93c0-9896d4305aaf_00000031-2a1e-1563-8614-4c3a0d00f4b7,,2026-09-11T08:57:18.5623146Z,true,Boolean,3cf9f291-fc00-4b8d-93c0-9896d4305aaf,String,true,Boolean
acs:3cf9f291-fc00-4b8d-93c0-9896d4305aaf_00000031-2a1e-16cf-8614-4c3a0d00f4b9,,2026-09-11T08:56:34.0848417Z,true,Boolean,3cf9f291-fc00-4b8d-93c0-9896d4305aaf,String,true,Boolean
acs:3cf9f291-fc00-4b8d-93c0-9896d4305aaf_00000031-2a1e-1838-8614-4c3a0d00f4bc,,2026-09-11T08:57:10.1038606Z,true,Boolean,3cf9f291-fc00-4b8d-93c0-9896d4305aaf,String,true,Boolean
acs:3cf9f291-fc00-4b8d-93c0-9896d4305aaf_00000031-2a1e-19ef-8614-4c3a0d00f4bd,,2026-09-11T08:52:17.3705691Z,true,Boolean,3cf9f291-fc00-4b8d-93c0-9896d4305aaf,String,true,Boolean
acs:3cf9f291-fc00-4b8d-93c0-9896d4305aaf_00000031-2a1e-1b82-8614-4c3a0d00f4c0,,2026-09-11T08:57:54.3019833Z,false,Boolean,3cf9f291-fc00-4b8d-93c0-9896d4305aaf,String,true,Boolean
acs:3cf9f291-fc00-4b8d-93c0-9896d4305aaf_00000031-2a1e-1cf2-8614-4c3a0d00f4c1,,2026-09-11T08:58:26.6467849Z,false,Boolean,3cf9f291-fc00-4b8d-93c0-9896d4305aaf,String,true,Boolean
acs:3cf9f291-fc00-4b8d-93c0-9896d4305aaf_00000031-2a1e-1e61-8614-4c3a0d00f4c2,,2026-09-11T08:58:23.2182152Z,true,Boolean,3cf9f291-fc00-4b8d-93c0-9896d4305aaf,String,true,Boolean
acs:3cf9f291-fc00-4b8d-93c0-9896d4305aaf_00000031-2a1e-1fc6-8614-4c3a0d00f4c3,,2026-09-11T08:54:59.7706785Z,true,Boolean,3cf9f291-fc00-4b8d-93c0-9896d4305aaf,String,true,Boolean
acs:3cf9f291-fc00-4b8d-93c0-9896d4305aaf_00000031-2a1e-2134-8614-4c3a0d00f4c4,,2026-09-11T08:57:12.3527978Z,false,Boolean,3cf9f291-fc00-4b8d-93c0-9896d4305aaf,String,true,Boolean
acs:3cf9f291-fc00-4b8d-93c0-9896d4305aaf_00000031-2a1e-2295-8614-4c3a0d00f4c7,,2026-09-11T08:54:43.4085664Z,true,Boolean,3cf9f291-fc00-4b8d-93c0-9896d4305aaf,String,true,Boolean
acs:3cf9f291-fc00-4b8d-93c0-9896d4305aaf_00000031-2a1e-23fc-8614-4c3a0d00f4c8,,2026-09-11T08:58:20.332503Z,false,Boolean,3cf9f291-fc00-4b8d-93c0-9896d4305aaf,String,true,Boolean
acs:3cf9f291-fc00-4b8d-93c0-9896d4305aaf_00000031-2a1e-256e-8614-4c3a0d00f4c9,,2026-09-11T08:55:21.7773054Z,true,Boolean,3cf9f291-fc00-4b8d-93c0-9896d4305aaf,String,true,Boolean
acs:3cf9f291-fc00-4b8d-93c0-9896d4305aaf_00000031-2a1e-26d7-8614-4c3a0d00f4cd,,2026-09-11T08:57:06.3521613Z,true,Boolean,3cf9f291-fc00-4b8d-93c0-9896d4305aaf,String,true,Boolean
acs:3cf9f291-fc00-4b8d-93c0-9896d4305aaf_00000031-2a1e-283b-8614-4c3a0d00f4cf,,2026-09-11T08:57:03.6978385Z,false,Boolean,3cf9f291-fc00-4b8d-93c0-9896d4305aaf,String,true,Boolean
acs:3cf9f291-fc00-4b8d-93c0-9896d4305aaf_00000031-2a1e-29ad-8614-4c3a0d00f4d4,,2026-09-11T08:55:31.8613305Z,true,Boolean,3cf9f291-fc00-4b8d-93c0-9896d4305aaf,String,true,Boolean
acs:3cf9f291-fc00-4b8d-93c0-9896d4305aaf_00000031-2a1e-2b14-8614-4c3a0d00f4d8,,2026-09-11T08:58:02.3104987Z,true,Boolean,3cf9f291-fc00-4b8d-93c0-9896d4305aaf,String,true,Boolean
acs:3cf9f291-fc00-4b8d-93c0-9896d4305aaf_00000031-2a1e-2c89-8614-4c3a0d00f4da,,2026-09-11T08:56:43.0633139Z,true,Boolean,3cf9f291-fc00-4b8d-93c0-9896d4305aaf,String,true,Boolean
acs:3cf9f291-fc00-4b8d-93c0-9896d4305aaf_00000031-2a1e-2df4-8614-4c3a0d00f4dc,,2026-09-11T08:53:55.9100524Z,true,Boolean,3cf9f291-fc00-4b8d-93c0-9896d4305aaf,String,true,Boolean
acs:3cf9f291-fc00-4b8d-93c0-9896d4305aaf_00000031-2a1e-2f5e-8614-4c3a0d00f4dd,,2026-09-11T08:52:22.7276641Z,true,Boolean,3cf9f291-fc00-4b8d-93c0-9896d4305aaf,String,true,Boolean
acs:3cf9f291-fc00-4b8d-93c0-9896d4305aaf_00000031-2a1e-3108-8614-4c3a0d00f4e0,,2026-09-11T08:57:03.0112214Z,true,Boolean,3cf9f291-fc00-4b8d-93c0-9896d4305aaf,String,true,Boolean
acs:3cf9f291-fc00-4b8d-93c0-9896d4305aaf_00000031-2a1e-326e-8614-4c3a0d00f4e3,,2026-09-11T08:58:14.7556222Z,true,Boolean,3cf9f291-fc00-4b8d-93c0-9896d4305aaf,String,true,Boolean
acs:3cf9f291-fc00-4b8d-93c0-9896d4305aaf_00000031-2a1e-33cf-8614-4c3a0d00f4e4,,2026-09-11T08:56:53.7939045Z,true,Boolean,3cf9f291-fc00-4b8d-93c0-9896d4305aaf,String,true,Boolean
acs:3cf9f291-fc00-4b8d-93c0-9896d4305aaf_00000031-2a1e-3533-8614-4c3a0d00f4e5,,2026-09-11T08:50:25.7520763Z,true,Boolean,3cf9f291-fc00-4b8d-93c0-9896d4305aaf,String,true,Boolean
acs:3cf9f291-fc00-4b8d-93c0-9896d4305aaf_00000031-2a1e-369b-8614-4c3a0d00f4e8,,2026-09-11T08:58:33.9947965Z,true,Boolean,3cf9f291-fc00-4b8d-93c0-9896d4305aaf,String,true,Boolean
acs:3cf9f291-fc00-4b8d-93c0-9896d4305aaf_00000031-2a1e-37fe-8614-4c3a0d00f4e9,,2026-09-11T08:55:27.8019525Z,true,Boolean,3cf9f291-fc00-4b8d-93c0-9896d4305aaf,String,true,Boolean
acs:3cf9f291-fc00-4b8d-93c0-9896d4305aaf_00000031-2a1e-3965-8614-4c3a0d00f4ea,,2026-09-11T08:56:35.6758633Z,true,Boolean,3cf9f291-fc00-4b8d-93c0-9896d4305aaf,String,true,Boolean
acs:3cf9f291-fc00-4b8d-93c0-9896d4305aaf_00000031-2a1e-3ad2-8614-4c3a0d00f4eb,,2026-09-11T08:57:44.710465Z,true,Boolean,3cf9f291-fc00-4b8d-93c0-9896d4305aaf,String,true,Boolean
acs:3cf9f291-fc00-4b8d-93c0-9896d4305aaf_00000031-2a1e-3c38-8614-4c3a0d00f4ec,,2026-09-11T08:53:51.1507346Z,true,Boolean,3cf9f291-fc00-4b8d-93c0-9896d4305aaf,String,true,Boolean
acs:3cf9f291-fc00-4b8d-93c0-9896d4305aaf_00000031-2a1e-3d99-8614-4c3a0d00f4ed,,2026-09-11T08:58:14.8025953Z,true,Boolean,3cf9f291-fc00-4b8d-93c0-9896d4305aaf,String,true,Boolean
acs:3cf9f291-fc00-4b8d-93c0-9896d4305aaf_00000031-2a1e-3eff-8614-4c3a0d00f4ef,,2026-09-11T08:52:11.84516Z,true,Boolean,3cf9f291-fc00-4b8d-93c0-9896d4305aaf,String,true,Boolean
acs:3cf9f291-fc00-4b8d-93c0-9896d4305aaf_00000031-2a1e-408d-8614-4c3a0d00f4f2,,2026-09-11T08:56:23.9988138Z,true,Boolean,3cf9f291-fc00-4b8d-93c0-9896d4305aaf,String,true,Boolean
acs:3cf9f291-fc00-4b8d-93c0-9896d4305aaf_00000031-2a1e-41fc-8614-4c3a0d00f4f3,,2026-09-11T08:54:37.19748Z,true,Boolean,3cf9f291-fc00-4b8d-93c0-9896d4305aaf,String,true,Boolean
acs:3cf9f291-fc00-4b8d-93c0-9896d4305aaf_00000031-2a1e-436c-8614-4c3a0d00f4f5,,2026-09-11T08:57:52.9655829Z,false,Boolean,3cf9f291-fc00-4b8d-93c0-9896d4305aaf,String,true,Boolean
acs:3cf9f291-fc00-4b8d-93c0-9896d4305aaf_00000031-2a1e-44d1-8614-4c3a0d00f4f6,,2026-09-11T08:56:51.8276965Z,true,Boolean,3cf9f291-fc00-4b8d-93c0-9896d4305aaf,String,true,Boolean
acs:3cf9f291-fc00-4b8d-93c0-9896d4305aaf_00000031-2a1e-4632-8614-4c3a0d00f4f7,,2026-09-11T08:56:23.0271798Z,true,Boolean,3cf9f291-fc00-4b8d-93c0-9896d4305aaf,String,true,Boolean
acs:3cf9f291-fc00-4b8d-93c0-9896d4305aaf_00000031-2a1e-4797-8614-4c3a0d00f4f8,,2026-09-11T08:56:14.6446673Z,true,Boolean,3cf9f291-fc00-4b8d-93c0-9896d4305aaf,String,true,Boolean
acs:3cf9f291-fc00-4b8d-93c0-9896d4305aaf_00000031-2a1e-48fe-8614-4c3a0d00f4fa,,2026-09-11T08:56:42.443659Z,true,Boolean,3cf9f291-fc00-4b8d-93c0-9896d4305aaf,String,true,Boolean
acs:3cf9f291-fc00-4b8d-93c0-9896d4305aaf_00000031-2a1e-4aaa-8614-4c3a0d00f4fb,,2026-09-11T08:47:38.1589486Z,true,Boolean,3cf9f291-fc00-4b8d-93c0-9896d4305aaf,String,true,Boolean
acs:3cf9f291-fc00-4b8d-93c0-9896d4305aaf_00000031-2a1e-4c19-8614-4c3a0d00f4fc,,2026-09-11T08:56:54.2817121Z,true,Boolean,3cf9f291-fc00-4b8d-93c0-9896d4305aaf,String,true,Boolean
acs:3cf9f291-fc00-4b8d-93c0-9896d4305aaf_00000031-2a1e-4d7d-8614-4c3a0d00f4fd,,2026-09-11T08:58:21.0620623Z,false,Boolean,3cf9f291-fc00-4b8d-93c0-9896d4305aaf,String,true,Boolean
acs:3cf9f291-fc00-4b8d-93c0-9896d4305aaf_00000031-2a1e-4eeb-8614-4c3a0d00f4fe,,2026-09-11T08:55:22.9154287Z,true,Boolean,3cf9f291-fc00-4b8d-93c0-9896d4305aaf,String,true,Boolean
acs:3cf9f291-fc00-4b8d-93c0-9896d4305aaf_00000031-2a1e-504d-8614-4c3a0d00f503,,2026-09-11T08:58:15.3602855Z,true,Boolean,3cf9f291-fc00-4b8d-93c0-9896d4305aaf,String,true,Boolean
acs:3cf9f291-fc00-4b8d-93c0-9896d4305aaf_00000031-2a1e-51b4-8614-4c3a0d00f504,,2026-09-11T08:56:22.2875913Z,true,Boolean,3cf9f291-fc00-4b8d-93c0-9896d4305aaf,String,true,Boolean
acs:3cf9f291-fc00-4b8d-93c0-9896d4305aaf_00000031-2a1e-5321-8614-4c3a0d00f505,,2026-09-11T08:56:04.4244704Z,true,Boolean,3cf9f291-fc00-4b8d-93c0-9896d4305aaf,String,true,Boolean
acs:3cf9f291-fc00-4b8d-93c0-9896d4305aaf_00000031-2a1e-5487-8614-4c3a0d00f506,,2026-09-11T08:55:22.9184265Z,true,Boolean,3cf9f291-fc00-4b8d-93c0-9896d4305aaf,String,true,Boolean
acs:3cf9f291-fc00-4b8d-93c0-9896d4305aaf_00000031-2a1e-55f4-8614-4c3a0d00f507,,2026-09-11T08:50:38.2518285Z,true,Boolean,3cf9f291-fc00-4b8d-93c0-9896d4305aaf,String,true,Boolean
acs:3cf9f291-fc00-4b8d-93c0-9896d4305aaf_00000031-2a1e-575a-8614-4c3a0d00f508,,2026-09-11T08:55:34.3618289Z,true,Boolean,3cf9f291-fc00-4b8d-93c0-9896d4305aaf,String,true,Boolean
acs:3cf9f291-fc00-4b8d-93c0-9896d4305aaf_00000031-2a1e-58c0-8614-4c3a0d00f50a,,2026-09-11T08:58:22.789454Z,false,Boolean,3cf9f291-fc00-4b8d-93c0-9896d4305aaf,String,true,Boolean
acs:3cf9f291-fc00-4b8d-93c0-9896d4305aaf_00000031-2a1e-5a66-8614-4c3a0d00f50b,,2026-09-11T08:47:24.7656409Z,true,Boolean,3cf9f291-fc00-4b8d-93c0-9896d4305aaf,String,true,Boolean
acs:3cf9f291-fc00-4b8d-93c0-9896d4305aaf_00000031-2a1e-5bd3-8614-4c3a0d00f50c,,2026-09-11T08:58:27.8656488Z,true,Boolean,3cf9f291-fc00-4b8d-93c0-9896d4305aaf,String,true,Boolean
acs:3cf9f291-fc00-4b8d-93c0-9896d4305aaf_00000031-2a1e-5d41-8614-4c3a0d00f50d,,2026-09-11T08:56:53.5273565Z,true,Boolean,3cf9f291-fc00-4b8d-93c0-9896d4305aaf,String,true,Boolean
acs:3cf9f291-fc00-4b8d-93c0-9896d4305aaf_00000031-2a1e-5ea8-8614-4c3a0d00f50e,,2026-09-11T08:55:22.2030676Z,true,Boolean,3cf9f291-fc00-4b8d-93c0-9896d4305aaf,String,true,Boolean
acs:3cf9f291-fc00-4b8d-93c0-9896d4305aaf_00000031-2a1e-6014-8614-4c3a0d00f510,,2026-09-11T08:57:33.7480904Z,true,Boolean,3cf9f291-fc00-4b8d-93c0-9896d4305aaf,String,true,Boolean
acs:3cf9f291-fc00-4b8d-93c0-9896d4305aaf_00000031-2a1e-61cb-8614-4c3a0d00f511,,2026-09-11T08:57:27.5438478Z,false,Boolean,3cf9f291-fc00-4b8d-93c0-9896d4305aaf,String,true,Boolean
acs:3cf9f291-fc00-4b8d-93c0-9896d4305aaf_00000031-2a1e-632e-8614-4c3a0d00f512,,2026-09-11T08:58:37.7186489Z,false,Boolean,3cf9f291-fc00-4b8d-93c0-9896d4305aaf,String,true,Boolean
acs:3cf9f291-fc00-4b8d-93c0-9896d4305aaf_00000031-2a1e-64b1-8614-4c3a0d00f513,,2026-09-11T08:58:04.5751672Z,true,Boolean,3cf9f291-fc00-4b8d-93c0-9896d4305aaf,String,true,Boolean
acs:3cf9f291-fc00-4b8d-93c0-9896d4305aaf_00000031-2a1e-661a-8614-4c3a0d00f514,,2026-09-11T08:58:14.9185309Z,true,Boolean,3cf9f291-fc00-4b8d-93c0-9896d4305aaf,String,true,Boolean
acs:3cf9f291-fc00-4b8d-93c0-9896d4305aaf_00000031-2a1e-6788-8614-4c3a0d00f515,,2026-09-11T08:54:14.4453592Z,true,Boolean,3cf9f291-fc00-4b8d-93c0-9896d4305aaf,String,true,Boolean
acs:3cf9f291-fc00-4b8d-93c0-9896d4305aaf_00000031-2a1e-6942-8614-4c3a0d00f516,,2026-09-11T08:58:40.1187172Z,false,Boolean,3cf9f291-fc00-4b8d-93c0-9896d4305aaf,String,true,Boolean
acs:3cf9f291-fc00-4b8d-93c0-9896d4305aaf_00000031-2a1e-6aa9-8614-4c3a0d00f518,,2026-09-11T08:55:01.3017341Z,true,Boolean,3cf9f291-fc00-4b8d-93c0-9896d4305aaf,String,true,Boolean
acs:3cf9f291-fc00-4b8d-93c0-9896d4305aaf_00000031-2a1e-6c0b-8614-4c3a0d00f519,,2026-09-11T08:58:40.415552Z,true,Boolean,3cf9f291-fc00-4b8d-93c0-9896d4305aaf,String,true,Boolean
acs:3cf9f291-fc00-4b8d-93c0-9896d4305aaf_00000031-2a1e-6d6d-8614-4c3a0d00f51a,,2026-09-11T08:56:50.0932814Z,true,Boolean,3cf9f291-fc00-4b8d-93c0-9896d4305aaf,String,true,Boolean
acs:3cf9f291-fc00-4b8d-93c0-9896d4305aaf_00000031-2a1e-6ecf-8614-4c3a0d00f51c,,2026-09-11T08:57:56.7481984Z,true,Boolean,3cf9f291-fc00-4b8d-93c0-9896d4305aaf,String,true,Boolean
acs:3cf9f291-fc00-4b8d-93c0-9896d4305aaf_00000031-2a1e-703d-8614-4c3a0d00f51f,,2026-09-11T08:56:21.7691763Z,true,Boolean,3cf9f291-fc00-4b8d-93c0-9896d4305aaf,String,true,Boolean
acs:3cf9f291-fc00-4b8d-93c0-9896d4305aaf_00000031-2a1e-73a5-5816-4c3a0d00028f,,2026-09-11T08:58:27.6957432Z,false,Boolean,3cf9f291-fc00-4b8d-93c0-9896d4305aaf,String,true,Boolean
acs:3cf9f291-fc00-4b8d-93c0-9896d4305aaf_00000031-2a1e-7513-5816-4c3a0d000292,,2026-09-11T08:57:33.3253255Z,true,Boolean,3cf9f291-fc00-4b8d-93c0-9896d4305aaf,String,true,Boolean
acs:3cf9f291-fc00-4b8d-93c0-9896d4305aaf_00000031-2a1e-7675-5816-4c3a0d000293,,2026-09-11T08:56:13.5607471Z,true,Boolean,3cf9f291-fc00-4b8d-93c0-9896d4305aaf,String,true,Boolean
acs:3cf9f291-fc00-4b8d-93c0-9896d4305aaf_00000031-2a1e-780b-5816-4c3a0d000294,,2026-09-11T08:57:32.8872675Z,true,Boolean,3cf9f291-fc00-4b8d-93c0-9896d4305aaf,String,true,Boolean
acs:3cf9f291-fc00-4b8d-93c0-9896d4305aaf_00000031-2a1e-7a73-5816-4c3a0d000295,,2026-09-11T08:56:32.8829149Z,true,Boolean,3cf9f291-fc00-4b8d-93c0-9896d4305aaf,String,true,Boolean
acs:3cf9f291-fc00-4b8d-93c0-9896d4305aaf_00000031-2a1e-7c10-5816-4c3a0d000297,,2026-09-11T08:55:14.8757075Z,true,Boolean,3cf9f291-fc00-4b8d-93c0-9896d4305aaf,String,true,Boolean
acs:3cf9f291-fc00-4b8d-93c0-9896d4305aaf_00000031-2a1e-7d8c-5816-4c3a0d000298,,2026-09-11T08:58:30.0891634Z,false,Boolean,3cf9f291-fc00-4b8d-93c0-9896d4305aaf,String,true,Boolean
acs:3cf9f291-fc00-4b8d-93c0-9896d4305aaf_00000031-2a1e-7f0f-5816-4c3a0d000299,,2026-09-11T08:57:46.9264777Z,false,Boolean,3cf9f291-fc00-4b8d-93c0-9896d4305aaf,String,true,Boolean
acs:3cf9f291-fc00-4b8d-93c0-9896d4305aaf_00000031-2a1e-808d-5816-4c3a0d00029b,,2026-09-11T08:54:00.6775442Z,true,Boolean,3cf9f291-fc00-4b8d-93c0-9896d4305aaf,String,true,Boolean
acs:3cf9f291-fc00-4b8d-93c0-9896d4305aaf_00000031-2a1e-8212-5816-4c3a0d00029d,,2026-09-11T08:55:01.7277698Z,true,Boolean,3cf9f291-fc00-4b8d-93c0-9896d4305aaf,String,true,Boolean
acs:3cf9f291-fc00-4b8d-93c0-9896d4305aaf_00000031-2a1e-8372-5816-4c3a0d00029f,,2026-09-11T08:53:39.1377057Z,true,Boolean,3cf9f291-fc00-4b8d-93c0-9896d4305aaf,String,true,Boolean
acs:3cf9f291-fc00-4b8d-93c0-9896d4305aaf_00000031-2a1e-8631-1914-4c3a0d000e0f,,2026-09-11T08:56:19.5895786Z,true,Boolean,3cf9f291-fc00-4b8d-93c0-9896d4305aaf,String,true,Boolean
acs:3cf9f291-fc00-4b8d-93c0-9896d4305aaf_00000031-2a1e-8793-5816-4c3a0d0002a0,,2026-09-11T08:58:38.3834498Z,true,Boolean,3cf9f291-fc00-4b8d-93c0-9896d4305aaf,String,true,Boolean
acs:3cf9f291-fc00-4b8d-93c0-9896d4305aaf_00000031-2a1e-894a-5816-4c3a0d0002a1,,2026-09-11T08:51:32.1744774Z,true,Boolean,3cf9f291-fc00-4b8d-93c0-9896d4305aaf,String,true,Boolean
acs:3cf9f291-fc00-4b8d-93c0-9896d4305aaf_00000031-2a1e-8aae-5816-4c3a0d0002a2,,2026-09-11T08:57:44.2896992Z,true,Boolean,3cf9f291-fc00-4b8d-93c0-9896d4305aaf,String,true,Boolean
acs:3cf9f291-fc00-4b8d-93c0-9896d4305aaf_00000031-2a1e-8c15-5816-4c3a0d0002a3,,2026-09-11T08:58:36.2451553Z,false,Boolean,3cf9f291-fc00-4b8d-93c0-9896d4305aaf,String,true,Boolean
acs:3cf9f291-fc00-4b8d-93c0-9896d4305aaf_00000031-2a1e-8d78-5816-4c3a0d0002a5,,2026-09-11T08:54:05.1249788Z,true,Boolean,3cf9f291-fc00-4b8d-93c0-9896d4305aaf,String,true,Boolean
acs:3cf9f291-fc00-4b8d-93c0-9896d4305aaf_00000031-2a1e-8ed6-5816-4c3a0d0002a6,,2026-09-11T08:57:42.5325028Z,true,Boolean,3cf9f291-fc00-4b8d-93c0-9896d4305aaf,String,true,Boolean
acs:3cf9f291-fc00-4b8d-93c0-9896d4305aaf_00000031-2a1e-9040-5816-4c3a0d0002a7,,2026-09-11T08:57:42.9132911Z,true,Boolean,3cf9f291-fc00-4b8d-93c0-9896d4305aaf,String,true,Boolean
acs:3cf9f291-fc00-4b8d-93c0-9896d4305aaf_00000031-2a1e-91a0-5816-4c3a0d0002a8,,2026-09-11T08:55:18.2213411Z,true,Boolean,3cf9f291-fc00-4b8d-93c0-9896d4305aaf,String,true,Boolean
acs:3cf9f291-fc00-4b8d-93c0-9896d4305aaf_00000031-2a1e-9304-5816-4c3a0d0002a9,,2026-09-11T08:55:07.0349107Z,true,Boolean,3cf9f291-fc00-4b8d-93c0-9896d4305aaf,String,true,Boolean
acs:3cf9f291-fc00-4b8d-93c0-9896d4305aaf_00000031-2a1e-9461-5816-4c3a0d0002ac,,2026-09-11T08:58:02.0225701Z,true,Boolean,3cf9f291-fc00-4b8d-93c0-9896d4305aaf,String,true,Boolean
acs:3cf9f291-fc00-4b8d-93c0-9896d4305aaf_00000031-2a1e-95c8-5816-4c3a0d0002ad,,2026-09-11T08:56:23.1191278Z,true,Boolean,3cf9f291-fc00-4b8d-93c0-9896d4305aaf,String,true,Boolean
acs:3cf9f291-fc00-4b8d-93c0-9896d4305aaf_00000031-2a1e-9730-5816-4c3a0d0002af,,2026-09-11T08:58:38.1755655Z,true,Boolean,3cf9f291-fc00-4b8d-93c0-9896d4305aaf,String,true,Boolean
acs:3cf9f291-fc00-4b8d-93c0-9896d4305aaf_00000031-2a1e-9897-5816-4c3a0d0002b0,,2026-09-11T08:53:15.6266345Z,true,Boolean,3cf9f291-fc00-4b8d-93c0-9896d4305aaf,String,true,Boolean
acs:3cf9f291-fc00-4b8d-93c0-9896d4305aaf_00000031-2a1e-9a15-5816-4c3a0d0002b2,,2026-09-11T08:43:35.5388899Z,true,Boolean,3cf9f291-fc00-4b8d-93c0-9896d4305aaf,String,true,Boolean
acs:3cf9f291-fc00-4b8d-93c0-9896d4305aaf_00000031-2a1e-9baa-5816-4c3a0d0002b3,,2026-09-11T08:53:31.988801Z,true,Boolean,3cf9f291-fc00-4b8d-93c0-9896d4305aaf,String,true,Boolean
acs:3cf9f291-fc00-4b8d-93c0-9896d4305aaf_00000031-2a1e-9d20-5816-4c3a0d0002b4,,2026-09-11T08:53:46.3000737Z,true,Boolean,3cf9f291-fc00-4b8d-93c0-9896d4305aaf,String,true,Boolean
acs:3cf9f291-fc00-4b8d-93c0-9896d4305aaf_00000031-2a1e-9ea6-5816-4c3a0d0002b5,,2026-09-11T08:49:38.9899429Z,true,Boolean,3cf9f291-fc00-4b8d-93c0-9896d4305aaf,String,true,Boolean
acs:3cf9f291-fc00-4b8d-93c0-9896d4305aaf_00000031-2a1e-a021-5816-4c3a0d0002b6,,2026-09-11T08:47:21.8852799Z,true,Boolean,3cf9f291-fc00-4b8d-93c0-9896d4305aaf,String,true,Boolean
acs:3cf9f291-fc00-4b8d-93c0-9896d4305aaf_00000031-2a1e-a184-5816-4c3a0d0002b7,,2026-09-11T08:55:02.6972298Z,true,Boolean,3cf9f291-fc00-4b8d-93c0-9896d4305aaf,String,true,Boolean
acs:3cf9f291-fc00-4b8d-93c0-9896d4305aaf_00000031-2a1e-a306-5816-4c3a0d0002b9,,2026-09-11T08:52:13.9926262Z,true,Boolean,3cf9f291-fc00-4b8d-93c0-9896d4305aaf,String,true,Boolean
acs:3cf9f291-fc00-4b8d-93c0-9896d4305aaf_00000031-2a1e-a47f-5816-4c3a0d0002ba,,2026-09-11T08:51:06.3650291Z,true,Boolean,3cf9f291-fc00-4b8d-93c0-9896d4305aaf,String,true,Boolean
acs:3cf9f291-fc00-4b8d-93c0-9896d4305aaf_00000031-2a1e-a5ea-5816-4c3a0d0002bc,,2026-09-11T08:57:51.5360251Z,true,Boolean,3cf9f291-fc00-4b8d-93c0-9896d4305aaf,String,true,Boolean
acs:3cf9f291-fc00-4b8d-93c0-9896d4305aaf_00000031-2a1e-a758-5816-4c3a0d0002bd,,2026-09-11T08:42:55.2815547Z,true,Boolean,3cf9f291-fc00-4b8d-93c0-9896d4305aaf,String,true,Boolean
acs:3cf9f291-fc00-4b8d-93c0-9896d4305aaf_00000031-2a1e-a918-5816-4c3a0d0002be,,2026-09-11T08:53:31.8848587Z,true,Boolean,3cf9f291-fc00-4b8d-93c0-9896d4305aaf,String,true,Boolean
acs:3cf9f291-fc00-4b8d-93c0-9896d4305aaf_00000031-2a1e-aab4-5816-4c3a0d0002bf,,2026-09-11T08:52:54.7141339Z,true,Boolean,3cf9f291-fc00-4b8d-93c0-9896d4305aaf,String,true,Boolean
acs:3cf9f291-fc00-4b8d-93c0-9896d4305aaf_00000031-2a1e-ac1e-5816-4c3a0d0002c0,,2026-09-11T08:56:54.247732Z,true,Boolean,3cf9f291-fc00-4b8d-93c0-9896d4305aaf,String,true,Boolean
acs:3cf9f291-fc00-4b8d-93c0-9896d4305aaf_00000031-2a1e-ad7e-5816-4c3a0d0002c1,,2026-09-11T08:53:11.5045113Z,true,Boolean,3cf9f291-fc00-4b8d-93c0-9896d4305aaf,String,true,Boolean
acs:3cf9f291-fc00-4b8d-93c0-9896d4305aaf_00000031-2a1e-aee9-5816-4c3a0d0002c2,,2026-09-11T08:55:31.9302917Z,true,Boolean,3cf9f291-fc00-4b8d-93c0-9896d4305aaf,String,true,Boolean
acs:3cf9f291-fc00-4b8d-93c0-9896d4305aaf_00000031-2a1e-b28f-5816-4c3a0d0002c4,,2026-09-11T08:58:15.7591703Z,true,Boolean,3cf9f291-fc00-4b8d-93c0-9896d4305aaf,String,true,Boolean
acs:3cf9f291-fc00-4b8d-93c0-9896d4305aaf_00000031-2a1e-b3f6-5816-4c3a0d0002c5,,2026-09-11T08:47:28.7975725Z,true,Boolean,3cf9f291-fc00-4b8d-93c0-9896d4305aaf,String,true,Boolean
acs:5853ec36-df3a-40bb-8ae3-03ed97837272_0000000c-43b8-c54d-5b42-ad3a0d00a655,,2021-11-10T23:21:37.1714325Z,true,Boolean,5853ec36-df3a-40bb-8ae3-03ed97837272,String,true,Boolean
acs:5853ec36-df3a-40bb-8ae3-03ed97837272_0000000c-43b8-c8c9-5b42-ad3a0d00a656,,2021-11-10T23:21:37.1724318Z,true,Boolean,5853ec36-df3a-40bb-8ae3-03ed97837272,String,true,Boolean
acs:5853ec36-df3a-40bb-8ae3-03ed97837272_0000000c-43b8-cbd6-5b42-ad3a0d00a657,,2021-11-10T23:21:37.1714325Z,true,Boolean,5853ec36-df3a-40bb-8ae3-03ed97837272,String,true,Boolean
acs:5853ec36-df3a-40bb-8ae3-03ed97837272_0000000c-43b8-cee5-5b42-ad3a0d00a658,,2021-11-10T23:21:37.1724318Z,true,Boolean,5853ec36-df3a-40bb-8ae3-03ed97837272,String,true,Boolean
acs:5853ec36-df3a-40bb-8ae3-03ed97837272_0000000c-43b8-d1f5-5b42-ad3a0d00a65b,,2021-11-10T23:21:37.1724318Z,true,Boolean,5853ec36-df3a-40bb-8ae3-03ed97837272,String,true,Boolean
acs:5853ec36-df3a-40bb-8ae3-03ed97837272_0000000c-43b8-d52d-5b42-ad3a0d00a65f,,2021-11-10T23:21:37.1774286Z,true,Boolean,5853ec36-df3a-40bb-8ae3-03ed97837272,String,true,Boolean
acs:5853ec36-df3a-40bb-8ae3-03ed97837272_0000000c-43b8-d83d-5b42-ad3a0d00a660,,2021-11-10T23:21:37.1764294Z,true,Boolean,5853ec36-df3a-40bb-8ae3-03ed97837272,String,true,Boolean
acs:5853ec36-df3a-40bb-8ae3-03ed97837272_0000000c-43b8-db47-5b42-ad3a0d00a661,,2021-11-10T23:21:37.178428Z,true,Boolean,5853ec36-df3a-40bb-8ae3-03ed97837272,String,true,Boolean
acs:5853ec36-df3a-40bb-8ae3-03ed97837272_0000000c-43b8-de7a-5b42-ad3a0d00a662,,2021-11-10T23:21:37.1824264Z,true,Boolean,5853ec36-df3a-40bb-8ae3-03ed97837272,String,true,Boolean
acs:5853ec36-df3a-40bb-8ae3-03ed97837272_0000000c-43b8-e18f-5b42-ad3a0d00a663,,2021-11-10T23:21:37.178428Z,true,Boolean,5853ec36-df3a-40bb-8ae3-03ed97837272,String,true,Boolean
acs:5853ec36-df3a-40bb-8ae3-03ed97837272_0000000c-a4c4-bce3-b365-da3a0d002b8c,,2021-11-10T23:21:37.1794274Z,true,Boolean,5853ec36-df3a-40bb-8ae3-03ed97837272,String,true,Boolean
acs:5853ec36-df3a-40bb-8ae3-03ed97837272_0000000c-a4c4-c068-b365-da3a0d002b8f,,2021-11-10T23:21:37.1804272Z,true,Boolean,5853ec36-df3a-40bb-8ae3-03ed97837272,String,true,Boolean
acs:5853ec36-df3a-40bb-8ae3-03ed97837272_0000000c-a4c4-c376-b365-da3a0d002b90,,2021-11-10T23:21:37.1804272Z,true,Boolean,5853ec36-df3a-40bb-8ae3-03ed97837272,String,true,Boolean
acs:5853ec36-df3a-40bb-8ae3-03ed97837272_0000000c-a4c4-c676-b365-da3a0d002b93,,2021-11-10T23:21:37.1824264Z,true,Boolean,5853ec36-df3a-40bb-8ae3-03ed97837272,String,true,Boolean
acs:5853ec36-df3a-40bb-8ae3-03ed97837272_0000000c-a4c4-c983-b365-da3a0d002b94,,2021-11-10T23:21:37.1824264Z,true,Boolean,5853ec36-df3a-40bb-8ae3-03ed97837272,String,true,Boolean
acs:5853ec36-df3a-40bb-8ae3-03ed97837272_0000000c-a4c4-cc74-b365-da3a0d002b95,,2021-11-10T23:21:37.183426Z,true,Boolean,5853ec36-df3a-40bb-8ae3-03ed97837272,String,true,Boolean
acs:5853ec36-df3a-40bb-8ae3-03ed97837272_0000000c-a4c4-cf7d-b365-da3a0d002b96,,2021-11-10T23:21:37.1854242Z,true,Boolean,5853ec36-df3a-40bb-8ae3-03ed97837272,String,true,Boolean
acs:5853ec36-df3a-40bb-8ae3-03ed97837272_0000000c-a4c4-d29f-b365-da3a0d002b97,,2021-11-10T23:21:37.183426Z,true,Boolean,5853ec36-df3a-40bb-8ae3-03ed97837272,String,true,Boolean
acs:5853ec36-df3a-40bb-8ae3-03ed97837272_0000000c-a4c4-d59e-b365-da3a0d002b98,,2021-11-10T23:21:37.1864236Z,true,Boolean,5853ec36-df3a-40bb-8ae3-03ed97837272,String,true,Boolean
acs:5853ec36-df3a-40bb-8ae3-03ed97837272_0000000c-a4c4-d884-b365-da3a0d002b99,,2021-11-10T23:21:37.1874229Z,true,Boolean,5853ec36-df3a-40bb-8ae3-03ed97837272,String,true,Boolean
acs:5853ec36-df3a-40bb-8ae3-03ed97837272_0000000c-a4c4-db8c-b365-da3a0d002b9a,,2021-11-10T23:21:37.1864236Z,true,Boolean,5853ec36-df3a-40bb-8ae3-03ed97837272,String,true,Boolean
acs:5853ec36-df3a-40bb-8ae3-03ed97837272_0000000c-a4c4-dea5-b365-da3a0d002b9b,,2021-11-10T23:21:37.1884227Z,true,Boolean,5853ec36-df3a-40bb-8ae3-03ed97837272,String,true,Boolean
acs:5853ec36-df3a-40bb-8ae3-03ed97837272_0000000c-a4c4-e1a7-b365-da3a0d002b9c,,2021-11-10T23:21:37.1884227Z,true,Boolean,5853ec36-df3a-40bb-8ae3-03ed97837272,String,true,Boolean
acs:5853ec36-df3a-40bb-8ae3-03ed97837272_0000000c-a4c4-e4b6-b365-da3a0d002b9d,,2021-11-10T23:21:37.1894222Z,true,Boolean,5853ec36-df3a-40bb-8ae3-03ed97837272,String,true,Boolean
acs:5853ec36-df3a-40bb-8ae3-03ed97837272_0000000c-a4c4-e7d1-b365-da3a0d002b9e,,2021-11-10T23:21:37.1894222Z,true,Boolean,5853ec36-df3a-40bb-8ae3-03ed97837272,String,true,Boolean
acs:5853ec36-df3a-40bb-8ae3-03ed97837272_0000000c-a4c4-eaeb-b365-da3a0d002b9f,,2021-11-10T23:21:37.1894222Z,true,Boolean,5853ec36-df3a-40bb-8ae3-03ed97837272,String,true,Boolean
acs:5853ec36-df3a-40bb-8ae3-03ed97837272_0000000c-a4c4-ee20-b365-da3a0d002ba0,,2021-11-10T23:21:37.1904225Z,true,Boolean,5853ec36-df3a-40bb-8ae3-03ed97837272,String,true,Boolean
acs:5853ec36-df3a-40bb-8ae3-03ed97837272_0000000c-a4c4-f114-b365-da3a0d002ba1,,2021-11-10T23:21:37.1934203Z,true,Boolean,5853ec36-df3a-40bb-8ae3-03ed97837272,String,true,Boolean
acs:5853ec36-df3a-40bb-8ae3-03ed97837272_0000000c-a4c4-f416-b365-da3a0d002ba2,,2021-11-10T23:21:37.1924209Z,true,Boolean,5853ec36-df3a-40bb-8ae3-03ed97837272,String,true,Boolean
acs:5853ec36-df3a-40bb-8ae3-03ed97837272_0000000c-a4c4-f6fc-b365-da3a0d002ba3,,2021-11-10T23:21:37.1924209Z,true,Boolean,5853ec36-df3a-40bb-8ae3-03ed97837272,String,true,Boolean
acs:5853ec36-df3a-40bb-8ae3-03ed97837272_0000000c-a4c4-fa09-b365-da3a0d002ba4,,2021-11-10T23:21:37.1944198Z,true,Boolean,5853ec36-df3a-40bb-8ae3-03ed97837272,String,true,Boolean
acs:5853ec36-df3a-40bb-8ae3-03ed97837272_0000000c-a4c4-fd09-b365-da3a0d002ba5,,2021-11-10T23:21:37.1944198Z,true,Boolean,5853ec36-df3a-40bb-8ae3-03ed97837272,String,true,Boolean
acs:5853ec36-df3a-40bb-8ae3-03ed97837272_0000000c-a4c5-0030-b365-da3a0d002ba6,,2021-11-10T23:21:37.1944198Z,true,Boolean,5853ec36-df3a-40bb-8ae3-03ed97837272,String,true,Boolean
acs:5853ec36-df3a-40bb-8ae3-03ed97837272_0000000c-a4c5-031d-b365-da3a0d002baa,,2021-11-10T23:21:37.1964179Z,true,Boolean,5853ec36-df3a-40bb-8ae3-03ed97837272,String,true,Boolean
acs:5853ec36-df3a-40bb-8ae3-03ed97837272_0000000c-a4c5-0623-b365-da3a0d002bab,,2021-11-10T23:21:37.1974173Z,true,Boolean,5853ec36-df3a-40bb-8ae3-03ed97837272,String,true,Boolean
acs:5853ec36-df3a-40bb-8ae3-03ed97837272_0000000c-a4c5-0aa1-b365-da3a0d002bac,,2021-11-10T23:21:37.1974173Z,true,Boolean,5853ec36-df3a-40bb-8ae3-03ed97837272,String,true,Boolean
acs:5853ec36-df3a-40bb-8ae3-03ed97837272_0000000c-a4c5-0d98-b365-da3a0d002bae,,2021-11-10T23:21:37.1974173Z,true,Boolean,5853ec36-df3a-40bb-8ae3-03ed97837272,String,true,Boolean
acs:5853ec36-df3a-40bb-8ae3-03ed97837272_0000000c-a4c5-109e-b365-da3a0d002baf,,2021-11-10T23:21:37.1984169Z,true,Boolean,5853ec36-df3a-40bb-8ae3-03ed97837272,String,true,Boolean
acs:5853ec36-df3a-40bb-8ae3-03ed97837272_0000000c-a4c5-1386-b365-da3a0d002bb2,,2021-11-10T23:21:37.2343962Z,true,Boolean,5853ec36-df3a-40bb-8ae3-03ed97837272,String,true,Boolean
acs:5853ec36-df3a-40bb-8ae3-03ed97837272_0000000c-a4c5-1690-b365-da3a0d002bb5,,2021-11-10T23:21:37.2343962Z,true,Boolean,5853ec36-df3a-40bb-8ae3-03ed97837272,String,true,Boolean
acs:5853ec36-df3a-40bb-8ae3-03ed97837272_0000000c-a4c5-199e-b365-da3a0d002bb6,,2021-11-10T23:21:37.2353956Z,true,Boolean,5853ec36-df3a-40bb-8ae3-03ed97837272,String,true,Boolean
acs:5853ec36-df3a-40bb-8ae3-03ed97837272_0000000c-a4c5-1c98-b365-da3a0d002bb7,,2021-11-10T23:21:37.2353956Z,true,Boolean,5853ec36-df3a-40bb-8ae3-03ed97837272,String,true,Boolean
acs:5853ec36-df3a-40bb-8ae3-03ed97837272_0000000c-a4c5-1fa8-b365-da3a0d002bb8,,2021-11-10T23:21:37.2363949Z,true,Boolean,5853ec36-df3a-40bb-8ae3-03ed97837272,String,true,Boolean
acs:5853ec36-df3a-40bb-8ae3-03ed97837272_0000000c-a4c5-22ab-b365-da3a0d002bb9,,2021-11-10T23:21:37.2363949Z,true,Boolean,5853ec36-df3a-40bb-8ae3-03ed97837272,String,true,Boolean
acs:5853ec36-df3a-40bb-8ae3-03ed97837272_0000000c-a4c5-258e-b365-da3a0d002bba,,2021-11-10T23:21:37.241392Z,true,Boolean,5853ec36-df3a-40bb-8ae3-03ed97837272,String,true,Boolean
acs:5853ec36-df3a-40bb-8ae3-03ed97837272_0000000c-a4c5-2871-b365-da3a0d002bbb,,2021-11-10T23:21:37.2433915Z,true,Boolean,5853ec36-df3a-40bb-8ae3-03ed97837272,String,true,Boolean
acs:5853ec36-df3a-40bb-8ae3-03ed97837272_0000000c-a4c5-2b68-b365-da3a0d002bbc,,2021-11-10T23:21:37.2423915Z,true,Boolean,5853ec36-df3a-40bb-8ae3-03ed97837272,String,true,Boolean
acs:5853ec36-df3a-40bb-8ae3-03ed97837272_0000000c-a4c5-2e5d-b365-da3a0d002bbd,,2021-11-10T23:21:37.2443919Z,true,Boolean,5853ec36-df3a-40bb-8ae3-03ed97837272,String,true,Boolean
acs:5853ec36-df3a-40bb-8ae3-03ed97837272_0000000c-a4c5-316a-b365-da3a0d002bbe,,2021-11-10T23:21:37.241392Z,true,Boolean,5853ec36-df3a-40bb-8ae3-03ed97837272,String,true,Boolean
acs:5853ec36-df3a-40bb-8ae3-03ed97837272_0000000c-a4c5-3481-b365-da3a0d002bbf,,2021-11-10T23:21:37.2423915Z,true,Boolean,5853ec36-df3a-40bb-8ae3-03ed97837272,String,true,Boolean
acs:5853ec36-df3a-40bb-8ae3-03ed97837272_0000000c-a4c5-378a-b365-da3a0d002bc0,,2021-11-10T23:21:37.2433915Z,true,Boolean,5853ec36-df3a-40bb-8ae3-03ed97837272,String,true,Boolean
acs:5853ec36-df3a-40bb-8ae3-03ed97837272_0000000c-a4c5-3a71-b365-da3a0d002bc2,,2021-11-10T23:21:37.2423915Z,true,Boolean,5853ec36-df3a-40bb-8ae3-03ed97837272,String,true,Boolean
acs:5853ec36-df3a-40bb-8ae3-03ed97837272_0000000c-a4c5-3d5e-b365-da3a0d002bc3,,2021-11-10T23:21:37.2423915Z,true,Boolean,5853ec36-df3a-40bb-8ae3-03ed97837272,String,true,Boolean
acs:5853ec36-df3a-40bb-8ae3-03ed97837272_0000000c-a4c5-407b-b365-da3a0d002bc4,,2021-11-10T23:21:37.2473898Z,true,Boolean,5853ec36-df3a-40bb-8ae3-03ed97837272,String,true,Boolean
acs:5853ec36-df3a-40bb-8ae3-03ed97837272_0000000c-a4c5-4357-b365-da3a0d002bc5,,2021-11-10T23:21:37.2543848Z,true,Boolean,5853ec36-df3a-40bb-8ae3-03ed97837272,String,true,Boolean
acs:5853ec36-df3a-40bb-8ae3-03ed97837272_0000000c-a4c5-4654-b365-da3a0d002bc6,,2021-11-10T23:21:37.2543848Z,true,Boolean,5853ec36-df3a-40bb-8ae3-03ed97837272,String,true,Boolean
acs:5853ec36-df3a-40bb-8ae3-03ed97837272_0000000c-a4c5-493d-b365-da3a0d002bc7,,2021-11-10T23:21:37.2543848Z,true,Boolean,5853ec36-df3a-40bb-8ae3-03ed97837272,String,true,Boolean
acs:5853ec36-df3a-40bb-8ae3-03ed97837272_0000000c-a4c5-4c34-b365-da3a0d002bc8,,2021-11-10T23:21:37.2563844Z,true,Boolean,5853ec36-df3a-40bb-8ae3-03ed97837272,String,true,Boolean
acs:5853ec36-df3a-40bb-8ae3-03ed97837272_0000000c-a4c5-4f2f-b365-da3a0d002bc9,,2021-11-10T23:21:37.2543848Z,true,Boolean,5853ec36-df3a-40bb-8ae3-03ed97837272,String,true,Boolean
acs:5853ec36-df3a-40bb-8ae3-03ed97837272_0000000c-a4c5-522b-b365-da3a0d002bca,,2021-11-10T23:21:37.2593829Z,true,Boolean,5853ec36-df3a-40bb-8ae3-03ed97837272,String,true,Boolean
acs:5853ec36-df3a-40bb-8ae3-03ed97837272_0000000c-a4c5-5573-b365-da3a0d002bcb,,2021-11-10T23:21:37.2793714Z,true,Boolean,5853ec36-df3a-40bb-8ae3-03ed97837272,String,true,Boolean
acs:5853ec36-df3a-40bb-8ae3-03ed97837272_0000000c-a4c5-587d-b365-da3a0d002bcc,,2021-11-10T23:21:37.2773725Z,true,Boolean,5853ec36-df3a-40bb-8ae3-03ed97837272,String,true,Boolean
acs:5853ec36-df3a-40bb-8ae3-03ed97837272_0000000c-a4c5-5b7a-b365-da3a0d002bcd,,2021-11-10T23:21:37.2773725Z,true,Boolean,5853ec36-df3a-40bb-8ae3-03ed97837272,String,true,Boolean
acs:5853ec36-df3a-40bb-8ae3-03ed97837272_0000000c-a4c5-5e53-b365-da3a0d002bce,,2021-11-10T23:21:37.2773725Z,true,Boolean,5853ec36-df3a-40bb-8ae3-03ed97837272,String,true,Boolean
acs:5853ec36-df3a-40bb-8ae3-03ed97837272_0000000c-a4c5-6165-b365-da3a0d002bcf,,2021-11-10T23:21:37.2803709Z,true,Boolean,5853ec36-df3a-40bb-8ae3-03ed97837272,String,true,Boolean
acs:5853ec36-df3a-40bb-8ae3-03ed97837272_0000000c-a4c5-6472-b365-da3a0d002bd0,,2021-11-10T23:21:37.2803709Z,true,Boolean,5853ec36-df3a-40bb-8ae3-03ed97837272,String,true,Boolean
acs:5853ec36-df3a-40bb-8ae3-03ed97837272_0000000c-a4c5-6765-b365-da3a0d002bd1,,2021-11-10T23:21:37.2803709Z,true,Boolean,5853ec36-df3a-40bb-8ae3-03ed97837272,String,true,Boolean
acs:5853ec36-df3a-40bb-8ae3-03ed97837272_0000000c-a4c5-6a75-b365-da3a0d002bd2,,2021-11-10T23:21:37.2803709Z,true,Boolean,5853ec36-df3a-40bb-8ae3-03ed97837272,String,true,Boolean
acs:5853ec36-df3a-40bb-8ae3-03ed97837272_0000000c-a4c5-6d5f-b365-da3a0d002bd3,,2021-11-10T23:21:37.2803709Z,true,Boolean,5853ec36-df3a-40bb-8ae3-03ed97837272,String,true,Boolean
acs:5853ec36-df3a-40bb-8ae3-03ed97837272_0000000c-a4c5-706c-b365-da3a0d002bd4,,2021-11-10T23:21:37.2863673Z,true,Boolean,5853ec36-df3a-40bb-8ae3-03ed97837272,String,true,Boolean
acs:5853ec36-df3a-40bb-8ae3-03ed97837272_0000000c-a4c5-734d-b365-da3a0d002bd5,,2021-11-10T23:21:37.2853672Z,true,Boolean,5853ec36-df3a-40bb-8ae3-03ed97837272,String,true,Boolean
acs:5853ec36-df3a-40bb-8ae3-03ed97837272_0000000c-a4c5-763b-b365-da3a0d002bd9,,2021-11-10T23:21:37.283369Z,true,Boolean,5853ec36-df3a-40bb-8ae3-03ed97837272,String,true,Boolean
acs:5853ec36-df3a-40bb-8ae3-03ed97837272_0000000c-a4c5-792f-b365-da3a0d002bda,,2021-11-10T23:21:37.283369Z,true,Boolean,5853ec36-df3a-40bb-8ae3-03ed97837272,String,true,Boolean
acs:5853ec36-df3a-40bb-8ae3-03ed97837272_0000000c-a4c5-7c23-b365-da3a0d002bdc,,2021-11-10T23:21:37.2853672Z,true,Boolean,5853ec36-df3a-40bb-8ae3-03ed97837272,String,true,Boolean
acs:5853ec36-df3a-40bb-8ae3-03ed97837272_0000000c-a4c5-7f1c-b365-da3a0d002bdd,,2021-11-10T23:21:37.2953617Z,true,Boolean,5853ec36-df3a-40bb-8ae3-03ed97837272,String,true,Boolean
acs:5853ec36-df3a-40bb-8ae3-03ed97837272_0000000c-a4c5-8210-b365-da3a0d002bde,,2021-11-10T23:21:37.2943627Z,true,Boolean,5853ec36-df3a-40bb-8ae3-03ed97837272,String,true,Boolean
acs:5853ec36-df3a-40bb-8ae3-03ed97837272_0000000c-a4c5-8506-b365-da3a0d002be0,,2021-11-10T23:21:37.2923633Z,true,Boolean,5853ec36-df3a-40bb-8ae3-03ed97837272,String,true,Boolean
acs:5853ec36-df3a-40bb-8ae3-03ed97837272_0000000c-a4c5-87e0-b365-da3a0d002be1,,2021-11-10T23:21:37.2993594Z,true,Boolean,5853ec36-df3a-40bb-8ae3-03ed97837272,String,true,Boolean
acs:5853ec36-df3a-40bb-8ae3-03ed97837272_0000000c-a4c5-8ad2-b365-da3a0d002be2,,2021-11-10T23:21:37.2993594Z,true,Boolean,5853ec36-df3a-40bb-8ae3-03ed97837272,String,true,Boolean
acs:5853ec36-df3a-40bb-8ae3-03ed97837272_0000000c-a4c5-8db0-b365-da3a0d002be3,,2021-11-10T23:21:37.2993594Z,true,Boolean,5853ec36-df3a-40bb-8ae3-03ed97837272,String,true,Boolean
acs:5853ec36-df3a-40bb-8ae3-03ed97837272_0000000c-a4c5-90b9-b365-da3a0d002be4,,2021-11-10T23:21:37.3063555Z,true,Boolean,5853ec36-df3a-40bb-8ae3-03ed97837272,String,true,Boolean
acs:5853ec36-df3a-40bb-8ae3-03ed97837272_0000000c-a4c5-93a4-b365-da3a0d002be5,,2021-11-10T23:21:37.3093534Z,true,Boolean,5853ec36-df3a-40bb-8ae3-03ed97837272,String,true,Boolean
acs:5853ec36-df3a-40bb-8ae3-03ed97837272_0000000c-a4c5-9696-b365-da3a0d002be6,,2021-11-10T23:21:37.3093534Z,true,Boolean,5853ec36-df3a-40bb-8ae3-03ed97837272,String,true,Boolean
acs:5853ec36-df3a-40bb-8ae3-03ed97837272_0000000c-a4c5-997e-b365-da3a0d002be8,,2021-11-10T23:21:37.3103532Z,true,Boolean,5853ec36-df3a-40bb-8ae3-03ed97837272,String,true,Boolean
acs:5853ec36-df3a-40bb-8ae3-03ed97837272_0000000c-a4c5-9c6f-b365-da3a0d002be9,,2021-11-10T23:21:37.3153506Z,true,Boolean,5853ec36-df3a-40bb-8ae3-03ed97837272,String,true,Boolean
acs:5853ec36-df3a-40bb-8ae3-03ed97837272_0000000c-a4c5-9f71-b365-da3a0d002bea,,2021-11-10T23:21:37.3163493Z,true,Boolean,5853ec36-df3a-40bb-8ae3-03ed97837272,String,true,Boolean
acs:5853ec36-df3a-40bb-8ae3-03ed97837272_0000000c-a4c5-a25d-b365-da3a0d002beb,,2021-11-10T23:21:37.3173487Z,true,Boolean,5853ec36-df3a-40bb-8ae3-03ed97837272,String,true,Boolean
acs:5853ec36-df3a-40bb-8ae3-03ed97837272_0000000c-a4c5-a543-b365-da3a0d002bec,,2021-11-10T23:21:37.3183496Z,true,Boolean,5853ec36-df3a-40bb-8ae3-03ed97837272,String,true,Boolean
acs:5853ec36-df3a-40bb-8ae3-03ed97837272_0000000c-a4c5-a835-b365-da3a0d002bed,,2021-11-10T23:21:37.3243456Z,true,Boolean,5853ec36-df3a-40bb-8ae3-03ed97837272,String,true,Boolean
acs:5853ec36-df3a-40bb-8ae3-03ed97837272_0000000c-a4c5-acaf-b365-da3a0d002bf0,,2021-11-10T23:21:37.3233468Z,true,Boolean,5853ec36-df3a-40bb-8ae3-03ed97837272,String,true,Boolean
acs:5853ec36-df3a-40bb-8ae3-03ed97837272_0000000c-a4c5-afae-b365-da3a0d002bf3,,2021-11-10T23:21:37.3243456Z,true,Boolean,5853ec36-df3a-40bb-8ae3-03ed97837272,String,true,Boolean
acs:5853ec36-df3a-40bb-8ae3-03ed97837272_0000000c-a4c5-b2a2-b365-da3a0d002bf4,,2021-11-10T23:21:37.3253454Z,true,Boolean,5853ec36-df3a-40bb-8ae3-03ed97837272,String,true,Boolean
acs:5853ec36-df3a-40bb-8ae3-03ed97837272_0000000c-a4c5-b5b6-b365-da3a0d002bf6,,2021-11-10T23:21:37.3273444Z,true,Boolean,5853ec36-df3a-40bb-8ae3-03ed97837272,String,true,Boolean
acs:5853ec36-df3a-40bb-8ae3-03ed97837272_0000000c-a4c5-b89f-b365-da3a0d002bf7,,2021-11-10T23:21:37.3243456Z,true,Boolean,5853ec36-df3a-40bb-8ae3-03ed97837272,String,true,Boolean
acs:5853ec36-df3a-40bb-8ae3-03ed97837272_0000000c-a4c5-bbab-b365-da3a0d002bf8,,2021-11-10T23:21:37.3243456Z,true,Boolean,5853ec36-df3a-40bb-8ae3-03ed97837272,String,true,Boolean
acs:5853ec36-df3a-40bb-8ae3-03ed97837272_0000000c-a4c5-bec7-b365-da3a0d002bf9,,2021-11-10T23:21:37.3253454Z,true,Boolean,5853ec36-df3a-40bb-8ae3-03ed97837272,String,true,Boolean
acs:5853ec36-df3a-40bb-8ae3-03ed97837272_0000000c-a4c5-c413-d999-d93a0d002114,,2021-11-10T23:21:37.3243456Z,true,Boolean,5853ec36-df3a-40bb-8ae3-03ed97837272,String,true,Boolean
acs:5853ec36-df3a-40bb-8ae3-03ed97837272_0000000c-a4c5-c82c-d999-d93a0d002115,,2021-11-10T23:21:37.3263451Z,true,Boolean,5853ec36-df3a-40bb-8ae3-03ed97837272,String,true,Boolean
acs:5853ec36-df3a-40bb-8ae3-03ed97837272_0000000c-a4c5-cc48-d999-d93a0d002116,,2021-11-10T23:21:37.3243456Z,true,Boolean,5853ec36-df3a-40bb-8ae3-03ed97837272,String,true,Boolean
acs:5853ec36-df3a-40bb-8ae3-03ed97837272_0000000c-a4c5-cf47-d999-d93a0d002117,,2021-11-10T23:21:37.3253454Z,true,Boolean,5853ec36-df3a-40bb-8ae3-03ed97837272,String,true,Boolean
acs:5bb9ddd8-66aa-4072-98b0-7877bd4aa4c9_0000000c-43b9-4b2f-5b42-ad3a0d00a66a,,2021-11-10T23:21:37.643164Z,true,Boolean,5bb9ddd8-66aa-4072-98b0-7877bd4aa4c9,String,true,Boolean
acs:5bb9ddd8-66aa-4072-98b0-7877bd4aa4c9_0000000c-43b9-4cab-5b42-ad3a0d00a66b,,2021-11-10T23:21:37.643164Z,true,Boolean,5bb9ddd8-66aa-4072-98b0-7877bd4aa4c9,String,true,Boolean
acs:5bb9ddd8-66aa-4072-98b0-7877bd4aa4c9_0000000c-43b9-4e2d-5b42-ad3a0d00a66c,,2021-11-10T23:21:37.644162Z,true,Boolean,5bb9ddd8-66aa-4072-98b0-7877bd4aa4c9,String,true,Boolean
acs:5bb9ddd8-66aa-4072-98b0-7877bd4aa4c9_0000000c-43b9-4fb7-5b42-ad3a0d00a66d,,2021-11-10T23:21:37.643164Z,true,Boolean,5bb9ddd8-66aa-4072-98b0-7877bd4aa4c9,String,true,Boolean
acs:5bb9ddd8-66aa-4072-98b0-7877bd4aa4c9_0000000c-43b9-5140-5b42-ad3a0d00a66e,,2021-11-10T23:21:37.644162Z,true,Boolean,5bb9ddd8-66aa-4072-98b0-7877bd4aa4c9,String,true,Boolean
acs:5bb9ddd8-66aa-4072-98b0-7877bd4aa4c9_0000000c-43b9-52af-5b42-ad3a0d00a66f,,2021-11-10T23:21:37.644162Z,true,Boolean,5bb9ddd8-66aa-4072-98b0-7877bd4aa4c9,String,true,Boolean
acs:5bb9ddd8-66aa-4072-98b0-7877bd4aa4c9_0000000c-43b9-541e-5b42-ad3a0d00a670,,2021-11-10T23:21:37.6491606Z,true,Boolean,5bb9ddd8-66aa-4072-98b0-7877bd4aa4c9,String,true,Boolean
acs:5bb9ddd8-66aa-4072-98b0-7877bd4aa4c9_0000000c-43b9-55ab-5b42-ad3a0d00a671,,2021-11-10T23:21:37.650159Z,true,Boolean,5bb9ddd8-66aa-4072-98b0-7877bd4aa4c9,String,true,Boolean
acs:5bb9ddd8-66aa-4072-98b0-7877bd4aa4c9_0000000c-43b9-5736-5b42-ad3a0d00a672,,2021-11-10T23:21:37.650159Z,true,Boolean,5bb9ddd8-66aa-4072-98b0-7877bd4aa4c9,String,true,Boolean
acs:5bb9ddd8-66aa-4072-98b0-7877bd4aa4c9_0000000c-43b9-58ad-5b42-ad3a0d00a673,,2021-11-10T23:21:37.6511586Z,true,Boolean,5bb9ddd8-66aa-4072-98b0-7877bd4aa4c9,String,true,Boolean
acs:5bb9ddd8-66aa-4072-98b0-7877bd4aa4c9_0000000c-a4c8-a3dc-fa48-d93a0d00406a,,2021-11-10T23:21:37.6511586Z,true,Boolean,5bb9ddd8-66aa-4072-98b0-7877bd4aa4c9,String,true,Boolean
acs:5bb9ddd8-66aa-4072-98b0-7877bd4aa4c9_0000000c-a4c8-a58a-fa48-d93a0d00406b,,2021-11-10T23:21:37.6521589Z,true,Boolean,5bb9ddd8-66aa-4072-98b0-7877bd4aa4c9,String,true,Boolean
acs:5bb9ddd8-66aa-4072-98b0-7877bd4aa4c9_0000000c-a4c8-a768-fa48-d93a0d00406c,,2021-11-10T23:21:37.650159Z,true,Boolean,5bb9ddd8-66aa-4072-98b0-7877bd4aa4c9,String,true,Boolean
acs:5bb9ddd8-66aa-4072-98b0-7877bd4aa4c9_0000000c-a4c8-a92b-fa48-d93a0d00406f,,2021-11-10T23:21:37.650159Z,true,Boolean,5bb9ddd8-66aa-4072-98b0-7877bd4aa4c9,String,true,Boolean
acs:5bb9ddd8-66aa-4072-98b0-7877bd4aa4c9_0000000c-a4c8-aaee-fa48-d93a0d004071,,2021-11-10T23:21:37.6551571Z,true,Boolean,5bb9ddd8-66aa-4072-98b0-7877bd4aa4c9,String,true,Boolean
acs:5bb9ddd8-66aa-4072-98b0-7877bd4aa4c9_0000000c-a4c8-acca-fa48-d93a0d004072,,2021-11-10T23:21:37.6551571Z,true,Boolean,5bb9ddd8-66aa-4072-98b0-7877bd4aa4c9,String,true,Boolean
acs:5bb9ddd8-66aa-4072-98b0-7877bd4aa4c9_0000000c-a4c8-ae7b-fa48-d93a0d004073,,2021-11-10T23:21:37.6551571Z,true,Boolean,5bb9ddd8-66aa-4072-98b0-7877bd4aa4c9,String,true,Boolean
acs:5bb9ddd8-66aa-4072-98b0-7877bd4aa4c9_0000000c-a4c8-b045-fa48-d93a0d004074,,2021-11-10T23:21:37.6581542Z,true,Boolean,5bb9ddd8-66aa-4072-98b0-7877bd4aa4c9,String,true,Boolean
acs:5bb9ddd8-66aa-4072-98b0-7877bd4aa4c9_0000000c-a4c8-b21e-fa48-d93a0d004075,,2021-11-10T23:21:37.6571552Z,true,Boolean,5bb9ddd8-66aa-4072-98b0-7877bd4aa4c9,String,true,Boolean
acs:5bb9ddd8-66aa-4072-98b0-7877bd4aa4c9_0000000c-a4c8-b3e2-fa48-d93a0d004076,,2021-11-10T23:21:37.6581542Z,true,Boolean,5bb9ddd8-66aa-4072-98b0-7877bd4aa4c9,String,true,Boolean
acs:5bb9ddd8-66aa-4072-98b0-7877bd4aa4c9_0000000c-a4c8-b5a2-fa48-d93a0d004077,,2021-11-10T23:21:37.6591541Z,true,Boolean,5bb9ddd8-66aa-4072-98b0-7877bd4aa4c9,String,true,Boolean
acs:5bb9ddd8-66aa-4072-98b0-7877bd4aa4c9_0000000c-a4c8-b76d-fa48-d93a0d004078,,2021-11-10T23:21:37.6561562Z,true,Boolean,5bb9ddd8-66aa-4072-98b0-7877bd4aa4c9,String,true,Boolean
acs:5bb9ddd8-66aa-4072-98b0-7877bd4aa4c9_0000000c-a4c8-b925-fa48-d93a0d004079,,2021-11-10T23:21:37.6611526Z,true,Boolean,5bb9ddd8-66aa-4072-98b0-7877bd4aa4c9,String,true,Boolean
acs:5bb9ddd8-66aa-4072-98b0-7877bd4aa4c9_0000000c-a4c8-bae1-fa48-d93a0d00407a,,2021-11-10T23:21:37.6611526Z,true,Boolean,5bb9ddd8-66aa-4072-98b0-7877bd4aa4c9,String,true,Boolean
acs:5bb9ddd8-66aa-4072-98b0-7877bd4aa4c9_0000000c-a4c8-bcbb-fa48-d93a0d00407b,,2021-11-10T23:21:37.6621517Z,true,Boolean,5bb9ddd8-66aa-4072-98b0-7877bd4aa4c9,String,true,Boolean
acs:5bb9ddd8-66aa-4072-98b0-7877bd4aa4c9_0000000c-a4c8-be66-fa48-d93a0d00407d,,2021-11-10T23:21:37.6621517Z,true,Boolean,5bb9ddd8-66aa-4072-98b0-7877bd4aa4c9,String,true,Boolean
acs:5bb9ddd8-66aa-4072-98b0-7877bd4aa4c9_0000000c-a4c8-c006-fa48-d93a0d00407e,,2021-11-10T23:21:37.6621517Z,true,Boolean,5bb9ddd8-66aa-4072-98b0-7877bd4aa4c9,String,true,Boolean
acs:5bb9ddd8-66aa-4072-98b0-7877bd4aa4c9_0000000c-a4c8-c1d6-fa48-d93a0d00407f,,2021-11-10T23:21:37.6641512Z,true,Boolean,5bb9ddd8-66aa-4072-98b0-7877bd4aa4c9,String,true,Boolean
acs:5bb9ddd8-66aa-4072-98b0-7877bd4aa4c9_0000000c-a4c8-c3aa-fa48-d93a0d004080,,2021-11-10T23:21:37.6641512Z,true,Boolean,5bb9ddd8-66aa-4072-98b0-7877bd4aa4c9,String,true,Boolean
acs:5bb9ddd8-66aa-4072-98b0-7877bd4aa4c9_0000000c-a4c8-c554-fa48-d93a0d004084,,2021-11-10T23:21:37.6691481Z,true,Boolean,5bb9ddd8-66aa-4072-98b0-7877bd4aa4c9,String,true,Boolean
acs:5bb9ddd8-66aa-4072-98b0-7877bd4aa4c9_0000000c-a4c8-c707-fa48-d93a0d004086,,2021-11-10T23:21:37.6661497Z,true,Boolean,5bb9ddd8-66aa-4072-98b0-7877bd4aa4c9,String,true,Boolean
acs:5bb9ddd8-66aa-4072-98b0-7877bd4aa4c9_0000000c-a4c8-c8c8-fa48-d93a0d004087,,2021-11-10T23:21:37.6671505Z,true,Boolean,5bb9ddd8-66aa-4072-98b0-7877bd4aa4c9,String,true,Boolean
acs:5bb9ddd8-66aa-4072-98b0-7877bd4aa4c9_0000000c-a4c8-ca7c-fa48-d93a0d004088,,2021-11-10T23:21:37.6671505Z,true,Boolean,5bb9ddd8-66aa-4072-98b0-7877bd4aa4c9,String,true,Boolean
acs:5bb9ddd8-66aa-4072-98b0-7877bd4aa4c9_0000000c-a4c8-cc50-fa48-d93a0d004089,,2021-11-10T23:21:37.6681497Z,true,Boolean,5bb9ddd8-66aa-4072-98b0-7877bd4aa4c9,String,true,Boolean
acs:5bb9ddd8-66aa-4072-98b0-7877bd4aa4c9_0000000c-a4c8-cdf9-fa48-d93a0d00408a,,2021-11-10T23:21:37.6701479Z,true,Boolean,5bb9ddd8-66aa-4072-98b0-7877bd4aa4c9,String,true,Boolean
acs:5bb9ddd8-66aa-4072-98b0-7877bd4aa4c9_0000000c-a4c8-cfc9-fa48-d93a0d00408b,,2021-11-10T23:21:37.6701479Z,true,Boolean,5bb9ddd8-66aa-4072-98b0-7877bd4aa4c9,String,true,Boolean
acs:5bb9ddd8-66aa-4072-98b0-7877bd4aa4c9_0000000c-a4c8-d184-fa48-d93a0d00408c,,2021-11-10T23:21:37.6701479Z,true,Boolean,5bb9ddd8-66aa-4072-98b0-7877bd4aa4c9,String,true,Boolean
acs:5bb9ddd8-66aa-4072-98b0-7877bd4aa4c9_0000000c-a4c8-d342-fa48-d93a0d00408d,,2021-11-10T23:21:37.6741462Z,true,Boolean,5bb9ddd8-66aa-4072-98b0-7877bd4aa4c9,String,true,Boolean
acs:5bb9ddd8-66aa-4072-98b0-7877bd4aa4c9_0000000c-a4c8-d4e0-fa48-d93a0d00408e,,2021-11-10T23:21:37.7111249Z,true,Boolean,5bb9ddd8-66aa-4072-98b0-7877bd4aa4c9,String,true,Boolean
acs:5bb9ddd8-66aa-4072-98b0-7877bd4aa4c9_0000000c-a4c8-d68d-fa48-d93a0d00408f,,2021-11-10T23:21:37.7111249Z,true,Boolean,5bb9ddd8-66aa-4072-98b0-7877bd4aa4c9,String,true,Boolean
acs:5bb9ddd8-66aa-4072-98b0-7877bd4aa4c9_0000000c-a4c8-d84d-fa48-d93a0d004090,,2021-11-10T23:21:37.7121241Z,true,Boolean,5bb9ddd8-66aa-4072-98b0-7877bd4aa4c9,String,true,Boolean
acs:5bb9ddd8-66aa-4072-98b0-7877bd4aa4c9_0000000c-a4c8-da3a-fa48-d93a0d004091,,2021-11-10T23:21:37.7171206Z,true,Boolean,5bb9ddd8-66aa-4072-98b0-7877bd4aa4c9,String,true,Boolean
acs:5bb9ddd8-66aa-4072-98b0-7877bd4aa4c9_0000000c-a4c8-e02a-b365-da3a0d002c3d,,2021-11-10T23:21:37.7171206Z,true,Boolean,5bb9ddd8-66aa-4072-98b0-7877bd4aa4c9,String,true,Boolean
acs:5bb9ddd8-66aa-4072-98b0-7877bd4aa4c9_0000000c-a4c8-e1fb-b365-da3a0d002c3e,,2021-11-10T23:21:37.71812Z,true,Boolean,5bb9ddd8-66aa-4072-98b0-7877bd4aa4c9,String,true,Boolean
acs:5bb9ddd8-66aa-4072-98b0-7877bd4aa4c9_0000000c-a4c8-e3b4-b365-da3a0d002c3f,,2021-11-10T23:21:37.71812Z,true,Boolean,5bb9ddd8-66aa-4072-98b0-7877bd4aa4c9,String,true,Boolean
acs:5bb9ddd8-66aa-4072-98b0-7877bd4aa4c9_0000000c-a4c8-e561-b365-da3a0d002c41,,2021-11-10T23:21:37.7171206Z,true,Boolean,5bb9ddd8-66aa-4072-98b0-7877bd4aa4c9,String,true,Boolean
acs:5bb9ddd8-66aa-4072-98b0-7877bd4aa4c9_0000000c-a4c8-e704-b365-da3a0d002c42,,2021-11-10T23:21:37.71812Z,true,Boolean,5bb9ddd8-66aa-4072-98b0-7877bd4aa4c9,String,true,Boolean
acs:5bb9ddd8-66aa-4072-98b0-7877bd4aa4c9_0000000c-a4c8-e8cb-b365-da3a0d002c43,,2021-11-10T23:21:37.7201202Z,true,Boolean,5bb9ddd8-66aa-4072-98b0-7877bd4aa4c9,String,true,Boolean
acs:5bb9ddd8-66aa-4072-98b0-7877bd4aa4c9_0000000c-a4c8-ea8e-b365-da3a0d002c44,,2021-11-10T23:21:37.7191194Z,true,Boolean,5bb9ddd8-66aa-4072-98b0-7877bd4aa4c9,String,true,Boolean
acs:5bb9ddd8-66aa-4072-98b0-7877bd4aa4c9_0000000c-a4c8-ec64-b365-da3a0d002c45,,2021-11-10T23:21:37.7241173Z,true,Boolean,5bb9ddd8-66aa-4072-98b0-7877bd4aa4c9,String,true,Boolean
acs:5bb9ddd8-66aa-4072-98b0-7877bd4aa4c9_0000000c-a4c8-ee33-b365-da3a0d002c46,,2021-11-10T23:21:37.7251168Z,true,Boolean,5bb9ddd8-66aa-4072-98b0-7877bd4aa4c9,String,true,Boolean
acs:5bb9ddd8-66aa-4072-98b0-7877bd4aa4c9_0000000c-a4c8-eff0-b365-da3a0d002c47,,2021-11-10T23:21:37.7241173Z,true,Boolean,5bb9ddd8-66aa-4072-98b0-7877bd4aa4c9,String,true,Boolean
acs:5bb9ddd8-66aa-4072-98b0-7877bd4aa4c9_0000000c-a4c8-f198-b365-da3a0d002c48,,2021-11-10T23:21:37.7271152Z,true,Boolean,5bb9ddd8-66aa-4072-98b0-7877bd4aa4c9,String,true,Boolean
acs:5bb9ddd8-66aa-4072-98b0-7877bd4aa4c9_0000000c-a4c8-f351-b365-da3a0d002c49,,2021-11-10T23:21:37.7241173Z,true,Boolean,5bb9ddd8-66aa-4072-98b0-7877bd4aa4c9,String,true,Boolean
acs:5bb9ddd8-66aa-4072-98b0-7877bd4aa4c9_0000000c-a4c8-f506-b365-da3a0d002c4a,,2021-11-10T23:21:37.7251168Z,true,Boolean,5bb9ddd8-66aa-4072-98b0-7877bd4aa4c9,String,true,Boolean
acs:5bb9ddd8-66aa-4072-98b0-7877bd4aa4c9_0000000c-a4c8-f6c5-b365-da3a0d002c4b,,2021-11-10T23:21:37.7251168Z,true,Boolean,5bb9ddd8-66aa-4072-98b0-7877bd4aa4c9,String,true,Boolean
acs:5bb9ddd8-66aa-4072-98b0-7877bd4aa4c9_0000000c-a4c8-f88c-b365-da3a0d002c4c,,2021-11-10T23:21:37.7451044Z,true,Boolean,5bb9ddd8-66aa-4072-98b0-7877bd4aa4c9,String,true,Boolean
acs:5bb9ddd8-66aa-4072-98b0-7877bd4aa4c9_0000000c-a4c8-fa43-b365-da3a0d002c4d,,2021-11-10T23:21:37.7481041Z,true,Boolean,5bb9ddd8-66aa-4072-98b0-7877bd4aa4c9,String,true,Boolean
acs:5bb9ddd8-66aa-4072-98b0-7877bd4aa4c9_0000000c-a4c8-fbf5-b365-da3a0d002c4e,,2021-11-10T23:21:37.7511021Z,true,Boolean,5bb9ddd8-66aa-4072-98b0-7877bd4aa4c9,String,true,Boolean
acs:5bb9ddd8-66aa-4072-98b0-7877bd4aa4c9_0000000c-a4c8-fd96-b365-da3a0d002c4f,,2021-11-10T23:21:37.7501016Z,true,Boolean,5bb9ddd8-66aa-4072-98b0-7877bd4aa4c9,String,true,Boolean
acs:5bb9ddd8-66aa-4072-98b0-7877bd4aa4c9_0000000c-a4c9-0170-d999-d93a0d002159,,2021-11-10T23:21:37.7501016Z,true,Boolean,5bb9ddd8-66aa-4072-98b0-7877bd4aa4c9,String,true,Boolean
acs:5bb9ddd8-66aa-4072-98b0-7877bd4aa4c9_0000000c-a4c9-0342-d999-d93a0d00215a,,2021-11-10T23:21:37.7501016Z,true,Boolean,5bb9ddd8-66aa-4072-98b0-7877bd4aa4c9,String,true,Boolean
acs:5bb9ddd8-66aa-4072-98b0-7877bd4aa4c9_0000000c-a4c9-04e6-d999-d93a0d00215b,,2021-11-10T23:21:37.7501016Z,true,Boolean,5bb9ddd8-66aa-4072-98b0-7877bd4aa4c9,String,true,Boolean
acs:5bb9ddd8-66aa-4072-98b0-7877bd4aa4c9_0000000c-a4c9-069e-d999-d93a0d00215c,,2021-11-10T23:21:37.7531007Z,true,Boolean,5bb9ddd8-66aa-4072-98b0-7877bd4aa4c9,String,true,Boolean
acs:5bb9ddd8-66aa-4072-98b0-7877bd4aa4c9_0000000c-a4c9-085f-d999-d93a0d00215d,,2021-11-10T23:21:37.7521009Z,true,Boolean,5bb9ddd8-66aa-4072-98b0-7877bd4aa4c9,String,true,Boolean
acs:5bb9ddd8-66aa-4072-98b0-7877bd4aa4c9_0000000c-a4c9-0a2a-d999-d93a0d00215e,,2021-11-10T23:21:37.757098Z,true,Boolean,5bb9ddd8-66aa-4072-98b0-7877bd4aa4c9,String,true,Boolean
acs:5bb9ddd8-66aa-4072-98b0-7877bd4aa4c9_0000000c-a4c9-0bd3-d999-d93a0d00215f,,2021-11-10T23:21:37.7630953Z,true,Boolean,5bb9ddd8-66aa-4072-98b0-7877bd4aa4c9,String,true,Boolean
acs:5bb9ddd8-66aa-4072-98b0-7877bd4aa4c9_0000000c-a4c9-0d96-d999-d93a0d002160,,2021-11-10T23:21:37.7640945Z,true,Boolean,5bb9ddd8-66aa-4072-98b0-7877bd4aa4c9,String,true,Boolean
acs:5bb9ddd8-66aa-4072-98b0-7877bd4aa4c9_0000000c-a4c9-0f4f-d999-d93a0d002161,,2021-11-10T23:21:37.7640945Z,true,Boolean,5bb9ddd8-66aa-4072-98b0-7877bd4aa4c9,String,true,Boolean
acs:5bb9ddd8-66aa-4072-98b0-7877bd4aa4c9_0000000c-a4c9-10f5-d999-d93a0d002162,,2021-11-10T23:21:37.7610955Z,true,Boolean,5bb9ddd8-66aa-4072-98b0-7877bd4aa4c9,String,true,Boolean
acs:5bb9ddd8-66aa-4072-98b0-7877bd4aa4c9_0000000c-a4c9-12a0-d999-d93a0d002163,,2021-11-10T23:21:37.7610955Z,true,Boolean,5bb9ddd8-66aa-4072-98b0-7877bd4aa4c9,String,true,Boolean
acs:5bb9ddd8-66aa-4072-98b0-7877bd4aa4c9_0000000c-a4c9-1453-d999-d93a0d002164,,2021-11-10T23:21:37.7620957Z,true,Boolean,5bb9ddd8-66aa-4072-98b0-7877bd4aa4c9,String,true,Boolean
acs:5bb9ddd8-66aa-4072-98b0-7877bd4aa4c9_0000000c-a4c9-1616-d999-d93a0d002165,,2021-11-10T23:21:37.7640945Z,true,Boolean,5bb9ddd8-66aa-4072-98b0-7877bd4aa4c9,String,true,Boolean
acs:5bb9ddd8-66aa-4072-98b0-7877bd4aa4c9_0000000c-a4c9-17d4-d999-d93a0d002166,,2021-11-10T23:21:37.7640945Z,true,Boolean,5bb9ddd8-66aa-4072-98b0-7877bd4aa4c9,String,true,Boolean
acs:5bb9ddd8-66aa-4072-98b0-7877bd4aa4c9_0000000c-a4c9-198e-d999-d93a0d002167,,2021-11-10T23:21:37.7650941Z,true,Boolean,5bb9ddd8-66aa-4072-98b0-7877bd4aa4c9,String,true,Boolean
acs:5bb9ddd8-66aa-4072-98b0-7877bd4aa4c9_0000000c-a4c9-1b3a-d999-d93a0d002168,,2021-11-10T23:21:37.7650941Z,true,Boolean,5bb9ddd8-66aa-4072-98b0-7877bd4aa4c9,String,true,Boolean
acs:5bb9ddd8-66aa-4072-98b0-7877bd4aa4c9_0000000c-a4c9-1ced-d999-d93a0d002169,,2021-11-10T23:21:37.7670927Z,true,Boolean,5bb9ddd8-66aa-4072-98b0-7877bd4aa4c9,String,true,Boolean
acs:5bb9ddd8-66aa-4072-98b0-7877bd4aa4c9_0000000c-a4c9-1eb5-d999-d93a0d00216d,,2021-11-10T23:21:37.7680914Z,true,Boolean,5bb9ddd8-66aa-4072-98b0-7877bd4aa4c9,String,true,Boolean
acs:5bb9ddd8-66aa-4072-98b0-7877bd4aa4c9_0000000c-a4c9-2090-d999-d93a0d00216e,,2021-11-10T23:21:37.7710898Z,true,Boolean,5bb9ddd8-66aa-4072-98b0-7877bd4aa4c9,String,true,Boolean
acs:5bb9ddd8-66aa-4072-98b0-7877bd4aa4c9_0000000c-a4c9-227f-d999-d93a0d00216f,,2021-11-10T23:21:37.7730895Z,true,Boolean,5bb9ddd8-66aa-4072-98b0-7877bd4aa4c9,String,true,Boolean
acs:5bb9ddd8-66aa-4072-98b0-7877bd4aa4c9_0000000c-a4c9-243e-d999-d93a0d002170,,2021-11-10T23:21:37.7780859Z,true,Boolean,5bb9ddd8-66aa-4072-98b0-7877bd4aa4c9,String,true,Boolean
acs:5bb9ddd8-66aa-4072-98b0-7877bd4aa4c9_0000000c-a4c9-25fc-d999-d93a0d002171,,2021-11-10T23:21:37.7800861Z,true,Boolean,5bb9ddd8-66aa-4072-98b0-7877bd4aa4c9,String,true,Boolean
acs:5bb9ddd8-66aa-4072-98b0-7877bd4aa4c9_0000000c-a4c9-27b8-d999-d93a0d002172,,2021-11-10T23:21:37.7800861Z,true,Boolean,5bb9ddd8-66aa-4072-98b0-7877bd4aa4c9,String,true,Boolean
acs:5bb9ddd8-66aa-4072-98b0-7877bd4aa4c9_0000000c-a4c9-2b22-d999-d93a0d002173,,2021-11-10T23:21:37.7810847Z,true,Boolean,5bb9ddd8-66aa-4072-98b0-7877bd4aa4c9,String,true,Boolean
acs:5bb9ddd8-66aa-4072-98b0-7877bd4aa4c9_0000000c-a4c9-2cf4-d999-d93a0d002174,,2021-11-10T23:21:37.786083Z,true,Boolean,5bb9ddd8-66aa-4072-98b0-7877bd4aa4c9,String,true,Boolean
acs:5bb9ddd8-66aa-4072-98b0-7877bd4aa4c9_0000000c-a4c9-2ea4-d999-d93a0d002175,,2021-11-10T23:21:37.7870823Z,true,Boolean,5bb9ddd8-66aa-4072-98b0-7877bd4aa4c9,String,true,Boolean
acs:5bb9ddd8-66aa-4072-98b0-7877bd4aa4c9_0000000c-a4c9-305d-d999-d93a0d002176,,2021-11-10T23:21:37.7880807Z,true,Boolean,5bb9ddd8-66aa-4072-98b0-7877bd4aa4c9,String,true,Boolean
acs:5bb9ddd8-66aa-4072-98b0-7877bd4aa4c9_0000000c-a4c9-3216-d999-d93a0d002177,,2021-11-10T23:21:37.7980752Z,true,Boolean,5bb9ddd8-66aa-4072-98b0-7877bd4aa4c9,String,true,Boolean
acs:5bb9ddd8-66aa-4072-98b0-7877bd4aa4c9_0000000c-a4c9-33de-d999-d93a0d002178,,2021-11-10T23:21:37.7960763Z,true,Boolean,5bb9ddd8-66aa-4072-98b0-7877bd4aa4c9,String,true,Boolean
acs:5bb9ddd8-66aa-4072-98b0-7877bd4aa4c9_0000000c-a4c9-35ac-d999-d93a0d002179,,2021-11-10T23:21:37.7970755Z,true,Boolean,5bb9ddd8-66aa-4072-98b0-7877bd4aa4c9,String,true,Boolean
acs:5bb9ddd8-66aa-4072-98b0-7877bd4aa4c9_0000000c-a4c9-3783-d999-d93a0d00217a,,2021-11-10T23:21:37.7970755Z,true,Boolean,5bb9ddd8-66aa-4072-98b0-7877bd4aa4c9,String,true,Boolean
acs:5bb9ddd8-66aa-4072-98b0-7877bd4aa4c9_0000000c-a4c9-393d-d999-d93a0d00217b,,2021-11-10T23:21:37.7980752Z,true,Boolean,5bb9ddd8-66aa-4072-98b0-7877bd4aa4c9,String,true,Boolean
acs:5bb9ddd8-66aa-4072-98b0-7877bd4aa4c9_0000000c-a4c9-3af4-d999-d93a0d00217c,,2021-11-10T23:21:37.7970755Z,true,Boolean,5bb9ddd8-66aa-4072-98b0-7877bd4aa4c9,String,true,Boolean
acs:5bb9ddd8-66aa-4072-98b0-7877bd4aa4c9_0000000c-a4c9-3cc7-d999-d93a0d00217d,,2021-11-10T23:21:37.7960763Z,true,Boolean,5bb9ddd8-66aa-4072-98b0-7877bd4aa4c9,String,true,Boolean
acs:5bb9ddd8-66aa-4072-98b0-7877bd4aa4c9_0000000c-a4c9-3e8c-d999-d93a0d00217e,,2021-11-10T23:21:37.7980752Z,true,Boolean,5bb9ddd8-66aa-4072-98b0-7877bd4aa4c9,String,true,Boolean
acs:5bb9ddd8-66aa-4072-98b0-7877bd4aa4c9_0000000c-a4c9-403b-d999-d93a0d00217f,,2021-11-10T23:21:37.7980752Z,true,Boolean,5bb9ddd8-66aa-4072-98b0-7877bd4aa4c9,String,true,Boolean
acs:5bb9ddd8-66aa-4072-98b0-7877bd4aa4c9_0000000c-a4c9-4202-d999-d93a0d002180,,2021-11-10T23:21:37.7980752Z,true,Boolean,5bb9ddd8-66aa-4072-98b0-7877bd4aa4c9,String,true,Boolean
acs:5bb9ddd8-66aa-4072-98b0-7877bd4aa4c9_0000000c-a4c9-43b3-d999-d93a0d002181,,2021-11-10T23:21:37.7990744Z,true,Boolean,5bb9ddd8-66aa-4072-98b0-7877bd4aa4c9,String,true,Boolean
acs:5bb9ddd8-66aa-4072-98b0-7877bd4aa4c9_0000000c-a4c9-457a-d999-d93a0d002182,,2021-11-10T23:21:37.7980752Z,true,Boolean,5bb9ddd8-66aa-4072-98b0-7877bd4aa4c9,String,true,Boolean
acs:5bb9ddd8-66aa-4072-98b0-7877bd4aa4c9_0000000c-a4c9-4722-d999-d93a0d002183,,2021-11-10T23:21:37.7980752Z,true,Boolean,5bb9ddd8-66aa-4072-98b0-7877bd4aa4c9,String,true,Boolean
acs:5cc920fd-df09-4660-922b-c9f070f9e3c5_0000000c-43b9-1ab4-ee79-254822000301,,2021-11-10T23:21:37.9050148Z,true,Boolean,5cc920fd-df09-4660-922b-c9f070f9e3c5,String,true,Boolean
acs:5cc920fd-df09-4660-922b-c9f070f9e3c5_0000000c-43b9-1c17-ee79-254822000302,,2021-11-10T23:21:37.9060133Z,true,Boolean,5cc920fd-df09-4660-922b-c9f070f9e3c5,String,true,Boolean
acs:5cc920fd-df09-4660-922b-c9f070f9e3c5_0000000c-43b9-1d5b-ee79-254822000303,,2021-11-10T23:21:37.9060133Z,true,Boolean,5cc920fd-df09-4660-922b-c9f070f9e3c5,String,true,Boolean
acs:5cc920fd-df09-4660-922b-c9f070f9e3c5_0000000c-43b9-1e90-ee79-254822000304,,2021-11-10T23:21:37.9050148Z,true,Boolean,5cc920fd-df09-4660-922b-c9f070f9e3c5,String,true,Boolean
acs:5cc920fd-df09-4660-922b-c9f070f9e3c5_0000000c-43b9-1fce-ee79-254822000305,,2021-11-10T23:21:37.9060133Z,true,Boolean,5cc920fd-df09-4660-922b-c9f070f9e3c5,String,true,Boolean
acs:5cc920fd-df09-4660-922b-c9f070f9e3c5_0000000c-43b9-2113-ee79-254822000306,,2021-11-10T23:21:37.9070124Z,true,Boolean,5cc920fd-df09-4660-922b-c9f070f9e3c5,String,true,Boolean
acs:5cc920fd-df09-4660-922b-c9f070f9e3c5_0000000c-43b9-2272-ee79-254822000307,,2021-11-10T23:21:37.9060133Z,true,Boolean,5cc920fd-df09-4660-922b-c9f070f9e3c5,String,true,Boolean
acs:5cc920fd-df09-4660-922b-c9f070f9e3c5_0000000c-43b9-23b0-ee79-254822000308,,2021-11-10T23:21:37.9100104Z,true,Boolean,5cc920fd-df09-4660-922b-c9f070f9e3c5,String,true,Boolean
acs:5cc920fd-df09-4660-922b-c9f070f9e3c5_0000000c-43b9-24f3-ee79-254822000309,,2021-11-10T23:21:37.9120098Z,true,Boolean,5cc920fd-df09-4660-922b-c9f070f9e3c5,String,true,Boolean
acs:5cc920fd-df09-4660-922b-c9f070f9e3c5_0000000c-43b9-2648-ee79-25482200030a,,2021-11-10T23:21:37.9130088Z,true,Boolean,5cc920fd-df09-4660-922b-c9f070f9e3c5,String,true,Boolean
acs:5cc920fd-df09-4660-922b-c9f070f9e3c5_0000000c-a4c7-3aea-a808-454822001c82,,2021-11-10T23:21:37.9130088Z,true,Boolean,5cc920fd-df09-4660-922b-c9f070f9e3c5,String,true,Boolean
acs:5cc920fd-df09-4660-922b-c9f070f9e3c5_0000000c-a4c7-3c46-a808-454822001c83,,2021-11-10T23:21:37.9130088Z,true,Boolean,5cc920fd-df09-4660-922b-c9f070f9e3c5,String,true,Boolean
acs:5cc920fd-df09-4660-922b-c9f070f9e3c5_0000000c-a4c7-3dbb-a808-454822001c84,,2021-11-10T23:21:37.9130088Z,true,Boolean,5cc920fd-df09-4660-922b-c9f070f9e3c5,String,true,Boolean
acs:5cc920fd-df09-4660-922b-c9f070f9e3c5_0000000c-a4c7-3f1e-a808-454822001c85,,2021-11-10T23:21:37.9150082Z,true,Boolean,5cc920fd-df09-4660-922b-c9f070f9e3c5,String,true,Boolean
acs:5cc920fd-df09-4660-922b-c9f070f9e3c5_0000000c-a4c7-407a-a808-454822001c86,,2021-11-10T23:21:37.916008Z,true,Boolean,5cc920fd-df09-4660-922b-c9f070f9e3c5,String,true,Boolean
acs:5cc920fd-df09-4660-922b-c9f070f9e3c5_0000000c-a4c7-41d9-a808-454822001c87,,2021-11-10T23:21:37.917007Z,true,Boolean,5cc920fd-df09-4660-922b-c9f070f9e3c5,String,true,Boolean
acs:5cc920fd-df09-4660-922b-c9f070f9e3c5_0000000c-a4c7-4324-a808-454822001c88,,2021-11-10T23:21:37.9180065Z,true,Boolean,5cc920fd-df09-4660-922b-c9f070f9e3c5,String,true,Boolean
acs:5cc920fd-df09-4660-922b-c9f070f9e3c5_0000000c-a4c7-44a9-a808-454822001c89,,2021-11-10T23:21:37.9180065Z,true,Boolean,5cc920fd-df09-4660-922b-c9f070f9e3c5,String,true,Boolean
acs:5cc920fd-df09-4660-922b-c9f070f9e3c5_0000000c-a4c7-461a-a808-454822001c8a,,2021-11-10T23:21:37.9210042Z,true,Boolean,5cc920fd-df09-4660-922b-c9f070f9e3c5,String,true,Boolean
acs:5cc920fd-df09-4660-922b-c9f070f9e3c5_0000000c-a4c7-4757-a808-454822001c8b,,2021-11-10T23:21:37.9200053Z,true,Boolean,5cc920fd-df09-4660-922b-c9f070f9e3c5,String,true,Boolean
acs:5cc920fd-df09-4660-922b-c9f070f9e3c5_0000000c-a4c7-48bb-a808-454822001c8c,,2021-11-10T23:21:37.9210042Z,true,Boolean,5cc920fd-df09-4660-922b-c9f070f9e3c5,String,true,Boolean
acs:5cc920fd-df09-4660-922b-c9f070f9e3c5_0000000c-a4c7-4a25-a808-454822001c8d,,2021-11-10T23:21:37.9250027Z,true,Boolean,5cc920fd-df09-4660-922b-c9f070f9e3c5,String,true,Boolean
acs:5cc920fd-df09-4660-922b-c9f070f9e3c5_0000000c-a4c7-4b7b-a808-454822001c8e,,2021-11-10T23:21:37.9299991Z,true,Boolean,5cc920fd-df09-4660-922b-c9f070f9e3c5,String,true,Boolean
acs:5cc920fd-df09-4660-922b-c9f070f9e3c5_0000000c-a4c7-4ce3-a808-454822001c8f,,2021-11-10T23:21:37.9299991Z,true,Boolean,5cc920fd-df09-4660-922b-c9f070f9e3c5,String,true,Boolean
acs:5cc920fd-df09-4660-922b-c9f070f9e3c5_0000000c-a4c7-4e55-a808-454822001c90,,2021-11-10T23:21:37.9299991Z,true,Boolean,5cc920fd-df09-4660-922b-c9f070f9e3c5,String,true,Boolean
acs:5cc920fd-df09-4660-922b-c9f070f9e3c5_0000000c-a4c7-4fb5-a808-454822001c91,,2021-11-10T23:21:37.9309984Z,true,Boolean,5cc920fd-df09-4660-922b-c9f070f9e3c5,String,true,Boolean
acs:5cc920fd-df09-4660-922b-c9f070f9e3c5_0000000c-a4c7-511c-a808-454822001c92,,2021-11-10T23:21:37.9379943Z,true,Boolean,5cc920fd-df09-4660-922b-c9f070f9e3c5,String,true,Boolean
acs:5cc920fd-df09-4660-922b-c9f070f9e3c5_0000000c-a4c7-528c-a808-454822001c93,,2021-11-10T23:21:37.9399931Z,true,Boolean,5cc920fd-df09-4660-922b-c9f070f9e3c5,String,true,Boolean
acs:5cc920fd-df09-4660-922b-c9f070f9e3c5_0000000c-a4c7-53ed-a808-454822001c94,,2021-11-10T23:21:37.940993Z,true,Boolean,5cc920fd-df09-4660-922b-c9f070f9e3c5,String,true,Boolean
acs:5cc920fd-df09-4660-922b-c9f070f9e3c5_0000000c-a4c7-5547-a808-454822001c95,,2021-11-10T23:21:37.9399931Z,true,Boolean,5cc920fd-df09-4660-922b-c9f070f9e3c5,String,true,Boolean
acs:5cc920fd-df09-4660-922b-c9f070f9e3c5_0000000c-a4c7-5691-a808-454822001c96,,2021-11-10T23:21:37.9449918Z,true,Boolean,5cc920fd-df09-4660-922b-c9f070f9e3c5,String,true,Boolean
acs:5cc920fd-df09-4660-922b-c9f070f9e3c5_0000000c-a4c7-57eb-a808-454822001c97,,2021-11-10T23:21:37.9459912Z,true,Boolean,5cc920fd-df09-4660-922b-c9f070f9e3c5,String,true,Boolean
acs:5cc920fd-df09-4660-922b-c9f070f9e3c5_0000000c-a4c7-5967-a808-454822001c98,,2021-11-10T23:21:37.948988Z,true,Boolean,5cc920fd-df09-4660-922b-c9f070f9e3c5,String,true,Boolean
acs:5cc920fd-df09-4660-922b-c9f070f9e3c5_0000000c-a4c7-5ad4-a808-454822001c99,,2021-11-10T23:21:37.9539867Z,true,Boolean,5cc920fd-df09-4660-922b-c9f070f9e3c5,String,true,Boolean
acs:5cc920fd-df09-4660-922b-c9f070f9e3c5_0000000c-a4c7-5c2a-a808-454822001c9a,,2021-11-10T23:21:37.9569835Z,true,Boolean,5cc920fd-df09-4660-922b-c9f070f9e3c5,String,true,Boolean
acs:5cc920fd-df09-4660-922b-c9f070f9e3c5_0000000c-a4c7-5db1-a808-454822001c9b,,2021-11-10T23:21:37.9579829Z,true,Boolean,5cc920fd-df09-4660-922b-c9f070f9e3c5,String,true,Boolean
acs:5cc920fd-df09-4660-922b-c9f070f9e3c5_0000000c-a4c7-5f23-a808-454822001c9c,,2021-11-10T23:21:37.9589824Z,true,Boolean,5cc920fd-df09-4660-922b-c9f070f9e3c5,String,true,Boolean
acs:5cc920fd-df09-4660-922b-c9f070f9e3c5_0000000c-a4c7-607c-a808-454822001c9d,,2021-11-10T23:21:37.9619815Z,true,Boolean,5cc920fd-df09-4660-922b-c9f070f9e3c5,String,true,Boolean
acs:5cc920fd-df09-4660-922b-c9f070f9e3c5_0000000c-a4c7-6200-a808-454822001c9e,,2021-11-10T23:21:37.9629805Z,true,Boolean,5cc920fd-df09-4660-922b-c9f070f9e3c5,String,true,Boolean
acs:5cc920fd-df09-4660-922b-c9f070f9e3c5_0000000c-a4c7-636c-a808-454822001c9f,,2021-11-10T23:21:37.9659784Z,true,Boolean,5cc920fd-df09-4660-922b-c9f070f9e3c5,String,true,Boolean
acs:5cc920fd-df09-4660-922b-c9f070f9e3c5_0000000c-a4c7-64c4-a808-454822001ca0,,2021-11-10T23:21:38.0089546Z,true,Boolean,5cc920fd-df09-4660-922b-c9f070f9e3c5,String,true,Boolean
acs:5cc920fd-df09-4660-922b-c9f070f9e3c5_0000000c-a4c7-662a-a808-454822001ca1,,2021-11-10T23:21:38.0149508Z,true,Boolean,5cc920fd-df09-4660-922b-c9f070f9e3c5,String,true,Boolean
acs:5cc920fd-df09-4660-922b-c9f070f9e3c5_0000000c-a4c7-6791-a808-454822001ca2,,2021-11-10T23:21:38.0159503Z,true,Boolean,5cc920fd-df09-4660-922b-c9f070f9e3c5,String,true,Boolean
acs:5cc920fd-df09-4660-922b-c9f070f9e3c5_0000000c-a4c7-68e8-a808-454822001ca3,,2021-11-10T23:21:38.0159503Z,true,Boolean,5cc920fd-df09-4660-922b-c9f070f9e3c5,String,true,Boolean
acs:5cc920fd-df09-4660-922b-c9f070f9e3c5_0000000c-a4c7-6a68-a808-454822001ca4,,2021-11-10T23:21:38.0159503Z,true,Boolean,5cc920fd-df09-4660-922b-c9f070f9e3c5,String,true,Boolean
acs:5cc920fd-df09-4660-922b-c9f070f9e3c5_0000000c-a4c7-6bce-a808-454822001ca5,,2021-11-10T23:21:38.0159503Z,true,Boolean,5cc920fd-df09-4660-922b-c9f070f9e3c5,String,true,Boolean
acs:5cc920fd-df09-4660-922b-c9f070f9e3c5_0000000c-a4c7-6d2d-a808-454822001ca6,,2021-11-10T23:21:38.0159503Z,true,Boolean,5cc920fd-df09-4660-922b-c9f070f9e3c5,String,true,Boolean
acs:5cc920fd-df09-4660-922b-c9f070f9e3c5_0000000c-a4c7-6eb4-a808-454822001ca7,,2021-11-10T23:21:38.0169499Z,true,Boolean,5cc920fd-df09-4660-922b-c9f070f9e3c5,String,true,Boolean
acs:5cc920fd-df09-4660-922b-c9f070f9e3c5_0000000c-a4c7-7032-a808-454822001ca8,,2021-11-10T23:21:38.0229468Z,true,Boolean,5cc920fd-df09-4660-922b-c9f070f9e3c5,String,true,Boolean
acs:5cc920fd-df09-4660-922b-c9f070f9e3c5_0000000c-a4c7-719c-a808-454822001ca9,,2021-11-10T23:21:38.0219472Z,true,Boolean,5cc920fd-df09-4660-922b-c9f070f9e3c5,String,true,Boolean
acs:5cc920fd-df09-4660-922b-c9f070f9e3c5_0000000c-a4c7-72ef-a808-454822001caa,,2021-11-10T23:21:38.026944Z,true,Boolean,5cc920fd-df09-4660-922b-c9f070f9e3c5,String,true,Boolean
acs:5cc920fd-df09-4660-922b-c9f070f9e3c5_0000000c-a4c7-7455-a808-454822001cab,,2021-11-10T23:21:38.0249458Z,true,Boolean,5cc920fd-df09-4660-922b-c9f070f9e3c5,String,true,Boolean
acs:5cc920fd-df09-4660-922b-c9f070f9e3c5_0000000c-a4c7-75c3-a808-454822001cac,,2021-11-10T23:21:38.026944Z,true,Boolean,5cc920fd-df09-4660-922b-c9f070f9e3c5,String,true,Boolean
acs:5cc920fd-df09-4660-922b-c9f070f9e3c5_0000000c-a4c7-7733-a808-454822001cad,,2021-11-10T23:21:38.03394Z,true,Boolean,5cc920fd-df09-4660-922b-c9f070f9e3c5,String,true,Boolean
acs:5cc920fd-df09-4660-922b-c9f070f9e3c5_0000000c-a4c7-787d-a808-454822001cae,,2021-11-10T23:21:38.032941Z,true,Boolean,5cc920fd-df09-4660-922b-c9f070f9e3c5,String,true,Boolean
acs:5cc920fd-df09-4660-922b-c9f070f9e3c5_0000000c-a4c7-79db-a808-454822001caf,,2021-11-10T23:21:38.0359389Z,true,Boolean,5cc920fd-df09-4660-922b-c9f070f9e3c5,String,true,Boolean
acs:5cc920fd-df09-4660-922b-c9f070f9e3c5_0000000c-a4c7-7b49-a808-454822001cb0,,2021-11-10T23:21:38.0379383Z,true,Boolean,5cc920fd-df09-4660-922b-c9f070f9e3c5,String,true,Boolean
acs:5cc920fd-df09-4660-922b-c9f070f9e3c5_0000000c-a4c7-7cb4-a808-454822001cb1,,2021-11-10T23:21:38.0459334Z,true,Boolean,5cc920fd-df09-4660-922b-c9f070f9e3c5,String,true,Boolean
acs:5cc920fd-df09-4660-922b-c9f070f9e3c5_0000000c-a4c7-7e04-a808-454822001cb2,,2021-11-10T23:21:38.0439351Z,true,Boolean,5cc920fd-df09-4660-922b-c9f070f9e3c5,String,true,Boolean
acs:5cc920fd-df09-4660-922b-c9f070f9e3c5_0000000c-a4c7-7f85-a808-454822001cb3,,2021-11-10T23:21:38.0439351Z,true,Boolean,5cc920fd-df09-4660-922b-c9f070f9e3c5,String,true,Boolean
acs:5cc920fd-df09-4660-922b-c9f070f9e3c5_0000000c-a4c7-80f9-a808-454822001cb4,,2021-11-10T23:21:38.0489318Z,true,Boolean,5cc920fd-df09-4660-922b-c9f070f9e3c5,String,true,Boolean
acs:5cc920fd-df09-4660-922b-c9f070f9e3c5_0000000c-a4c7-8284-a808-454822001cb5,,2021-11-10T23:21:38.052929Z,true,Boolean,5cc920fd-df09-4660-922b-c9f070f9e3c5,String,true,Boolean
acs:5cc920fd-df09-4660-922b-c9f070f9e3c5_0000000c-a4c7-83d9-a808-454822001cb6,,2021-11-10T23:21:38.0539292Z,true,Boolean,5cc920fd-df09-4660-922b-c9f070f9e3c5,String,true,Boolean
acs:5cc920fd-df09-4660-922b-c9f070f9e3c5_0000000c-a4c7-8528-a808-454822001cb7,,2021-11-10T23:21:38.0569275Z,true,Boolean,5cc920fd-df09-4660-922b-c9f070f9e3c5,String,true,Boolean
acs:5cc920fd-df09-4660-922b-c9f070f9e3c5_0000000c-a4c7-868a-a808-454822001cb8,,2021-11-10T23:21:38.0619242Z,true,Boolean,5cc920fd-df09-4660-922b-c9f070f9e3c5,String,true,Boolean
acs:5cc920fd-df09-4660-922b-c9f070f9e3c5_0000000c-a4c7-87f9-a808-454822001cb9,,2021-11-10T23:21:38.0609259Z,true,Boolean,5cc920fd-df09-4660-922b-c9f070f9e3c5,String,true,Boolean
acs:5cc920fd-df09-4660-922b-c9f070f9e3c5_0000000c-a4c7-893b-a808-454822001cba,,2021-11-10T23:21:38.0609259Z,true,Boolean,5cc920fd-df09-4660-922b-c9f070f9e3c5,String,true,Boolean
acs:5cc920fd-df09-4660-922b-c9f070f9e3c5_0000000c-a4c7-8a92-a808-454822001cbb,,2021-11-10T23:21:38.0629232Z,true,Boolean,5cc920fd-df09-4660-922b-c9f070f9e3c5,String,true,Boolean
acs:5cc920fd-df09-4660-922b-c9f070f9e3c5_0000000c-a4c7-8c00-a808-454822001cbc,,2021-11-10T23:21:38.0669207Z,true,Boolean,5cc920fd-df09-4660-922b-c9f070f9e3c5,String,true,Boolean
acs:5cc920fd-df09-4660-922b-c9f070f9e3c5_0000000c-a4c7-8d56-a808-454822001cbd,,2021-11-10T23:21:38.0729184Z,true,Boolean,5cc920fd-df09-4660-922b-c9f070f9e3c5,String,true,Boolean
acs:5cc920fd-df09-4660-922b-c9f070f9e3c5_0000000c-a4c7-8ea6-a808-454822001cbe,,2021-11-10T23:21:38.0759167Z,true,Boolean,5cc920fd-df09-4660-922b-c9f070f9e3c5,String,true,Boolean
acs:5cc920fd-df09-4660-922b-c9f070f9e3c5_0000000c-a4c7-9001-a808-454822001cbf,,2021-11-10T23:21:38.0749173Z,true,Boolean,5cc920fd-df09-4660-922b-c9f070f9e3c5,String,true,Boolean
acs:5cc920fd-df09-4660-922b-c9f070f9e3c5_0000000c-a4c7-9171-a808-454822001cc0,,2021-11-10T23:21:38.0779158Z,true,Boolean,5cc920fd-df09-4660-922b-c9f070f9e3c5,String,true,Boolean
acs:5cc920fd-df09-4660-922b-c9f070f9e3c5_0000000c-a4c7-92cb-a808-454822001cc1,,2021-11-10T23:21:38.0809134Z,true,Boolean,5cc920fd-df09-4660-922b-c9f070f9e3c5,String,true,Boolean
acs:5cc920fd-df09-4660-922b-c9f070f9e3c5_0000000c-a4c7-9428-a808-454822001cc2,,2021-11-10T23:21:38.0859105Z,true,Boolean,5cc920fd-df09-4660-922b-c9f070f9e3c5,String,true,Boolean
acs:5cc920fd-df09-4660-922b-c9f070f9e3c5_0000000c-a4c7-958a-a808-454822001cc3,,2021-11-10T23:21:38.0839125Z,true,Boolean,5cc920fd-df09-4660-922b-c9f070f9e3c5,String,true,Boolean
acs:5cc920fd-df09-4660-922b-c9f070f9e3c5_0000000c-a4c7-96f8-a808-454822001cc4,,2021-11-10T23:21:38.084913Z,true,Boolean,5cc920fd-df09-4660-922b-c9f070f9e3c5,String,true,Boolean
acs:5cc920fd-df09-4660-922b-c9f070f9e3c5_0000000c-a4c7-986f-a808-454822001cc5,,2021-11-10T23:21:38.0859105Z,true,Boolean,5cc920fd-df09-4660-922b-c9f070f9e3c5,String,true,Boolean
acs:5cc920fd-df09-4660-922b-c9f070f9e3c5_0000000c-a4c7-9a1f-a808-454822001cc6,,2021-11-10T23:21:38.0889087Z,true,Boolean,5cc920fd-df09-4660-922b-c9f070f9e3c5,String,true,Boolean
acs:5cc920fd-df09-4660-922b-c9f070f9e3c5_0000000c-a4c7-9b86-a808-454822001cc7,,2021-11-10T23:21:38.1458766Z,true,Boolean,5cc920fd-df09-4660-922b-c9f070f9e3c5,String,true,Boolean
acs:5cc920fd-df09-4660-922b-c9f070f9e3c5_0000000c-a4c7-9cee-a808-454822001cc8,,2021-11-10T23:21:38.1438778Z,true,Boolean,5cc920fd-df09-4660-922b-c9f070f9e3c5,String,true,Boolean
acs:5cc920fd-df09-4660-922b-c9f070f9e3c5_0000000c-a4c7-9e7b-a808-454822001cc9,,2021-11-10T23:21:38.4906791Z,true,Boolean,5cc920fd-df09-4660-922b-c9f070f9e3c5,String,true,Boolean
acs:5cc920fd-df09-4660-922b-c9f070f9e3c5_0000000c-a4c7-9fe3-a808-454822001cca,,2021-11-10T23:21:38.4896797Z,true,Boolean,5cc920fd-df09-4660-922b-c9f070f9e3c5,String,true,Boolean
acs:5cc920fd-df09-4660-922b-c9f070f9e3c5_0000000c-a4c7-a12b-a808-454822001ccb,,2021-11-10T23:21:38.4906791Z,true,Boolean,5cc920fd-df09-4660-922b-c9f070f9e3c5,String,true,Boolean
acs:5cc920fd-df09-4660-922b-c9f070f9e3c5_0000000c-a4c7-a299-a808-454822001ccc,,2021-11-10T23:21:38.5276574Z,true,Boolean,5cc920fd-df09-4660-922b-c9f070f9e3c5,String,true,Boolean
acs:5cc920fd-df09-4660-922b-c9f070f9e3c5_0000000c-a4c7-a40d-a808-454822001ccd,,2021-11-10T23:21:38.5286573Z,true,Boolean,5cc920fd-df09-4660-922b-c9f070f9e3c5,String,true,Boolean
acs:5cc920fd-df09-4660-922b-c9f070f9e3c5_0000000c-a4c7-a561-a808-454822001cce,,2021-11-10T23:21:38.5286573Z,true,Boolean,5cc920fd-df09-4660-922b-c9f070f9e3c5,String,true,Boolean
acs:5cc920fd-df09-4660-922b-c9f070f9e3c5_0000000c-a4c7-a6e1-a808-454822001ccf,,2021-11-10T23:21:38.5626375Z,true,Boolean,5cc920fd-df09-4660-922b-c9f070f9e3c5,String,true,Boolean
acs:5cc920fd-df09-4660-922b-c9f070f9e3c5_0000000c-a4c7-a845-a808-454822001cd0,,2021-11-10T23:21:38.5646373Z,true,Boolean,5cc920fd-df09-4660-922b-c9f070f9e3c5,String,true,Boolean
acs:5cc920fd-df09-4660-922b-c9f070f9e3c5_0000000c-a4c7-a9cb-a808-454822001cd1,,2021-11-10T23:21:38.566637Z,true,Boolean,5cc920fd-df09-4660-922b-c9f070f9e3c5,String,true,Boolean
acs:5cc920fd-df09-4660-922b-c9f070f9e3c5_0000000c-a4c7-ab20-a808-454822001cd2,,2021-11-10T23:21:38.5676356Z,true,Boolean,5cc920fd-df09-4660-922b-c9f070f9e3c5,String,true,Boolean
acs:5cc920fd-df09-4660-922b-c9f070f9e3c5_0000000c-a4c7-ac84-a808-454822001cd3,,2021-11-10T23:21:38.566637Z,true,Boolean,5cc920fd-df09-4660-922b-c9f070f9e3c5,String,true,Boolean
acs:5cc920fd-df09-4660-922b-c9f070f9e3c5_0000000c-a4c7-adfd-a808-454822001cd4,,2021-11-10T23:21:38.5676356Z,true,Boolean,5cc920fd-df09-4660-922b-c9f070f9e3c5,String,true,Boolean
acs:5cc920fd-df09-4660-922b-c9f070f9e3c5_0000000c-a4c7-af56-a808-454822001cd5,,2021-11-10T23:21:38.5676356Z,true,Boolean,5cc920fd-df09-4660-922b-c9f070f9e3c5,String,true,Boolean
acs:5cc920fd-df09-4660-922b-c9f070f9e3c5_0000000c-a4c7-b0ce-a808-454822001cd6,,2021-11-10T23:21:38.566637Z,true,Boolean,5cc920fd-df09-4660-922b-c9f070f9e3c5,String,true,Boolean
acs:5cc920fd-df09-4660-922b-c9f070f9e3c5_0000000c-a4c7-b248-a808-454822001cd7,,2021-11-10T23:21:38.566637Z,true,Boolean,5cc920fd-df09-4660-922b-c9f070f9e3c5,String,true,Boolean
acs:5cc920fd-df09-4660-922b-c9f070f9e3c5_0000000c-a4c7-b3a5-a808-454822001cd8,,2021-11-10T23:21:38.5676356Z,true,Boolean,5cc920fd-df09-4660-922b-c9f070f9e3c5,String,true,Boolean
acs:5cc920fd-df09-4660-922b-c9f070f9e3c5_0000000c-a4c7-b530-a808-454822001cd9,,2021-11-10T23:21:38.5686347Z,true,Boolean,5cc920fd-df09-4660-922b-c9f070f9e3c5,String,true,Boolean
acs:5cc920fd-df09-4660-922b-c9f070f9e3c5_0000000c-a4c7-b6b5-a808-454822001cda,,2021-11-10T23:21:38.5676356Z,true,Boolean,5cc920fd-df09-4660-922b-c9f070f9e3c5,String,true,Boolean
acs:5cc920fd-df09-4660-922b-c9f070f9e3c5_0000000c-a4c7-b82f-a808-454822001cdb,,2021-11-10T23:21:38.5676356Z,true,Boolean,5cc920fd-df09-4660-922b-c9f070f9e3c5,String,true,Boolean
acs:5f44ece7-8c82-4d20-870d-af3ab15099a0_0000000c-43b9-27ab-0178-254822000311,,2021-11-10T23:21:38.8274864Z,true,Boolean,5f44ece7-8c82-4d20-870d-af3ab15099a0,String,true,Boolean
acs:5f44ece7-8c82-4d20-870d-af3ab15099a0_0000000c-43b9-2c42-0178-254822000312,,2021-11-10T23:21:38.8274864Z,true,Boolean,5f44ece7-8c82-4d20-870d-af3ab15099a0,String,true,Boolean
acs:5f44ece7-8c82-4d20-870d-af3ab15099a0_0000000c-43b9-2d35-0178-254822000313,,2021-11-10T23:21:38.828486Z,true,Boolean,5f44ece7-8c82-4d20-870d-af3ab15099a0,String,true,Boolean
acs:5f44ece7-8c82-4d20-870d-af3ab15099a0_0000000c-43b9-2e45-0178-254822000314,,2021-11-10T23:21:38.828486Z,true,Boolean,5f44ece7-8c82-4d20-870d-af3ab15099a0,String,true,Boolean
acs:5f44ece7-8c82-4d20-870d-af3ab15099a0_0000000c-43b9-2f72-0178-254822000315,,2021-11-10T23:21:38.828486Z,true,Boolean,5f44ece7-8c82-4d20-870d-af3ab15099a0,String,true,Boolean
acs:5f44ece7-8c82-4d20-870d-af3ab15099a0_0000000c-43b9-30ea-0178-254822000316,,2021-11-10T23:21:38.828486Z,true,Boolean,5f44ece7-8c82-4d20-870d-af3ab15099a0,String,true,Boolean
acs:5f44ece7-8c82-4d20-870d-af3ab15099a0_0000000c-43b9-322f-0178-254822000317,,2021-11-10T23:21:38.8324843Z,true,Boolean,5f44ece7-8c82-4d20-870d-af3ab15099a0,String,true,Boolean
acs:5f44ece7-8c82-4d20-870d-af3ab15099a0_0000000c-43b9-3367-0178-254822000318,,2021-11-10T23:21:38.8334844Z,true,Boolean,5f44ece7-8c82-4d20-870d-af3ab15099a0,String,true,Boolean
acs:5f44ece7-8c82-4d20-870d-af3ab15099a0_0000000c-43b9-3475-0178-254822000319,,2021-11-10T23:21:38.8334844Z,true,Boolean,5f44ece7-8c82-4d20-870d-af3ab15099a0,String,true,Boolean
acs:5f44ece7-8c82-4d20-870d-af3ab15099a0_0000000c-43b9-3564-0178-25482200031a,,2021-11-10T23:21:38.8334844Z,true,Boolean,5f44ece7-8c82-4d20-870d-af3ab15099a0,String,true,Boolean
acs:5f44ece7-8c82-4d20-870d-af3ab15099a0_0000000c-a4c7-ba95-82d4-444822001d34,,2021-11-10T23:21:38.8354822Z,true,Boolean,5f44ece7-8c82-4d20-870d-af3ab15099a0,String,true,Boolean
acs:5f44ece7-8c82-4d20-870d-af3ab15099a0_0000000c-a4c7-bb58-82d4-444822001d35,,2021-11-10T23:21:38.8354822Z,true,Boolean,5f44ece7-8c82-4d20-870d-af3ab15099a0,String,true,Boolean
acs:5f44ece7-8c82-4d20-870d-af3ab15099a0_0000000c-a4c7-bc43-82d4-444822001d36,,2021-11-10T23:21:38.8354822Z,true,Boolean,5f44ece7-8c82-4d20-870d-af3ab15099a0,String,true,Boolean
acs:5f44ece7-8c82-4d20-870d-af3ab15099a0_0000000c-a4c7-bd0f-82d4-444822001d37,,2021-11-10T23:21:38.8364814Z,true,Boolean,5f44ece7-8c82-4d20-870d-af3ab15099a0,String,true,Boolean
acs:5f44ece7-8c82-4d20-870d-af3ab15099a0_0000000c-a4c7-be03-82d4-444822001d38,,2021-11-10T23:21:38.8384801Z,true,Boolean,5f44ece7-8c82-4d20-870d-af3ab15099a0,String,true,Boolean
acs:5f44ece7-8c82-4d20-870d-af3ab15099a0_0000000c-a4c7-bef2-82d4-444822001d39,,2021-11-10T23:21:38.8394806Z,true,Boolean,5f44ece7-8c82-4d20-870d-af3ab15099a0,String,true,Boolean
acs:5f44ece7-8c82-4d20-870d-af3ab15099a0_0000000c-a4c7-bfe0-82d4-444822001d3a,,2021-11-10T23:21:38.8404797Z,true,Boolean,5f44ece7-8c82-4d20-870d-af3ab15099a0,String,true,Boolean
acs:5f44ece7-8c82-4d20-870d-af3ab15099a0_0000000c-a4c7-c0c7-82d4-444822001d3b,,2021-11-10T23:21:38.8394806Z,true,Boolean,5f44ece7-8c82-4d20-870d-af3ab15099a0,String,true,Boolean
acs:5f44ece7-8c82-4d20-870d-af3ab15099a0_0000000c-a4c7-c1ba-82d4-444822001d3c,,2021-11-10T23:21:38.8424793Z,true,Boolean,5f44ece7-8c82-4d20-870d-af3ab15099a0,String,true,Boolean
acs:5f44ece7-8c82-4d20-870d-af3ab15099a0_0000000c-a4c7-c2a9-82d4-444822001d3d,,2021-11-10T23:21:38.8674635Z,true,Boolean,5f44ece7-8c82-4d20-870d-af3ab15099a0,String,true,Boolean
acs:5f44ece7-8c82-4d20-870d-af3ab15099a0_0000000c-a4c7-c369-82d4-444822001d3e,,2021-11-10T23:21:38.8674635Z,true,Boolean,5f44ece7-8c82-4d20-870d-af3ab15099a0,String,true,Boolean
acs:5f44ece7-8c82-4d20-870d-af3ab15099a0_0000000c-a4c7-c42e-82d4-444822001d3f,,2021-11-10T23:21:38.8674635Z,true,Boolean,5f44ece7-8c82-4d20-870d-af3ab15099a0,String,true,Boolean
acs:5f44ece7-8c82-4d20-870d-af3ab15099a0_0000000c-a4c7-c4f8-82d4-444822001d40,,2021-11-10T23:21:38.866464Z,true,Boolean,5f44ece7-8c82-4d20-870d-af3ab15099a0,String,true,Boolean
acs:5f44ece7-8c82-4d20-870d-af3ab15099a0_0000000c-a4c7-c5bf-82d4-444822001d41,,2021-11-10T23:21:38.8654648Z,true,Boolean,5f44ece7-8c82-4d20-870d-af3ab15099a0,String,true,Boolean
acs:5f44ece7-8c82-4d20-870d-af3ab15099a0_0000000c-a4c7-c699-82d4-444822001d42,,2021-11-10T23:21:38.866464Z,true,Boolean,5f44ece7-8c82-4d20-870d-af3ab15099a0,String,true,Boolean
acs:5f44ece7-8c82-4d20-870d-af3ab15099a0_0000000c-a4c7-c779-82d4-444822001d43,,2021-11-10T23:21:38.866464Z,true,Boolean,5f44ece7-8c82-4d20-870d-af3ab15099a0,String,true,Boolean
acs:5f44ece7-8c82-4d20-870d-af3ab15099a0_0000000c-a4c7-c84b-82d4-444822001d44,,2021-11-10T23:21:38.8684628Z,true,Boolean,5f44ece7-8c82-4d20-870d-af3ab15099a0,String,true,Boolean
acs:5f44ece7-8c82-4d20-870d-af3ab15099a0_0000000c-a4c7-c921-82d4-444822001d45,,2021-11-10T23:21:38.8694629Z,true,Boolean,5f44ece7-8c82-4d20-870d-af3ab15099a0,String,true,Boolean
acs:5f44ece7-8c82-4d20-870d-af3ab15099a0_0000000c-a4c7-ca05-82d4-444822001d46,,2021-11-10T23:21:38.8704624Z,true,Boolean,5f44ece7-8c82-4d20-870d-af3ab15099a0,String,true,Boolean
acs:5f44ece7-8c82-4d20-870d-af3ab15099a0_0000000c-a4c7-cae6-82d4-444822001d47,,2021-11-10T23:21:38.8734604Z,true,Boolean,5f44ece7-8c82-4d20-870d-af3ab15099a0,String,true,Boolean
acs:5f44ece7-8c82-4d20-870d-af3ab15099a0_0000000c-a4c7-cbd3-82d4-444822001d48,,2021-11-10T23:21:38.8714619Z,true,Boolean,5f44ece7-8c82-4d20-870d-af3ab15099a0,String,true,Boolean
acs:5f44ece7-8c82-4d20-870d-af3ab15099a0_0000000c-a4c7-ccb7-82d4-444822001d49,,2021-11-10T23:21:38.8714619Z,true,Boolean,5f44ece7-8c82-4d20-870d-af3ab15099a0,String,true,Boolean
acs:5f44ece7-8c82-4d20-870d-af3ab15099a0_0000000c-a4c7-cd8f-82d4-444822001d4a,,2021-11-10T23:21:38.8734604Z,true,Boolean,5f44ece7-8c82-4d20-870d-af3ab15099a0,String,true,Boolean
acs:5f44ece7-8c82-4d20-870d-af3ab15099a0_0000000c-a4c7-ce61-82d4-444822001d4b,,2021-11-10T23:21:38.8744596Z,true,Boolean,5f44ece7-8c82-4d20-870d-af3ab15099a0,String,true,Boolean
acs:5f44ece7-8c82-4d20-870d-af3ab15099a0_0000000c-a4c7-cf2c-82d4-444822001d4c,,2021-11-10T23:21:38.8744596Z,true,Boolean,5f44ece7-8c82-4d20-870d-af3ab15099a0,String,true,Boolean
acs:5f44ece7-8c82-4d20-870d-af3ab15099a0_0000000c-a4c7-cffe-82d4-444822001d4d,,2021-11-10T23:21:38.8744596Z,true,Boolean,5f44ece7-8c82-4d20-870d-af3ab15099a0,String,true,Boolean
acs:5f44ece7-8c82-4d20-870d-af3ab15099a0_0000000c-a4c7-d0d3-82d4-444822001d4e,,2021-11-10T23:21:38.8744596Z,true,Boolean,5f44ece7-8c82-4d20-870d-af3ab15099a0,String,true,Boolean
acs:5f44ece7-8c82-4d20-870d-af3ab15099a0_0000000c-a4c7-d1c8-82d4-444822001d4f,,2021-11-10T23:21:38.8794574Z,true,Boolean,5f44ece7-8c82-4d20-870d-af3ab15099a0,String,true,Boolean
acs:5f44ece7-8c82-4d20-870d-af3ab15099a0_0000000c-a4c7-d2b6-82d4-444822001d50,,2021-11-10T23:21:38.8764585Z,true,Boolean,5f44ece7-8c82-4d20-870d-af3ab15099a0,String,true,Boolean
acs:5f44ece7-8c82-4d20-870d-af3ab15099a0_0000000c-a4c7-d38e-82d4-444822001d51,,2021-11-10T23:21:38.8774582Z,true,Boolean,5f44ece7-8c82-4d20-870d-af3ab15099a0,String,true,Boolean
acs:5f44ece7-8c82-4d20-870d-af3ab15099a0_0000000c-a4c7-d461-82d4-444822001d52,,2021-11-10T23:21:38.8764585Z,true,Boolean,5f44ece7-8c82-4d20-870d-af3ab15099a0,String,true,Boolean
acs:5f44ece7-8c82-4d20-870d-af3ab15099a0_0000000c-a4c7-d560-82d4-444822001d53,,2021-11-10T23:21:38.8774582Z,true,Boolean,5f44ece7-8c82-4d20-870d-af3ab15099a0,String,true,Boolean
acs:5f44ece7-8c82-4d20-870d-af3ab15099a0_0000000c-a4c7-d64e-82d4-444822001d54,,2021-11-10T23:21:38.8784572Z,true,Boolean,5f44ece7-8c82-4d20-870d-af3ab15099a0,String,true,Boolean
acs:5f44ece7-8c82-4d20-870d-af3ab15099a0_0000000c-a4c7-d736-82d4-444822001d55,,2021-11-10T23:21:38.8784572Z,true,Boolean,5f44ece7-8c82-4d20-870d-af3ab15099a0,String,true,Boolean
acs:5f44ece7-8c82-4d20-870d-af3ab15099a0_0000000c-a4c7-d81c-82d4-444822001d56,,2021-11-10T23:21:38.8844542Z,true,Boolean,5f44ece7-8c82-4d20-870d-af3ab15099a0,String,true,Boolean
acs:5f44ece7-8c82-4d20-870d-af3ab15099a0_0000000c-a4c7-d8f2-82d4-444822001d57,,2021-11-10T23:21:38.8834555Z,true,Boolean,5f44ece7-8c82-4d20-870d-af3ab15099a0,String,true,Boolean
acs:5f44ece7-8c82-4d20-870d-af3ab15099a0_0000000c-a4c7-d9a8-82d4-444822001d58,,2021-11-10T23:21:38.8844542Z,true,Boolean,5f44ece7-8c82-4d20-870d-af3ab15099a0,String,true,Boolean
acs:5f44ece7-8c82-4d20-870d-af3ab15099a0_0000000c-a4c7-daa0-82d4-444822001d59,,2021-11-10T23:21:38.8834555Z,true,Boolean,5f44ece7-8c82-4d20-870d-af3ab15099a0,String,true,Boolean
acs:5f44ece7-8c82-4d20-870d-af3ab15099a0_0000000c-a4c7-db7a-82d4-444822001d5a,,2021-11-10T23:21:38.8864529Z,true,Boolean,5f44ece7-8c82-4d20-870d-af3ab15099a0,String,true,Boolean
acs:5f44ece7-8c82-4d20-870d-af3ab15099a0_0000000c-a4c7-dc63-82d4-444822001d5b,,2021-11-10T23:21:38.8864529Z,true,Boolean,5f44ece7-8c82-4d20-870d-af3ab15099a0,String,true,Boolean
acs:5f44ece7-8c82-4d20-870d-af3ab15099a0_0000000c-a4c7-dd4e-82d4-444822001d5c,,2021-11-10T23:21:38.8874521Z,true,Boolean,5f44ece7-8c82-4d20-870d-af3ab15099a0,String,true,Boolean
acs:5f44ece7-8c82-4d20-870d-af3ab15099a0_0000000c-a4c7-de07-82d4-444822001d5d,,2021-11-10T23:21:38.8874521Z,true,Boolean,5f44ece7-8c82-4d20-870d-af3ab15099a0,String,true,Boolean
acs:5f44ece7-8c82-4d20-870d-af3ab15099a0_0000000c-a4c7-deeb-82d4-444822001d5e,,2021-11-10T23:21:38.8864529Z,true,Boolean,5f44ece7-8c82-4d20-870d-af3ab15099a0,String,true,Boolean
acs:5f44ece7-8c82-4d20-870d-af3ab15099a0_0000000c-a4c7-dfb4-82d4-444822001d5f,,2021-11-10T23:21:38.8934492Z,true,Boolean,5f44ece7-8c82-4d20-870d-af3ab15099a0,String,true,Boolean
acs:5f44ece7-8c82-4d20-870d-af3ab15099a0_0000000c-a4c7-e09b-82d4-444822001d60,,2021-11-10T23:21:38.8944482Z,true,Boolean,5f44ece7-8c82-4d20-870d-af3ab15099a0,String,true,Boolean
acs:5f44ece7-8c82-4d20-870d-af3ab15099a0_0000000c-a4c7-e194-82d4-444822001d62,,2021-11-10T23:21:38.8944482Z,true,Boolean,5f44ece7-8c82-4d20-870d-af3ab15099a0,String,true,Boolean
acs:5f44ece7-8c82-4d20-870d-af3ab15099a0_0000000c-a4c7-e27c-82d4-444822001d63,,2021-11-10T23:21:38.8944482Z,true,Boolean,5f44ece7-8c82-4d20-870d-af3ab15099a0,String,true,Boolean
acs:5f44ece7-8c82-4d20-870d-af3ab15099a0_0000000c-a4c7-e34d-82d4-444822001d64,,2021-11-10T23:21:38.9034432Z,true,Boolean,5f44ece7-8c82-4d20-870d-af3ab15099a0,String,true,Boolean
acs:5f44ece7-8c82-4d20-870d-af3ab15099a0_0000000c-a4c7-e447-82d4-444822001d65,,2021-11-10T23:21:38.9044425Z,true,Boolean,5f44ece7-8c82-4d20-870d-af3ab15099a0,String,true,Boolean
acs:5f44ece7-8c82-4d20-870d-af3ab15099a0_0000000c-a4c7-e52d-82d4-444822001d66,,2021-11-10T23:21:38.9034432Z,true,Boolean,5f44ece7-8c82-4d20-870d-af3ab15099a0,String,true,Boolean
acs:5f44ece7-8c82-4d20-870d-af3ab15099a0_0000000c-a4c7-e611-82d4-444822001d67,,2021-11-10T23:21:38.9054421Z,true,Boolean,5f44ece7-8c82-4d20-870d-af3ab15099a0,String,true,Boolean
acs:5f44ece7-8c82-4d20-870d-af3ab15099a0_0000000c-a4c7-e6f6-82d4-444822001d68,,2021-11-10T23:21:38.9034432Z,true,Boolean,5f44ece7-8c82-4d20-870d-af3ab15099a0,String,true,Boolean
acs:5f44ece7-8c82-4d20-870d-af3ab15099a0_0000000c-a4c7-e7e0-82d4-444822001d69,,2021-11-10T23:21:38.9034432Z,true,Boolean,5f44ece7-8c82-4d20-870d-af3ab15099a0,String,true,Boolean
acs:5f44ece7-8c82-4d20-870d-af3ab15099a0_0000000c-a4c7-e8d9-82d4-444822001d6a,,2021-11-10T23:21:38.9064422Z,true,Boolean,5f44ece7-8c82-4d20-870d-af3ab15099a0,String,true,Boolean
acs:5f44ece7-8c82-4d20-870d-af3ab15099a0_0000000c-a4c7-e9be-82d4-444822001d6b,,2021-11-10T23:21:38.9044425Z,true,Boolean,5f44ece7-8c82-4d20-870d-af3ab15099a0,String,true,Boolean
acs:5f44ece7-8c82-4d20-870d-af3ab15099a0_0000000c-a4c7-ea8d-82d4-444822001d6c,,2021-11-10T23:21:38.9064422Z,true,Boolean,5f44ece7-8c82-4d20-870d-af3ab15099a0,String,true,Boolean
acs:5f44ece7-8c82-4d20-870d-af3ab15099a0_0000000c-a4c7-eb6e-82d4-444822001d6d,,2021-11-10T23:21:38.9114393Z,true,Boolean,5f44ece7-8c82-4d20-870d-af3ab15099a0,String,true,Boolean
acs:5f44ece7-8c82-4d20-870d-af3ab15099a0_0000000c-a4c7-ec57-82d4-444822001d6e,,2021-11-10T23:21:38.9084415Z,true,Boolean,5f44ece7-8c82-4d20-870d-af3ab15099a0,String,true,Boolean
acs:5f44ece7-8c82-4d20-870d-af3ab15099a0_0000000c-a4c7-ed4d-82d4-444822001d6f,,2021-11-10T23:21:38.9094407Z,true,Boolean,5f44ece7-8c82-4d20-870d-af3ab15099a0,String,true,Boolean
acs:5f44ece7-8c82-4d20-870d-af3ab15099a0_0000000c-a4c7-ee11-82d4-444822001d70,,2021-11-10T23:21:38.9114393Z,true,Boolean,5f44ece7-8c82-4d20-870d-af3ab15099a0,String,true,Boolean
acs:5f44ece7-8c82-4d20-870d-af3ab15099a0_0000000c-a4c7-eefc-82d4-444822001d71,,2021-11-10T23:21:38.9134382Z,true,Boolean,5f44ece7-8c82-4d20-870d-af3ab15099a0,String,true,Boolean
acs:5f44ece7-8c82-4d20-870d-af3ab15099a0_0000000c-a4c7-efcb-82d4-444822001d72,,2021-11-10T23:21:38.9134382Z,true,Boolean,5f44ece7-8c82-4d20-870d-af3ab15099a0,String,true,Boolean
acs:5f44ece7-8c82-4d20-870d-af3ab15099a0_0000000c-a4c7-f09b-82d4-444822001d73,,2021-11-10T23:21:38.9144367Z,true,Boolean,5f44ece7-8c82-4d20-870d-af3ab15099a0,String,true,Boolean
acs:5f44ece7-8c82-4d20-870d-af3ab15099a0_0000000c-a4c7-f179-82d4-444822001d74,,2021-11-10T23:21:38.9124388Z,true,Boolean,5f44ece7-8c82-4d20-870d-af3ab15099a0,String,true,Boolean
acs:5f44ece7-8c82-4d20-870d-af3ab15099a0_0000000c-a4c7-f239-82d4-444822001d75,,2021-11-10T23:21:38.9154361Z,true,Boolean,5f44ece7-8c82-4d20-870d-af3ab15099a0,String,true,Boolean
acs:5f44ece7-8c82-4d20-870d-af3ab15099a0_0000000c-a4c7-f32e-82d4-444822001d76,,2021-11-10T23:21:38.9154361Z,true,Boolean,5f44ece7-8c82-4d20-870d-af3ab15099a0,String,true,Boolean
acs:5f44ece7-8c82-4d20-870d-af3ab15099a0_0000000c-a4c7-f4a3-47b4-a43a0d001c86,,2021-11-10T23:21:38.9164354Z,true,Boolean,5f44ece7-8c82-4d20-870d-af3ab15099a0,String,true,Boolean
acs:5f44ece7-8c82-4d20-870d-af3ab15099a0_0000000c-a4c7-f574-47b4-a43a0d001c87,,2021-11-10T23:21:38.9214336Z,true,Boolean,5f44ece7-8c82-4d20-870d-af3ab15099a0,String,true,Boolean
acs:5f44ece7-8c82-4d20-870d-af3ab15099a0_0000000c-a4c7-f64d-47b4-a43a0d001c88,,2021-11-10T23:21:38.9244308Z,true,Boolean,5f44ece7-8c82-4d20-870d-af3ab15099a0,String,true,Boolean
acs:5f44ece7-8c82-4d20-870d-af3ab15099a0_0000000c-a4c7-f720-47b4-a43a0d001c89,,2021-11-10T23:21:38.9234315Z,true,Boolean,5f44ece7-8c82-4d20-870d-af3ab15099a0,String,true,Boolean
acs:5f44ece7-8c82-4d20-870d-af3ab15099a0_0000000c-a4c7-f7fc-47b4-a43a0d001c8a,,2021-11-10T23:21:38.9244308Z,true,Boolean,5f44ece7-8c82-4d20-870d-af3ab15099a0,String,true,Boolean
acs:5f44ece7-8c82-4d20-870d-af3ab15099a0_0000000c-a4c7-f8d5-47b4-a43a0d001c8b,,2021-11-10T23:21:38.9324264Z,true,Boolean,5f44ece7-8c82-4d20-870d-af3ab15099a0,String,true,Boolean
acs:5f44ece7-8c82-4d20-870d-af3ab15099a0_0000000c-a4c7-f9b6-47b4-a43a0d001c8c,,2021-11-10T23:21:38.9314273Z,true,Boolean,5f44ece7-8c82-4d20-870d-af3ab15099a0,String,true,Boolean
acs:5f44ece7-8c82-4d20-870d-af3ab15099a0_0000000c-a4c7-faa6-47b4-a43a0d001c8d,,2021-11-10T23:21:38.9354262Z,true,Boolean,5f44ece7-8c82-4d20-870d-af3ab15099a0,String,true,Boolean
acs:5f44ece7-8c82-4d20-870d-af3ab15099a0_0000000c-a4c7-fb6c-47b4-a43a0d001c8e,,2021-11-10T23:21:38.9364271Z,true,Boolean,5f44ece7-8c82-4d20-870d-af3ab15099a0,String,true,Boolean
acs:5f44ece7-8c82-4d20-870d-af3ab15099a0_0000000c-a4c7-fc5f-47b4-a43a0d001c8f,,2021-11-10T23:21:38.9394229Z,true,Boolean,5f44ece7-8c82-4d20-870d-af3ab15099a0,String,true,Boolean
acs:5f44ece7-8c82-4d20-870d-af3ab15099a0_0000000c-a4c7-fd35-47b4-a43a0d001c90,,2021-11-10T23:21:38.9404226Z,true,Boolean,5f44ece7-8c82-4d20-870d-af3ab15099a0,String,true,Boolean
acs:5f44ece7-8c82-4d20-870d-af3ab15099a0_0000000c-a4c7-fe1c-47b4-a43a0d001c91,,2021-11-10T23:21:38.9394229Z,true,Boolean,5f44ece7-8c82-4d20-870d-af3ab15099a0,String,true,Boolean
acs:5f44ece7-8c82-4d20-870d-af3ab15099a0_0000000c-a4c7-feee-47b4-a43a0d001c92,,2021-11-10T23:21:38.946419Z,true,Boolean,5f44ece7-8c82-4d20-870d-af3ab15099a0,String,true,Boolean
acs:5f44ece7-8c82-4d20-870d-af3ab15099a0_0000000c-a4c7-ffdb-47b4-a43a0d001c93,,2021-11-10T23:21:38.9993886Z,true,Boolean,5f44ece7-8c82-4d20-870d-af3ab15099a0,String,true,Boolean
acs:5f44ece7-8c82-4d20-870d-af3ab15099a0_0000000c-a4c8-00d2-47b4-a43a0d001c94,,2021-11-10T23:21:39.000389Z,true,Boolean,5f44ece7-8c82-4d20-870d-af3ab15099a0,String,true,Boolean
acs:5f44ece7-8c82-4d20-870d-af3ab15099a0_0000000c-a4c8-01bb-47b4-a43a0d001c95,,2021-11-10T23:21:39.000389Z,true,Boolean,5f44ece7-8c82-4d20-870d-af3ab15099a0,String,true,Boolean
acs:5f44ece7-8c82-4d20-870d-af3ab15099a0_0000000c-a4c8-028f-47b4-a43a0d001c96,,2021-11-10T23:21:39.000389Z,true,Boolean,5f44ece7-8c82-4d20-870d-af3ab15099a0,String,true,Boolean
acs:5f44ece7-8c82-4d20-870d-af3ab15099a0_0000000c-a4c8-037f-47b4-a43a0d001c97,,2021-11-10T23:21:39.000389Z,true,Boolean,5f44ece7-8c82-4d20-870d-af3ab15099a0,String,true,Boolean
acs:5f44ece7-8c82-4d20-870d-af3ab15099a0_0000000c-a4c8-0436-47b4-a43a0d001c98,,2021-11-10T23:21:39.000389Z,true,Boolean,5f44ece7-8c82-4d20-870d-af3ab15099a0,String,true,Boolean
acs:5f44ece7-8c82-4d20-870d-af3ab15099a0_0000000c-a4c8-04ec-47b4-a43a0d001c99,,2021-11-10T23:21:39.0013892Z,true,Boolean,5f44ece7-8c82-4d20-870d-af3ab15099a0,String,true,Boolean
acs:5f44ece7-8c82-4d20-870d-af3ab15099a0_0000000c-a4c8-05c7-47b4-a43a0d001c9a,,2021-11-10T23:21:39.0013892Z,true,Boolean,5f44ece7-8c82-4d20-870d-af3ab15099a0,String,true,Boolean
acs:5f44ece7-8c82-4d20-870d-af3ab15099a0_0000000c-a4c8-06a8-47b4-a43a0d001c9c,,2021-11-10T23:21:39.0013892Z,true,Boolean,5f44ece7-8c82-4d20-870d-af3ab15099a0,String,true,Boolean
acs:5f44ece7-8c82-4d20-870d-af3ab15099a0_0000000c-a4c8-0785-47b4-a43a0d001c9d,,2021-11-10T23:21:39.000389Z,true,Boolean,5f44ece7-8c82-4d20-870d-af3ab15099a0,String,true,Boolean
acs:5f44ece7-8c82-4d20-870d-af3ab15099a0_0000000c-a4c8-083a-47b4-a43a0d001c9e,,2021-11-10T23:21:39.0013892Z,true,Boolean,5f44ece7-8c82-4d20-870d-af3ab15099a0,String,true,Boolean
acs:677e137d-8f7a-412b-85e1-fd66c45c5611_0000000c-43b9-c486-167c-c93a0d0040ad,,2021-11-10T23:21:39.1513027Z,true,Boolean,677e137d-8f7a-412b-85e1-fd66c45c5611,String,true,Boolean
acs:677e137d-8f7a-412b-85e1-fd66c45c5611_0000000c-43b9-c6fd-167c-c93a0d0040ae,,2021-11-10T23:21:39.1513027Z,true,Boolean,677e137d-8f7a-412b-85e1-fd66c45c5611,String,true,Boolean
acs:677e137d-8f7a-412b-85e1-fd66c45c5611_0000000c-43b9-c946-167c-c93a0d0040af,,2021-11-10T23:21:39.1513027Z,true,Boolean,677e137d-8f7a-412b-85e1-fd66c45c5611,String,true,Boolean
acs:677e137d-8f7a-412b-85e1-fd66c45c5611_0000000c-43b9-cb85-167c-c93a0d0040b0,,2021-11-10T23:21:39.1513027Z,true,Boolean,677e137d-8f7a-412b-85e1-fd66c45c5611,String,true,Boolean
acs:677e137d-8f7a-412b-85e1-fd66c45c5611_0000000c-43b9-cdbe-167c-c93a0d0040b1,,2021-11-10T23:21:39.1533012Z,true,Boolean,677e137d-8f7a-412b-85e1-fd66c45c5611,String,true,Boolean
acs:677e137d-8f7a-412b-85e1-fd66c45c5611_0000000c-43b9-d00a-167c-c93a0d0040b2,,2021-11-10T23:21:39.1523014Z,true,Boolean,677e137d-8f7a-412b-85e1-fd66c45c5611,String,true,Boolean
acs:677e137d-8f7a-412b-85e1-fd66c45c5611_0000000c-43b9-d25b-167c-c93a0d0040b3,,2021-11-10T23:21:39.1533012Z,true,Boolean,677e137d-8f7a-412b-85e1-fd66c45c5611,String,true,Boolean
acs:677e137d-8f7a-412b-85e1-fd66c45c5611_0000000c-43b9-d4a9-167c-c93a0d0040b4,,2021-11-10T23:21:39.1533012Z,true,Boolean,677e137d-8f7a-412b-85e1-fd66c45c5611,String,true,Boolean
acs:677e137d-8f7a-412b-85e1-fd66c45c5611_0000000c-43b9-d6f1-167c-c93a0d0040b5,,2021-11-10T23:21:39.159298Z,true,Boolean,677e137d-8f7a-412b-85e1-fd66c45c5611,String,true,Boolean
acs:677e137d-8f7a-412b-85e1-fd66c45c5611_0000000c-43b9-d933-167c-c93a0d0040b6,,2021-11-10T23:21:39.159298Z,true,Boolean,677e137d-8f7a-412b-85e1-fd66c45c5611,String,true,Boolean
acs:677e137d-8f7a-412b-85e1-fd66c45c5611_0000000c-a4cc-1f40-d071-c93a0d005183,,2021-11-10T23:21:39.161296Z,true,Boolean,677e137d-8f7a-412b-85e1-fd66c45c5611,String,true,Boolean
acs:677e137d-8f7a-412b-85e1-fd66c45c5611_0000000c-a4cc-2254-d071-c93a0d005184,,2021-11-10T23:21:39.161296Z,true,Boolean,677e137d-8f7a-412b-85e1-fd66c45c5611,String,true,Boolean
acs:677e137d-8f7a-412b-85e1-fd66c45c5611_0000000c-a4cc-255e-d071-c93a0d005185,,2021-11-10T23:21:39.159298Z,true,Boolean,677e137d-8f7a-412b-85e1-fd66c45c5611,String,true,Boolean
acs:677e137d-8f7a-412b-85e1-fd66c45c5611_0000000c-a4cc-286a-d071-c93a0d005186,,2021-11-10T23:21:39.1602965Z,true,Boolean,677e137d-8f7a-412b-85e1-fd66c45c5611,String,true,Boolean
acs:677e137d-8f7a-412b-85e1-fd66c45c5611_0000000c-a4cc-2b95-d071-c93a0d005188,,2021-11-10T23:21:39.1602965Z,true,Boolean,677e137d-8f7a-412b-85e1-fd66c45c5611,String,true,Boolean
acs:677e137d-8f7a-412b-85e1-fd66c45c5611_0000000c-a4cc-2e88-d071-c93a0d005189,,2021-11-10T23:21:39.1622955Z,true,Boolean,677e137d-8f7a-412b-85e1-fd66c45c5611,String,true,Boolean
acs:677e137d-8f7a-412b-85e1-fd66c45c5611_0000000c-a4cc-318d-d071-c93a0d00518a,,2021-11-10T23:21:39.1602965Z,true,Boolean,677e137d-8f7a-412b-85e1-fd66c45c5611,String,true,Boolean
acs:677e137d-8f7a-412b-85e1-fd66c45c5611_0000000c-a4cc-3487-d071-c93a0d00518b,,2021-11-10T23:21:39.1672926Z,true,Boolean,677e137d-8f7a-412b-85e1-fd66c45c5611,String,true,Boolean
acs:677e137d-8f7a-412b-85e1-fd66c45c5611_0000000c-a4cc-3788-d071-c93a0d00518d,,2021-11-10T23:21:39.1662929Z,true,Boolean,677e137d-8f7a-412b-85e1-fd66c45c5611,String,true,Boolean
acs:677e137d-8f7a-412b-85e1-fd66c45c5611_0000000c-a4cc-3a9f-d071-c93a0d00518f,,2021-11-10T23:21:39.1662929Z,true,Boolean,677e137d-8f7a-412b-85e1-fd66c45c5611,String,true,Boolean
acs:677e137d-8f7a-412b-85e1-fd66c45c5611_0000000c-a4cc-3db1-d071-c93a0d005193,,2021-11-10T23:21:39.1662929Z,true,Boolean,677e137d-8f7a-412b-85e1-fd66c45c5611,String,true,Boolean
acs:677e137d-8f7a-412b-85e1-fd66c45c5611_0000000c-a4cc-40cf-d071-c93a0d005195,,2021-11-10T23:21:39.1652939Z,true,Boolean,677e137d-8f7a-412b-85e1-fd66c45c5611,String,true,Boolean
acs:677e137d-8f7a-412b-85e1-fd66c45c5611_0000000c-a4cc-43c5-d071-c93a0d005196,,2021-11-10T23:21:39.1672926Z,true,Boolean,677e137d-8f7a-412b-85e1-fd66c45c5611,String,true,Boolean
acs:677e137d-8f7a-412b-85e1-fd66c45c5611_0000000c-a4cc-4c7e-0172-c93a0d00252a,,2021-11-10T23:21:39.1662929Z,true,Boolean,677e137d-8f7a-412b-85e1-fd66c45c5611,String,true,Boolean
acs:677e137d-8f7a-412b-85e1-fd66c45c5611_0000000c-a4cc-4f88-0172-c93a0d00252b,,2021-11-10T23:21:39.1692932Z,true,Boolean,677e137d-8f7a-412b-85e1-fd66c45c5611,String,true,Boolean
acs:677e137d-8f7a-412b-85e1-fd66c45c5611_0000000c-a4cc-5288-0172-c93a0d00252c,,2021-11-10T23:21:39.17329Z,true,Boolean,677e137d-8f7a-412b-85e1-fd66c45c5611,String,true,Boolean
acs:677e137d-8f7a-412b-85e1-fd66c45c5611_0000000c-a4cc-557d-0172-c93a0d00252d,,2021-11-10T23:21:39.17329Z,true,Boolean,677e137d-8f7a-412b-85e1-fd66c45c5611,String,true,Boolean
acs:677e137d-8f7a-412b-85e1-fd66c45c5611_0000000c-a4cc-5892-0172-c93a0d00252e,,2021-11-10T23:21:39.17329Z,true,Boolean,677e137d-8f7a-412b-85e1-fd66c45c5611,String,true,Boolean
acs:677e137d-8f7a-412b-85e1-fd66c45c5611_0000000c-a4cc-5b82-0172-c93a0d00252f,,2021-11-10T23:21:39.1712912Z,true,Boolean,677e137d-8f7a-412b-85e1-fd66c45c5611,String,true,Boolean
acs:677e137d-8f7a-412b-85e1-fd66c45c5611_0000000c-a4cc-5e78-0172-c93a0d002530,,2021-11-10T23:21:39.1722904Z,true,Boolean,677e137d-8f7a-412b-85e1-fd66c45c5611,String,true,Boolean
acs:677e137d-8f7a-412b-85e1-fd66c45c5611_0000000c-a4cc-618c-0172-c93a0d002531,,2021-11-10T23:21:39.1722904Z,true,Boolean,677e137d-8f7a-412b-85e1-fd66c45c5611,String,true,Boolean
acs:677e137d-8f7a-412b-85e1-fd66c45c5611_0000000c-a4cc-6476-0172-c93a0d002532,,2021-11-10T23:21:39.1742895Z,true,Boolean,677e137d-8f7a-412b-85e1-fd66c45c5611,String,true,Boolean
acs:677e137d-8f7a-412b-85e1-fd66c45c5611_0000000c-a4cc-6782-0172-c93a0d002533,,2021-11-10T23:21:39.1752887Z,true,Boolean,677e137d-8f7a-412b-85e1-fd66c45c5611,String,true,Boolean
acs:677e137d-8f7a-412b-85e1-fd66c45c5611_0000000c-a4cc-6a8e-0172-c93a0d002534,,2021-11-10T23:21:39.1792866Z,true,Boolean,677e137d-8f7a-412b-85e1-fd66c45c5611,String,true,Boolean
acs:677e137d-8f7a-412b-85e1-fd66c45c5611_0000000c-a4cc-6d7b-0172-c93a0d002535,,2021-11-10T23:21:39.1782871Z,true,Boolean,677e137d-8f7a-412b-85e1-fd66c45c5611,String,true,Boolean
acs:677e137d-8f7a-412b-85e1-fd66c45c5611_0000000c-a4cc-7069-0172-c93a0d002536,,2021-11-10T23:21:39.1792866Z,true,Boolean,677e137d-8f7a-412b-85e1-fd66c45c5611,String,true,Boolean
acs:677e137d-8f7a-412b-85e1-fd66c45c5611_0000000c-a4cc-737e-0172-c93a0d002537,,2021-11-10T23:21:39.1792866Z,true,Boolean,677e137d-8f7a-412b-85e1-fd66c45c5611,String,true,Boolean
acs:677e137d-8f7a-412b-85e1-fd66c45c5611_0000000c-a4cc-768d-0172-c93a0d002538,,2021-11-10T23:21:39.1772869Z,true,Boolean,677e137d-8f7a-412b-85e1-fd66c45c5611,String,true,Boolean
acs:677e137d-8f7a-412b-85e1-fd66c45c5611_0000000c-a4cc-7994-0172-c93a0d002539,,2021-11-10T23:21:39.239252Z,true,Boolean,677e137d-8f7a-412b-85e1-fd66c45c5611,String,true,Boolean
acs:677e137d-8f7a-412b-85e1-fd66c45c5611_0000000c-a4cc-7c8f-0172-c93a0d00253a,,2021-11-10T23:21:39.239252Z,true,Boolean,677e137d-8f7a-412b-85e1-fd66c45c5611,String,true,Boolean
acs:677e137d-8f7a-412b-85e1-fd66c45c5611_0000000c-a4cc-7f81-0172-c93a0d00253b,,2021-11-10T23:21:39.2442484Z,true,Boolean,677e137d-8f7a-412b-85e1-fd66c45c5611,String,true,Boolean
acs:677e137d-8f7a-412b-85e1-fd66c45c5611_0000000c-a4cc-8266-0172-c93a0d00253c,,2021-11-10T23:21:39.2442484Z,true,Boolean,677e137d-8f7a-412b-85e1-fd66c45c5611,String,true,Boolean
acs:677e137d-8f7a-412b-85e1-fd66c45c5611_0000000c-a4cc-8562-0172-c93a0d00253d,,2021-11-10T23:21:39.2492455Z,true,Boolean,677e137d-8f7a-412b-85e1-fd66c45c5611,String,true,Boolean
acs:677e137d-8f7a-412b-85e1-fd66c45c5611_0000000c-a4cc-8850-0172-c93a0d00253e,,2021-11-10T23:21:39.5950485Z,true,Boolean,677e137d-8f7a-412b-85e1-fd66c45c5611,String,true,Boolean
acs:677e137d-8f7a-412b-85e1-fd66c45c5611_0000000c-a4cc-8b5d-0172-c93a0d00253f,,2021-11-10T23:21:39.6300285Z,true,Boolean,677e137d-8f7a-412b-85e1-fd66c45c5611,String,true,Boolean
acs:677e137d-8f7a-412b-85e1-fd66c45c5611_0000000c-a4cc-9428-8975-c93a0d004e3d,,2021-11-10T23:21:39.6320279Z,true,Boolean,677e137d-8f7a-412b-85e1-fd66c45c5611,String,true,Boolean
acs:677e137d-8f7a-412b-85e1-fd66c45c5611_0000000c-a4cc-973c-8975-c93a0d004e3e,,2021-11-10T23:21:39.6859968Z,true,Boolean,677e137d-8f7a-412b-85e1-fd66c45c5611,String,true,Boolean
acs:677e137d-8f7a-412b-85e1-fd66c45c5611_0000000c-a4cc-9a32-8975-c93a0d004e3f,,2021-11-10T23:21:39.6859968Z,true,Boolean,677e137d-8f7a-412b-85e1-fd66c45c5611,String,true,Boolean
acs:677e137d-8f7a-412b-85e1-fd66c45c5611_0000000c-a4cc-9d4b-8975-c93a0d004e40,,2021-11-10T23:21:39.6859968Z,true,Boolean,677e137d-8f7a-412b-85e1-fd66c45c5611,String,true,Boolean
acs:677e137d-8f7a-412b-85e1-fd66c45c5611_0000000c-a4cc-a042-8975-c93a0d004e41,,2021-11-10T23:21:39.722975Z,true,Boolean,677e137d-8f7a-412b-85e1-fd66c45c5611,String,true,Boolean
acs:677e137d-8f7a-412b-85e1-fd66c45c5611_0000000c-a4cc-a32d-8975-c93a0d004e42,,2021-11-10T23:21:39.7249737Z,true,Boolean,677e137d-8f7a-412b-85e1-fd66c45c5611,String,true,Boolean
acs:677e137d-8f7a-412b-85e1-fd66c45c5611_0000000c-a4cc-a648-8975-c93a0d004e43,,2021-11-10T23:21:39.7249737Z,true,Boolean,677e137d-8f7a-412b-85e1-fd66c45c5611,String,true,Boolean
acs:677e137d-8f7a-412b-85e1-fd66c45c5611_0000000c-a4cc-a95e-8975-c93a0d004e44,,2021-11-10T23:21:39.7299728Z,true,Boolean,677e137d-8f7a-412b-85e1-fd66c45c5611,String,true,Boolean
acs:677e137d-8f7a-412b-85e1-fd66c45c5611_0000000c-a4cc-ac4f-8975-c93a0d004e45,,2021-11-10T23:21:39.7309712Z,true,Boolean,677e137d-8f7a-412b-85e1-fd66c45c5611,String,true,Boolean
acs:677e137d-8f7a-412b-85e1-fd66c45c5611_0000000c-a4cc-af5f-8975-c93a0d004e46,,2021-11-10T23:21:39.7329692Z,true,Boolean,677e137d-8f7a-412b-85e1-fd66c45c5611,String,true,Boolean
acs:677e137d-8f7a-412b-85e1-fd66c45c5611_0000000c-a4cc-b260-8975-c93a0d004e47,,2021-11-10T23:21:39.7319698Z,true,Boolean,677e137d-8f7a-412b-85e1-fd66c45c5611,String,true,Boolean
acs:677e137d-8f7a-412b-85e1-fd66c45c5611_0000000c-a4cc-b562-8975-c93a0d004e48,,2021-11-10T23:21:39.7329692Z,true,Boolean,677e137d-8f7a-412b-85e1-fd66c45c5611,String,true,Boolean
acs:677e137d-8f7a-412b-85e1-fd66c45c5611_0000000c-a4cc-b879-8975-c93a0d004e49,,2021-11-10T23:21:39.7309712Z,true,Boolean,677e137d-8f7a-412b-85e1-fd66c45c5611,String,true,Boolean
acs:677e137d-8f7a-412b-85e1-fd66c45c5611_0000000c-a4cc-bb8e-8975-c93a0d004e4a,,2021-11-10T23:21:39.7309712Z,true,Boolean,677e137d-8f7a-412b-85e1-fd66c45c5611,String,true,Boolean
acs:677e137d-8f7a-412b-85e1-fd66c45c5611_0000000c-a4cc-be94-8975-c93a0d004e4b,,2021-11-10T23:21:39.7299728Z,true,Boolean,677e137d-8f7a-412b-85e1-fd66c45c5611,String,true,Boolean
acs:677e137d-8f7a-412b-85e1-fd66c45c5611_0000000c-a4cc-c196-8975-c93a0d004e4c,,2021-11-10T23:21:39.7309712Z,true,Boolean,677e137d-8f7a-412b-85e1-fd66c45c5611,String,true,Boolean
acs:677e137d-8f7a-412b-85e1-fd66c45c5611_0000000c-a4cc-c4af-8975-c93a0d004e4d,,2021-11-10T23:21:39.7309712Z,true,Boolean,677e137d-8f7a-412b-85e1-fd66c45c5611,String,true,Boolean
acs:677e137d-8f7a-412b-85e1-fd66c45c5611_0000000c-a4cc-c7b3-8975-c93a0d004e4e,,2021-11-10T23:21:39.7299728Z,true,Boolean,677e137d-8f7a-412b-85e1-fd66c45c5611,String,true,Boolean
acs:677e137d-8f7a-412b-85e1-fd66c45c5611_0000000c-a4cc-cad0-8975-c93a0d004e4f,,2021-11-10T23:21:39.7329692Z,true,Boolean,677e137d-8f7a-412b-85e1-fd66c45c5611,String,true,Boolean
acs:677e137d-8f7a-412b-85e1-fd66c45c5611_0000000c-a4cc-cdd1-8975-c93a0d004e50,,2021-11-10T23:21:39.7329692Z,true,Boolean,677e137d-8f7a-412b-85e1-fd66c45c5611,String,true,Boolean
acs:677e137d-8f7a-412b-85e1-fd66c45c5611_0000000c-a4cc-d0ca-8975-c93a0d004e51,,2021-11-10T23:21:39.7329692Z,true,Boolean,677e137d-8f7a-412b-85e1-fd66c45c5611,String,true,Boolean
acs:677e137d-8f7a-412b-85e1-fd66c45c5611_0000000c-a4cc-d3ca-8975-c93a0d004e52,,2021-11-10T23:21:39.7309712Z,true,Boolean,677e137d-8f7a-412b-85e1-fd66c45c5611,String,true,Boolean
acs:677e137d-8f7a-412b-85e1-fd66c45c5611_0000000c-a4cc-d6c8-8975-c93a0d004e53,,2021-11-10T23:21:39.7299728Z,true,Boolean,677e137d-8f7a-412b-85e1-fd66c45c5611,String,true,Boolean
acs:677e137d-8f7a-412b-85e1-fd66c45c5611_0000000c-a4cc-d9c8-8975-c93a0d004e54,,2021-11-10T23:21:39.733969Z,true,Boolean,677e137d-8f7a-412b-85e1-fd66c45c5611,String,true,Boolean
acs:677e137d-8f7a-412b-85e1-fd66c45c5611_0000000c-a4cc-dce1-8975-c93a0d004e55,,2021-11-10T23:21:39.7329692Z,true,Boolean,677e137d-8f7a-412b-85e1-fd66c45c5611,String,true,Boolean
acs:677e137d-8f7a-412b-85e1-fd66c45c5611_0000000c-a4cc-dfdc-8975-c93a0d004e56,,2021-11-10T23:21:39.733969Z,true,Boolean,677e137d-8f7a-412b-85e1-fd66c45c5611,String,true,Boolean
acs:677e137d-8f7a-412b-85e1-fd66c45c5611_0000000c-a4cc-e2f5-8975-c93a0d004e57,,2021-11-10T23:21:39.7329692Z,true,Boolean,677e137d-8f7a-412b-85e1-fd66c45c5611,String,true,Boolean
acs:677e137d-8f7a-412b-85e1-fd66c45c5611_0000000c-a4cc-e602-8975-c93a0d004e58,,2021-11-10T23:21:39.7329692Z,true,Boolean,677e137d-8f7a-412b-85e1-fd66c45c5611,String,true,Boolean
acs:677e137d-8f7a-412b-85e1-fd66c45c5611_0000000c-a4cc-e906-8975-c93a0d004e59,,2021-11-10T23:21:39.733969Z,true,Boolean,677e137d-8f7a-412b-85e1-fd66c45c5611,String,true,Boolean
acs:677e137d-8f7a-412b-85e1-fd66c45c5611_0000000c-a4cc-ebee-8975-c93a0d004e5a,,2021-11-10T23:21:39.7309712Z,true,Boolean,677e137d-8f7a-412b-85e1-fd66c45c5611,String,true,Boolean
acs:677e137d-8f7a-412b-85e1-fd66c45c5611_0000000c-a4cc-eef3-8975-c93a0d004e5b,,2021-11-10T23:21:39.7309712Z,true,Boolean,677e137d-8f7a-412b-85e1-fd66c45c5611,String,true,Boolean
acs:677e137d-8f7a-412b-85e1-fd66c45c5611_0000000c-a4cc-f1fa-8975-c93a0d004e5c,,2021-11-10T23:21:39.7319698Z,true,Boolean,677e137d-8f7a-412b-85e1-fd66c45c5611,String,true,Boolean
acs:677e137d-8f7a-412b-85e1-fd66c45c5611_0000000c-a4cc-f50b-8975-c93a0d004e5d,,2021-11-10T23:21:39.7349682Z,true,Boolean,677e137d-8f7a-412b-85e1-fd66c45c5611,String,true,Boolean
acs:677e137d-8f7a-412b-85e1-fd66c45c5611_0000000c-a4cc-f7fe-8975-c93a0d004e5e,,2021-11-10T23:21:39.7309712Z,true,Boolean,677e137d-8f7a-412b-85e1-fd66c45c5611,String,true,Boolean
acs:677e137d-8f7a-412b-85e1-fd66c45c5611_0000000c-a4cc-fb05-8975-c93a0d004e5f,,2021-11-10T23:21:39.7429635Z,true,Boolean,677e137d-8f7a-412b-85e1-fd66c45c5611,String,true,Boolean
acs:677e137d-8f7a-412b-85e1-fd66c45c5611_0000000c-a4cc-fdfb-8975-c93a0d004e60,,2021-11-10T23:21:39.733969Z,true,Boolean,677e137d-8f7a-412b-85e1-fd66c45c5611,String,true,Boolean
acs:677e137d-8f7a-412b-85e1-fd66c45c5611_0000000c-a4cd-010b-8975-c93a0d004e61,,2021-11-10T23:21:39.7349682Z,true,Boolean,677e137d-8f7a-412b-85e1-fd66c45c5611,String,true,Boolean
acs:677e137d-8f7a-412b-85e1-fd66c45c5611_0000000c-a4cd-06d0-8975-c93a0d004e62,,2021-11-10T23:21:39.733969Z,true,Boolean,677e137d-8f7a-412b-85e1-fd66c45c5611,String,true,Boolean
acs:677e137d-8f7a-412b-85e1-fd66c45c5611_0000000c-a4cd-09df-8975-c93a0d004e63,,2021-11-10T23:21:39.7349682Z,true,Boolean,677e137d-8f7a-412b-85e1-fd66c45c5611,String,true,Boolean
acs:677e137d-8f7a-412b-85e1-fd66c45c5611_0000000c-a4cd-0cea-8975-c93a0d004e64,,2021-11-10T23:21:39.733969Z,true,Boolean,677e137d-8f7a-412b-85e1-fd66c45c5611,String,true,Boolean
acs:677e137d-8f7a-412b-85e1-fd66c45c5611_0000000c-a4cd-1002-8975-c93a0d004e65,,2021-11-10T23:21:39.7319698Z,true,Boolean,677e137d-8f7a-412b-85e1-fd66c45c5611,String,true,Boolean
acs:677e137d-8f7a-412b-85e1-fd66c45c5611_0000000c-a4cd-1303-8975-c93a0d004e66,,2021-11-10T23:21:39.733969Z,true,Boolean,677e137d-8f7a-412b-85e1-fd66c45c5611,String,true,Boolean
acs:677e137d-8f7a-412b-85e1-fd66c45c5611_0000000c-a4cd-1607-8975-c93a0d004e67,,2021-11-10T23:21:39.733969Z,true,Boolean,677e137d-8f7a-412b-85e1-fd66c45c5611,String,true,Boolean
acs:677e137d-8f7a-412b-85e1-fd66c45c5611_0000000c-a4cd-191f-8975-c93a0d004e68,,2021-11-10T23:21:39.7329692Z,true,Boolean,677e137d-8f7a-412b-85e1-fd66c45c5611,String,true,Boolean
acs:677e137d-8f7a-412b-85e1-fd66c45c5611_0000000c-a4cd-1c1a-8975-c93a0d004e69,,2021-11-10T23:21:39.733969Z,true,Boolean,677e137d-8f7a-412b-85e1-fd66c45c5611,String,true,Boolean
acs:677e137d-8f7a-412b-85e1-fd66c45c5611_0000000c-a4cd-1f37-8975-c93a0d004e6a,,2021-11-10T23:21:39.7329692Z,true,Boolean,677e137d-8f7a-412b-85e1-fd66c45c5611,String,true,Boolean
acs:677e137d-8f7a-412b-85e1-fd66c45c5611_0000000c-a4cd-222a-8975-c93a0d004e6e,,2021-11-10T23:21:39.733969Z,true,Boolean,677e137d-8f7a-412b-85e1-fd66c45c5611,String,true,Boolean
acs:677e137d-8f7a-412b-85e1-fd66c45c5611_0000000c-a4cd-2551-8975-c93a0d004e6f,,2021-11-10T23:21:39.733969Z,true,Boolean,677e137d-8f7a-412b-85e1-fd66c45c5611,String,true,Boolean
acs:677e137d-8f7a-412b-85e1-fd66c45c5611_0000000c-a4cd-2866-8975-c93a0d004e71,,2021-11-10T23:21:39.733969Z,true,Boolean,677e137d-8f7a-412b-85e1-fd66c45c5611,String,true,Boolean
acs:677e137d-8f7a-412b-85e1-fd66c45c5611_0000000c-a4cd-2b6f-8975-c93a0d004e73,,2021-11-10T23:21:39.7329692Z,true,Boolean,677e137d-8f7a-412b-85e1-fd66c45c5611,String,true,Boolean
acs:677e137d-8f7a-412b-85e1-fd66c45c5611_0000000c-a4cd-2e75-8975-c93a0d004e74,,2021-11-10T23:21:39.7329692Z,true,Boolean,677e137d-8f7a-412b-85e1-fd66c45c5611,String,true,Boolean
acs:677e137d-8f7a-412b-85e1-fd66c45c5611_0000000c-a4cd-318d-8975-c93a0d004e75,,2021-11-10T23:21:39.7349682Z,true,Boolean,677e137d-8f7a-412b-85e1-fd66c45c5611,String,true,Boolean
acs:677e137d-8f7a-412b-85e1-fd66c45c5611_0000000c-a4cd-3497-8975-c93a0d004e76,,2021-11-10T23:21:39.733969Z,true,Boolean,677e137d-8f7a-412b-85e1-fd66c45c5611,String,true,Boolean
acs:677e137d-8f7a-412b-85e1-fd66c45c5611_0000000c-a4cd-378c-8975-c93a0d004e77,,2021-11-10T23:21:39.7329692Z,true,Boolean,677e137d-8f7a-412b-85e1-fd66c45c5611,String,true,Boolean
acs:677e137d-8f7a-412b-85e1-fd66c45c5611_0000000c-a4cd-3a89-8975-c93a0d004e78,,2021-11-10T23:21:39.733969Z,true,Boolean,677e137d-8f7a-412b-85e1-fd66c45c5611,String,true,Boolean
acs:77622155-52b6-441d-86ef-4c486b35dc15_0000000c-43b9-ec8d-ee79-25482200030c,,2026-09-11T08:58:12.8574957Z,false,Boolean,77622155-52b6-441d-86ef-4c486b35dc15,String,true,Boolean
acs:77622155-52b6-441d-86ef-4c486b35dc15_0000000c-43b9-ed5c-ee79-25482200030d,,2026-09-11T08:58:29.71315Z,false,Boolean,77622155-52b6-441d-86ef-4c486b35dc15,String,true,Boolean
acs:77622155-52b6-441d-86ef-4c486b35dc15_0000000c-43b9-ee38-ee79-25482200030e,,2026-09-11T08:58:30.8057639Z,false,Boolean,77622155-52b6-441d-86ef-4c486b35dc15,String,true,Boolean
acs:77622155-52b6-441d-86ef-4c486b35dc15_0000000c-43b9-ef35-ee79-25482200030f,,2026-09-11T08:58:23.5182649Z,false,Boolean,77622155-52b6-441d-86ef-4c486b35dc15,String,true,Boolean
acs:77622155-52b6-441d-86ef-4c486b35dc15_0000000c-43b9-f028-ee79-254822000310,,2026-09-11T08:57:43.4759772Z,false,Boolean,77622155-52b6-441d-86ef-4c486b35dc15,String,true,Boolean
acs:77622155-52b6-441d-86ef-4c486b35dc15_0000000c-43b9-f11f-ee79-254822000311,,2026-09-11T08:58:22.3836809Z,true,Boolean,77622155-52b6-441d-86ef-4c486b35dc15,String,true,Boolean
acs:77622155-52b6-441d-86ef-4c486b35dc15_0000000c-43b9-f1ef-ee79-254822000312,,2026-09-11T08:58:40.4670755Z,true,Boolean,77622155-52b6-441d-86ef-4c486b35dc15,String,true,Boolean
acs:77622155-52b6-441d-86ef-4c486b35dc15_0000000c-43b9-f2c8-ee79-254822000313,,2026-09-11T08:58:39.9658019Z,false,Boolean,77622155-52b6-441d-86ef-4c486b35dc15,String,true,Boolean
acs:77622155-52b6-441d-86ef-4c486b35dc15_0000000c-43b9-f3ac-ee79-254822000314,,2026-09-11T08:55:35.9552104Z,false,Boolean,77622155-52b6-441d-86ef-4c486b35dc15,String,true,Boolean
acs:77622155-52b6-441d-86ef-4c486b35dc15_0000000c-43b9-f489-ee79-254822000315,,2026-09-11T08:57:57.622886Z,false,Boolean,77622155-52b6-441d-86ef-4c486b35dc15,String,true,Boolean
acs:77622155-52b6-441d-86ef-4c486b35dc15_0000000c-a4cd-d784-3906-284822001bfb,,2026-09-11T08:58:38.5123772Z,true,Boolean,77622155-52b6-441d-86ef-4c486b35dc15,String,true,Boolean
acs:77622155-52b6-441d-86ef-4c486b35dc15_0000000c-a4cd-d875-3906-284822001bfc,,2026-09-11T08:58:40.5280414Z,true,Boolean,77622155-52b6-441d-86ef-4c486b35dc15,String,true,Boolean
acs:77622155-52b6-441d-86ef-4c486b35dc15_0000000c-a4cd-d95a-3906-284822001bfd,,2026-09-11T08:58:13.53668Z,false,Boolean,77622155-52b6-441d-86ef-4c486b35dc15,String,true,Boolean
acs:77622155-52b6-441d-86ef-4c486b35dc15_0000000c-a4cd-da79-3906-284822001bfe,,2026-09-11T08:58:39.7249379Z,false,Boolean,77622155-52b6-441d-86ef-4c486b35dc15,String,true,Boolean
acs:77622155-52b6-441d-86ef-4c486b35dc15_0000000c-a4cd-db89-3906-284822001bff,,2026-09-11T08:58:21.4358534Z,true,Boolean,77622155-52b6-441d-86ef-4c486b35dc15,String,true,Boolean
acs:77622155-52b6-441d-86ef-4c486b35dc15_0000000c-a4cd-dc7b-3906-284822001c00,,2026-09-11T08:58:26.6537809Z,true,Boolean,77622155-52b6-441d-86ef-4c486b35dc15,String,true,Boolean
acs:77622155-52b6-441d-86ef-4c486b35dc15_0000000c-a4cd-dd8a-3906-284822001c01,,2026-09-11T08:58:15.9390697Z,false,Boolean,77622155-52b6-441d-86ef-4c486b35dc15,String,true,Boolean
acs:77622155-52b6-441d-86ef-4c486b35dc15_0000000c-a4cd-de8c-3906-284822001c02,,2026-09-11T08:58:28.3893581Z,false,Boolean,77622155-52b6-441d-86ef-4c486b35dc15,String,true,Boolean
acs:77622155-52b6-441d-86ef-4c486b35dc15_0000000c-a4cd-df85-3906-284822001c03,,2026-09-11T08:58:31.0666194Z,false,Boolean,77622155-52b6-441d-86ef-4c486b35dc15,String,true,Boolean
acs:77622155-52b6-441d-86ef-4c486b35dc15_0000000c-a4cd-e089-3906-284822001c04,,2026-09-11T08:58:31.0956024Z,true,Boolean,77622155-52b6-441d-86ef-4c486b35dc15,String,true,Boolean
acs:77622155-52b6-441d-86ef-4c486b35dc15_0000000c-a4cd-e17d-3906-284822001c05,,2026-09-11T08:58:18.5899292Z,true,Boolean,77622155-52b6-441d-86ef-4c486b35dc15,String,true,Boolean
acs:77622155-52b6-441d-86ef-4c486b35dc15_0000000c-a4cd-e279-3906-284822001c06,,2026-09-11T08:58:06.7898321Z,false,Boolean,77622155-52b6-441d-86ef-4c486b35dc15,String,true,Boolean
acs:77622155-52b6-441d-86ef-4c486b35dc15_0000000c-a4cd-e366-3906-284822001c07,,2026-09-11T08:58:18.3780477Z,false,Boolean,77622155-52b6-441d-86ef-4c486b35dc15,String,true,Boolean
acs:77622155-52b6-441d-86ef-4c486b35dc15_0000000c-a4cd-e48c-3906-284822001c08,,2026-09-11T08:58:29.9152604Z,false,Boolean,77622155-52b6-441d-86ef-4c486b35dc15,String,true,Boolean
acs:77622155-52b6-441d-86ef-4c486b35dc15_0000000c-a4cd-e56e-3906-284822001c09,,2026-09-11T08:58:33.759408Z,false,Boolean,77622155-52b6-441d-86ef-4c486b35dc15,String,true,Boolean
acs:77622155-52b6-441d-86ef-4c486b35dc15_0000000c-a4cd-e67b-3906-284822001c0a,,2026-09-11T08:58:41.6192423Z,false,Boolean,77622155-52b6-441d-86ef-4c486b35dc15,String,true,Boolean
acs:77622155-52b6-441d-86ef-4c486b35dc15_0000000c-a4cd-e778-3906-284822001c0b,,2026-09-11T08:55:54.2459196Z,false,Boolean,77622155-52b6-441d-86ef-4c486b35dc15,String,true,Boolean
acs:77622155-52b6-441d-86ef-4c486b35dc15_0000000c-a4cd-e896-3906-284822001c0c,,2026-09-11T08:58:09.1199021Z,false,Boolean,77622155-52b6-441d-86ef-4c486b35dc15,String,true,Boolean
acs:77622155-52b6-441d-86ef-4c486b35dc15_0000000c-a4cd-e997-3906-284822001c0d,,2026-09-11T08:58:17.622717Z,false,Boolean,77622155-52b6-441d-86ef-4c486b35dc15,String,true,Boolean
acs:77622155-52b6-441d-86ef-4c486b35dc15_0000000c-a4cd-ea99-3906-284822001c0e,,2026-09-11T08:58:05.6083157Z,false,Boolean,77622155-52b6-441d-86ef-4c486b35dc15,String,true,Boolean
acs:77622155-52b6-441d-86ef-4c486b35dc15_0000000c-a4cd-eba0-3906-284822001c0f,,2026-09-11T08:58:27.3109574Z,false,Boolean,77622155-52b6-441d-86ef-4c486b35dc15,String,true,Boolean
acs:77622155-52b6-441d-86ef-4c486b35dc15_0000000c-a4cd-ecb1-3906-284822001c10,,2026-09-11T08:58:22.8034466Z,false,Boolean,77622155-52b6-441d-86ef-4c486b35dc15,String,true,Boolean
acs:77622155-52b6-441d-86ef-4c486b35dc15_0000000c-a4cd-edae-3906-284822001c11,,2026-09-11T08:58:24.1938884Z,false,Boolean,77622155-52b6-441d-86ef-4c486b35dc15,String,true,Boolean
acs:77622155-52b6-441d-86ef-4c486b35dc15_0000000c-a4cd-eec0-3906-284822001c12,,2026-09-11T08:58:23.9420289Z,false,Boolean,77622155-52b6-441d-86ef-4c486b35dc15,String,true,Boolean
acs:77622155-52b6-441d-86ef-4c486b35dc15_0000000c-a4cd-efc7-3906-284822001c13,,2026-09-11T08:58:42.7449055Z,true,Boolean,77622155-52b6-441d-86ef-4c486b35dc15,String,true,Boolean
acs:77622155-52b6-441d-86ef-4c486b35dc15_0000000c-a4cd-f0c9-3906-284822001c14,,2026-09-11T08:58:07.8697782Z,false,Boolean,77622155-52b6-441d-86ef-4c486b35dc15,String,true,Boolean
acs:77622155-52b6-441d-86ef-4c486b35dc15_0000000c-a4cd-f1c9-3906-284822001c15,,2026-09-11T08:57:58.3641186Z,false,Boolean,77622155-52b6-441d-86ef-4c486b35dc15,String,true,Boolean
acs:77622155-52b6-441d-86ef-4c486b35dc15_0000000c-a4cd-f2e6-3906-284822001c16,,2026-09-11T08:58:27.7537111Z,true,Boolean,77622155-52b6-441d-86ef-4c486b35dc15,String,true,Boolean
acs:77622155-52b6-441d-86ef-4c486b35dc15_0000000c-a4cd-f3f5-3906-284822001c17,,2026-09-11T08:58:12.0416732Z,false,Boolean,77622155-52b6-441d-86ef-4c486b35dc15,String,true,Boolean
acs:77622155-52b6-441d-86ef-4c486b35dc15_0000000c-a4cd-f4e7-3906-284822001c18,,2026-09-11T08:58:16.501757Z,false,Boolean,77622155-52b6-441d-86ef-4c486b35dc15,String,true,Boolean
acs:77622155-52b6-441d-86ef-4c486b35dc15_0000000c-a4cd-f5e8-9bf4-343a0d0023f8,,2026-09-11T08:58:05.992102Z,true,Boolean,77622155-52b6-441d-86ef-4c486b35dc15,String,true,Boolean
acs:77622155-52b6-441d-86ef-4c486b35dc15_0000000c-a4cd-f6a8-3906-284822001c19,,2026-09-11T08:58:09.9114609Z,false,Boolean,77622155-52b6-441d-86ef-4c486b35dc15,String,true,Boolean
acs:77622155-52b6-441d-86ef-4c486b35dc15_0000000c-a4cd-f783-9bf4-343a0d0023f9,,2026-09-11T08:58:42.1342461Z,true,Boolean,77622155-52b6-441d-86ef-4c486b35dc15,String,true,Boolean
acs:77622155-52b6-441d-86ef-4c486b35dc15_0000000c-a4cd-f842-3906-284822001c1a,,2026-09-11T08:58:09.8305073Z,false,Boolean,77622155-52b6-441d-86ef-4c486b35dc15,String,true,Boolean
acs:77622155-52b6-441d-86ef-4c486b35dc15_0000000c-a4cd-f942-9bf4-343a0d0023fa,,2026-09-11T08:58:35.1587606Z,false,Boolean,77622155-52b6-441d-86ef-4c486b35dc15,String,true,Boolean
acs:77622155-52b6-441d-86ef-4c486b35dc15_0000000c-a4cd-f9e5-3906-284822001c1b,,2026-09-11T08:58:39.1406733Z,true,Boolean,77622155-52b6-441d-86ef-4c486b35dc15,String,true,Boolean
acs:77622155-52b6-441d-86ef-4c486b35dc15_0000000c-a4cd-fac2-9bf4-343a0d0023fb,,2026-09-11T08:58:35.5135626Z,false,Boolean,77622155-52b6-441d-86ef-4c486b35dc15,String,true,Boolean
acs:77622155-52b6-441d-86ef-4c486b35dc15_0000000c-a4cd-fb47-3906-284822001c1c,,2026-09-11T08:58:41.8951957Z,true,Boolean,77622155-52b6-441d-86ef-4c486b35dc15,String,true,Boolean
acs:77622155-52b6-441d-86ef-4c486b35dc15_0000000c-a4cd-fc28-9bf4-343a0d0023fc,,2026-09-11T08:58:32.6860063Z,true,Boolean,77622155-52b6-441d-86ef-4c486b35dc15,String,true,Boolean
acs:77622155-52b6-441d-86ef-4c486b35dc15_0000000c-a4cd-fcdd-3906-284822001c1d,,2026-09-11T08:58:22.5645797Z,false,Boolean,77622155-52b6-441d-86ef-4c486b35dc15,String,true,Boolean
acs:77622155-52b6-441d-86ef-4c486b35dc15_0000000c-a4cd-fdc8-9bf4-343a0d0023fd,,2026-09-11T08:58:41.8046902Z,false,Boolean,77622155-52b6-441d-86ef-4c486b35dc15,String,true,Boolean
acs:77622155-52b6-441d-86ef-4c486b35dc15_0000000c-a4cd-fe5b-3906-284822001c1e,,2026-09-11T08:58:06.5079889Z,false,Boolean,77622155-52b6-441d-86ef-4c486b35dc15,String,true,Boolean
acs:77622155-52b6-441d-86ef-4c486b35dc15_0000000c-a4cd-ff4d-9bf4-343a0d0023fe,,2026-09-11T08:58:17.927547Z,false,Boolean,77622155-52b6-441d-86ef-4c486b35dc15,String,true,Boolean
acs:77622155-52b6-441d-86ef-4c486b35dc15_0000000c-a4cd-fff5-3906-284822001c1f,,2026-09-11T08:57:53.95559Z,false,Boolean,77622155-52b6-441d-86ef-4c486b35dc15,String,true,Boolean
acs:77622155-52b6-441d-86ef-4c486b35dc15_0000000c-a4ce-00dc-9bf4-343a0d0023ff,,2026-09-11T08:58:16.2099187Z,true,Boolean,77622155-52b6-441d-86ef-4c486b35dc15,String,true,Boolean
acs:77622155-52b6-441d-86ef-4c486b35dc15_0000000c-a4ce-017e-3906-284822001c20,,2026-09-11T08:58:24.389779Z,false,Boolean,77622155-52b6-441d-86ef-4c486b35dc15,String,true,Boolean
acs:77622155-52b6-441d-86ef-4c486b35dc15_0000000c-a4ce-0277-9bf4-343a0d002400,,2026-09-11T08:58:33.7793971Z,false,Boolean,77622155-52b6-441d-86ef-4c486b35dc15,String,true,Boolean
acs:77622155-52b6-441d-86ef-4c486b35dc15_0000000c-a4ce-0315-3906-284822001c21,,2026-09-11T08:58:16.8346706Z,false,Boolean,77622155-52b6-441d-86ef-4c486b35dc15,String,true,Boolean
acs:77622155-52b6-441d-86ef-4c486b35dc15_0000000c-a4ce-03fd-9bf4-343a0d002401,,2026-09-11T08:58:14.1749463Z,false,Boolean,77622155-52b6-441d-86ef-4c486b35dc15,String,true,Boolean
acs:77622155-52b6-441d-86ef-4c486b35dc15_0000000c-a4ce-0473-3906-284822001c22,,2026-09-11T08:57:55.3999954Z,false,Boolean,77622155-52b6-441d-86ef-4c486b35dc15,String,true,Boolean
acs:77622155-52b6-441d-86ef-4c486b35dc15_0000000c-a4ce-0547-9bf4-343a0d002402,,2026-09-11T08:58:36.9925171Z,true,Boolean,77622155-52b6-441d-86ef-4c486b35dc15,String,true,Boolean
acs:77622155-52b6-441d-86ef-4c486b35dc15_0000000c-a4ce-0609-3906-284822001c23,,2026-09-11T08:58:32.1314661Z,true,Boolean,77622155-52b6-441d-86ef-4c486b35dc15,String,true,Boolean
acs:77622155-52b6-441d-86ef-4c486b35dc15_0000000c-a4ce-06e5-9bf4-343a0d002403,,2026-09-11T08:58:39.1546644Z,false,Boolean,77622155-52b6-441d-86ef-4c486b35dc15,String,true,Boolean
acs:77622155-52b6-441d-86ef-4c486b35dc15_0000000c-a4ce-077b-3906-284822001c24,,2026-09-11T08:58:21.8296339Z,false,Boolean,77622155-52b6-441d-86ef-4c486b35dc15,String,true,Boolean
acs:77622155-52b6-441d-86ef-4c486b35dc15_0000000c-a4ce-0863-9bf4-343a0d002404,,2026-09-11T08:58:16.4927611Z,true,Boolean,77622155-52b6-441d-86ef-4c486b35dc15,String,true,Boolean
acs:77622155-52b6-441d-86ef-4c486b35dc15_0000000c-a4ce-08fd-3906-284822001c25,,2026-09-11T08:58:13.1738822Z,false,Boolean,77622155-52b6-441d-86ef-4c486b35dc15,String,true,Boolean
acs:77622155-52b6-441d-86ef-4c486b35dc15_0000000c-a4ce-09f2-9bf4-343a0d002405,,2026-09-11T08:57:56.4223804Z,false,Boolean,77622155-52b6-441d-86ef-4c486b35dc15,String,true,Boolean
acs:77622155-52b6-441d-86ef-4c486b35dc15_0000000c-a4ce-0a93-3906-284822001c26,,2026-09-11T08:58:29.4423012Z,true,Boolean,77622155-52b6-441d-86ef-4c486b35dc15,String,true,Boolean
acs:77622155-52b6-441d-86ef-4c486b35dc15_0000000c-a4ce-0b86-9bf4-343a0d002406,,2026-09-11T08:58:29.5322506Z,false,Boolean,77622155-52b6-441d-86ef-4c486b35dc15,String,true,Boolean
acs:77622155-52b6-441d-86ef-4c486b35dc15_0000000c-a4ce-0c24-3906-284822001c27,,2026-09-11T08:58:07.8517877Z,false,Boolean,77622155-52b6-441d-86ef-4c486b35dc15,String,true,Boolean
acs:77622155-52b6-441d-86ef-4c486b35dc15_0000000c-a4ce-0cf5-9bf4-343a0d002407,,2026-09-11T08:58:17.7706349Z,true,Boolean,77622155-52b6-441d-86ef-4c486b35dc15,String,true,Boolean
acs:77622155-52b6-441d-86ef-4c486b35dc15_0000000c-a4ce-0dac-3906-284822001c28,,2026-09-11T08:58:32.4915394Z,true,Boolean,77622155-52b6-441d-86ef-4c486b35dc15,String,true,Boolean
acs:77622155-52b6-441d-86ef-4c486b35dc15_0000000c-a4ce-0ea0-9bf4-343a0d002408,,2026-09-11T08:58:38.0276475Z,false,Boolean,77622155-52b6-441d-86ef-4c486b35dc15,String,true,Boolean
acs:77622155-52b6-441d-86ef-4c486b35dc15_0000000c-a4ce-0f4c-3906-284822001c29,,2026-09-11T08:57:40.0838443Z,false,Boolean,77622155-52b6-441d-86ef-4c486b35dc15,String,true,Boolean
acs:77622155-52b6-441d-86ef-4c486b35dc15_0000000c-a4ce-103a-9bf4-343a0d002409,,2026-09-11T08:58:15.6042568Z,false,Boolean,77622155-52b6-441d-86ef-4c486b35dc15,String,true,Boolean
acs:77622155-52b6-441d-86ef-4c486b35dc15_0000000c-a4ce-10d2-3906-284822001c2a,,2026-09-11T08:58:37.9706803Z,true,Boolean,77622155-52b6-441d-86ef-4c486b35dc15,String,true,Boolean
acs:77622155-52b6-441d-86ef-4c486b35dc15_0000000c-a4ce-11ba-9bf4-343a0d00240a,,2026-09-11T08:58:03.7976002Z,false,Boolean,77622155-52b6-441d-86ef-4c486b35dc15,String,true,Boolean
acs:77622155-52b6-441d-86ef-4c486b35dc15_0000000c-a4ce-124c-3906-284822001c2b,,2026-09-11T08:58:42.381109Z,false,Boolean,77622155-52b6-441d-86ef-4c486b35dc15,String,true,Boolean
acs:77622155-52b6-441d-86ef-4c486b35dc15_0000000c-a4ce-1359-9bf4-343a0d00240b,,2026-09-11T08:56:11.3901306Z,false,Boolean,77622155-52b6-441d-86ef-4c486b35dc15,String,true,Boolean
acs:77622155-52b6-441d-86ef-4c486b35dc15_0000000c-a4ce-13fc-3906-284822001c2c,,2026-09-11T08:57:43.992865Z,false,Boolean,77622155-52b6-441d-86ef-4c486b35dc15,String,true,Boolean
acs:77622155-52b6-441d-86ef-4c486b35dc15_0000000c-a4ce-14e7-9bf4-343a0d00240c,,2026-09-11T08:58:23.8111025Z,false,Boolean,77622155-52b6-441d-86ef-4c486b35dc15,String,true,Boolean
acs:77622155-52b6-441d-86ef-4c486b35dc15_0000000c-a4ce-15a2-3906-284822001c2d,,2026-09-11T08:58:29.7561265Z,false,Boolean,77622155-52b6-441d-86ef-4c486b35dc15,String,true,Boolean
acs:77622155-52b6-441d-86ef-4c486b35dc15_0000000c-a4ce-1678-9bf4-343a0d00240d,,2026-09-11T08:58:26.1710497Z,false,Boolean,77622155-52b6-441d-86ef-4c486b35dc15,String,true,Boolean
acs:77622155-52b6-441d-86ef-4c486b35dc15_0000000c-a4ce-1715-3906-284822001c2e,,2026-09-11T08:58:15.3522894Z,false,Boolean,77622155-52b6-441d-86ef-4c486b35dc15,String,true,Boolean
acs:77622155-52b6-441d-86ef-4c486b35dc15_0000000c-a4ce-17fc-9bf4-343a0d00240e,,2026-09-11T08:58:26.2320158Z,false,Boolean,77622155-52b6-441d-86ef-4c486b35dc15,String,true,Boolean
acs:77622155-52b6-441d-86ef-4c486b35dc15_0000000c-a4ce-189b-3906-284822001c2f,,2026-09-11T08:58:22.1827931Z,false,Boolean,77622155-52b6-441d-86ef-4c486b35dc15,String,true,Boolean
acs:77622155-52b6-441d-86ef-4c486b35dc15_0000000c-a4ce-1999-9bf4-343a0d00240f,,2026-09-11T08:58:25.6205975Z,false,Boolean,77622155-52b6-441d-86ef-4c486b35dc15,String,true,Boolean
acs:77622155-52b6-441d-86ef-4c486b35dc15_0000000c-a4ce-1a39-3906-284822001c30,,2026-09-11T08:58:29.5432448Z,true,Boolean,77622155-52b6-441d-86ef-4c486b35dc15,String,true,Boolean
acs:77622155-52b6-441d-86ef-4c486b35dc15_0000000c-a4ce-1b1d-9bf4-343a0d002410,,2026-09-11T08:57:47.7035952Z,true,Boolean,77622155-52b6-441d-86ef-4c486b35dc15,String,true,Boolean
acs:77622155-52b6-441d-86ef-4c486b35dc15_0000000c-a4ce-1ba9-3906-284822001c31,,2026-09-11T08:58:40.1666906Z,true,Boolean,77622155-52b6-441d-86ef-4c486b35dc15,String,true,Boolean
acs:77622155-52b6-441d-86ef-4c486b35dc15_0000000c-a4ce-1c7a-9bf4-343a0d002411,,2026-09-11T08:58:29.3463542Z,false,Boolean,77622155-52b6-441d-86ef-4c486b35dc15,String,true,Boolean
acs:77622155-52b6-441d-86ef-4c486b35dc15_0000000c-a4ce-1d17-3906-284822001c32,,2026-09-11T08:58:12.7975293Z,false,Boolean,77622155-52b6-441d-86ef-4c486b35dc15,String,true,Boolean
acs:77622155-52b6-441d-86ef-4c486b35dc15_0000000c-a4ce-1e10-9bf4-343a0d002412,,2026-09-11T08:58:17.2649162Z,false,Boolean,77622155-52b6-441d-86ef-4c486b35dc15,String,true,Boolean
acs:77622155-52b6-441d-86ef-4c486b35dc15_0000000c-a4ce-1ea7-3906-284822001c33,,2026-09-11T08:58:16.0310182Z,false,Boolean,77622155-52b6-441d-86ef-4c486b35dc15,String,true,Boolean
acs:77622155-52b6-441d-86ef-4c486b35dc15_0000000c-a4ce-1f6b-9bf4-343a0d002413,,2026-09-11T08:58:16.8246759Z,false,Boolean,77622155-52b6-441d-86ef-4c486b35dc15,String,true,Boolean
acs:77622155-52b6-441d-86ef-4c486b35dc15_0000000c-a4ce-2016-3906-284822001c34,,2026-09-11T08:58:29.582223Z,false,Boolean,77622155-52b6-441d-86ef-4c486b35dc15,String,true,Boolean
acs:77622155-52b6-441d-86ef-4c486b35dc15_0000000c-a4ce-20f1-9bf4-343a0d002414,,2026-09-11T08:58:34.7533756Z,true,Boolean,77622155-52b6-441d-86ef-4c486b35dc15,String,true,Boolean
acs:77622155-52b6-441d-86ef-4c486b35dc15_0000000c-a4ce-2189-3906-284822001c35,,2026-09-11T08:58:41.1535016Z,true,Boolean,77622155-52b6-441d-86ef-4c486b35dc15,String,true,Boolean
acs:77622155-52b6-441d-86ef-4c486b35dc15_0000000c-a4ce-2260-9bf4-343a0d002415,,2026-09-11T08:58:41.8046902Z,true,Boolean,77622155-52b6-441d-86ef-4c486b35dc15,String,true,Boolean
acs:77622155-52b6-441d-86ef-4c486b35dc15_0000000c-a4ce-22ef-3906-284822001c36,,2026-09-11T08:58:07.8707778Z,false,Boolean,77622155-52b6-441d-86ef-4c486b35dc15,String,true,Boolean
acs:77622155-52b6-441d-86ef-4c486b35dc15_0000001b-477c-9a19-f6c7-593a0d000c44,,2026-09-11T08:58:24.7445262Z,false,Boolean,77622155-52b6-441d-86ef-4c486b35dc15,String,true,Boolean
acs:77622155-52b6-441d-86ef-4c486b35dc15_0000001b-477c-9b73-f6c7-593a0d000c46,,2026-09-11T08:58:40.9006425Z,true,Boolean,77622155-52b6-441d-86ef-4c486b35dc15,String,true,Boolean
acs:77622155-52b6-441d-86ef-4c486b35dc15_0000001b-477c-9d0e-f6c7-593a0d000c48,,2026-09-11T08:58:41.7847018Z,true,Boolean,77622155-52b6-441d-86ef-4c486b35dc15,String,true,Boolean
acs:77622155-52b6-441d-86ef-4c486b35dc15_0000001b-477c-9e4f-f6c7-593a0d000c4b,,2026-09-11T08:58:41.4453389Z,true,Boolean,77622155-52b6-441d-86ef-4c486b35dc15,String,true,Boolean
acs:77622155-52b6-441d-86ef-4c486b35dc15_0000001b-477c-a276-f6c7-593a0d000c4c,,2026-09-11T08:58:19.5599327Z,false,Boolean,77622155-52b6-441d-86ef-4c486b35dc15,String,true,Boolean
acs:77622155-52b6-441d-86ef-4c486b35dc15_0000001b-477c-a3b8-f6c7-593a0d000c4d,,2026-09-11T08:58:42.4560669Z,true,Boolean,77622155-52b6-441d-86ef-4c486b35dc15,String,true,Boolean
acs:77622155-52b6-441d-86ef-4c486b35dc15_0000001b-477c-a4f6-f6c7-593a0d000c4e,,2026-09-11T08:58:29.254406Z,false,Boolean,77622155-52b6-441d-86ef-4c486b35dc15,String,true,Boolean
acs:77622155-52b6-441d-86ef-4c486b35dc15_0000001b-477c-a62e-f6c7-593a0d000c4f,,2026-09-11T08:58:23.2611913Z,false,Boolean,77622155-52b6-441d-86ef-4c486b35dc15,String,true,Boolean
acs:77622155-52b6-441d-86ef-4c486b35dc15_0000001b-477c-a75f-f6c7-593a0d000c50,,2026-09-11T08:58:29.8346979Z,true,Boolean,77622155-52b6-441d-86ef-4c486b35dc15,String,true,Boolean
acs:77622155-52b6-441d-86ef-4c486b35dc15_0000001b-477c-a965-f6c7-593a0d000c51,,2026-09-11T08:58:41.8486661Z,false,Boolean,77622155-52b6-441d-86ef-4c486b35dc15,String,true,Boolean
acs:77622155-52b6-441d-86ef-4c486b35dc15_0000001b-477c-acde-ec8d-08482200317f,,2026-09-11T08:58:11.1519131Z,false,Boolean,77622155-52b6-441d-86ef-4c486b35dc15,String,true,Boolean
acs:77622155-52b6-441d-86ef-4c486b35dc15_0000001b-477c-ae1d-f6c7-593a0d000c52,,2026-09-11T08:58:30.6848314Z,false,Boolean,77622155-52b6-441d-86ef-4c486b35dc15,String,true,Boolean
acs:77622155-52b6-441d-86ef-4c486b35dc15_0000001b-57fa-c140-85f4-343a0d001021,,2026-09-11T08:58:31.2111743Z,true,Boolean,77622155-52b6-441d-86ef-4c486b35dc15,String,true,Boolean
acs:77622155-52b6-441d-86ef-4c486b35dc15_0000001b-57fa-c350-85f4-343a0d001022,,2026-09-11T08:58:05.0136485Z,false,Boolean,77622155-52b6-441d-86ef-4c486b35dc15,String,true,Boolean
acs:77622155-52b6-441d-86ef-4c486b35dc15_0000001b-57fa-c553-85f4-343a0d001024,,2026-09-11T08:58:03.9565118Z,false,Boolean,77622155-52b6-441d-86ef-4c486b35dc15,String,true,Boolean
acs:77622155-52b6-441d-86ef-4c486b35dc15_0000001b-57fa-c863-85f4-343a0d001025,,2026-09-11T08:58:38.5933325Z,true,Boolean,77622155-52b6-441d-86ef-4c486b35dc15,String,true,Boolean
acs:77622155-52b6-441d-86ef-4c486b35dc15_0000001b-57fa-cd58-1000-343a0d000eae,,2026-09-11T08:57:43.2920793Z,false,Boolean,77622155-52b6-441d-86ef-4c486b35dc15,String,true,Boolean
acs:77622155-52b6-441d-86ef-4c486b35dc15_0000001b-57fa-d01f-1000-343a0d000eaf,,2026-09-11T08:58:10.4523027Z,false,Boolean,77622155-52b6-441d-86ef-4c486b35dc15,String,true,Boolean
acs:77622155-52b6-441d-86ef-4c486b35dc15_0000001b-57fa-d7aa-f40f-343a0d000d02,,2026-09-11T08:58:31.9645588Z,true,Boolean,77622155-52b6-441d-86ef-4c486b35dc15,String,true,Boolean
acs:77622155-52b6-441d-86ef-4c486b35dc15_0000001b-57fa-dcbe-0e04-343a0d000f3b,,2026-09-11T08:58:40.152698Z,false,Boolean,77622155-52b6-441d-86ef-4c486b35dc15,String,true,Boolean
acs:77622155-52b6-441d-86ef-4c486b35dc15_0000001b-57fa-e20f-35f3-343a0d000e5d,,2026-09-11T08:58:40.8266836Z,true,Boolean,77622155-52b6-441d-86ef-4c486b35dc15,String,true,Boolean
acs:77622155-52b6-441d-86ef-4c486b35dc15_0000001b-57fa-e406-f40f-343a0d000d03,,2026-09-11T08:58:11.9017515Z,false,Boolean,77622155-52b6-441d-86ef-4c486b35dc15,String,true,Boolean
acs:77622155-52b6-441d-86ef-4c486b35dc15_0000001b-57fa-e788-f40f-343a0d000d04,,2026-09-11T08:58:27.9006292Z,false,Boolean,77622155-52b6-441d-86ef-4c486b35dc15,String,true,Boolean
acs:77622155-52b6-441d-86ef-4c486b35dc15_0000001b-57fa-e93b-35f3-343a0d000e60,,2026-09-11T08:58:31.2709452Z,false,Boolean,77622155-52b6-441d-86ef-4c486b35dc15,String,true,Boolean
acs:77622155-52b6-441d-86ef-4c486b35dc15_0000001b-57fa-ec2a-0e04-343a0d000f3f,,2026-09-11T08:58:14.3318583Z,false,Boolean,77622155-52b6-441d-86ef-4c486b35dc15,String,true,Boolean
acs:77622155-52b6-441d-86ef-4c486b35dc15_0000001b-57fa-ee76-35f3-343a0d000e61,,2026-09-11T08:58:34.2456568Z,false,Boolean,77622155-52b6-441d-86ef-4c486b35dc15,String,true,Boolean
acs:77622155-52b6-441d-86ef-4c486b35dc15_0000001b-57fa-f1ac-78fe-343a0d000de4,,2026-09-11T08:58:22.8474221Z,false,Boolean,77622155-52b6-441d-86ef-4c486b35dc15,String,true,Boolean
acs:77622155-52b6-441d-86ef-4c486b35dc15_0000001b-57fa-f346-0e04-343a0d000f40,,2026-09-11T08:58:37.5062307Z,false,Boolean,77622155-52b6-441d-86ef-4c486b35dc15,String,true,Boolean
acs:77622155-52b6-441d-86ef-4c486b35dc15_0000001b-57fa-f509-78fe-343a0d000de5,,2026-09-11T08:58:15.9130839Z,false,Boolean,77622155-52b6-441d-86ef-4c486b35dc15,String,true,Boolean
acs:77622155-52b6-441d-86ef-4c486b35dc15_0000001b-57fa-f74f-1000-343a0d000ebb,,2026-09-11T08:58:17.8945647Z,false,Boolean,77622155-52b6-441d-86ef-4c486b35dc15,String,true,Boolean
acs:77622155-52b6-441d-86ef-4c486b35dc15_0000001b-57fa-f93c-78fe-343a0d000de7,,2026-09-11T08:57:39.8449774Z,false,Boolean,77622155-52b6-441d-86ef-4c486b35dc15,String,true,Boolean
acs:77622155-52b6-441d-86ef-4c486b35dc15_0000001b-57fa-fb41-0e04-343a0d000f42,,2026-09-11T08:58:26.3879285Z,true,Boolean,77622155-52b6-441d-86ef-4c486b35dc15,String,true,Boolean
acs:77622155-52b6-441d-86ef-4c486b35dc15_0000001b-57fa-fd4b-1000-343a0d000ebc,,2026-09-11T08:58:07.4144835Z,false,Boolean,77622155-52b6-441d-86ef-4c486b35dc15,String,true,Boolean
acs:77622155-52b6-441d-86ef-4c486b35dc15_0000001b-57fa-ffa1-0e04-343a0d000f43,,2026-09-11T08:58:32.0555082Z,true,Boolean,77622155-52b6-441d-86ef-4c486b35dc15,String,true,Boolean
acs:77622155-52b6-441d-86ef-4c486b35dc15_0000001b-57fb-0139-1000-343a0d000ebd,,2026-09-11T08:58:15.0424617Z,false,Boolean,77622155-52b6-441d-86ef-4c486b35dc15,String,true,Boolean
acs:77622155-52b6-441d-86ef-4c486b35dc15_0000001b-57fb-02e6-78fe-343a0d000de9,,2026-09-11T08:58:18.0704662Z,false,Boolean,77622155-52b6-441d-86ef-4c486b35dc15,String,true,Boolean
acs:77622155-52b6-441d-86ef-4c486b35dc15_0000001b-57fb-04db-78fe-343a0d000dea,,2026-09-11T08:58:17.4907898Z,false,Boolean,77622155-52b6-441d-86ef-4c486b35dc15,String,true,Boolean
acs:77622155-52b6-441d-86ef-4c486b35dc15_0000001b-57fb-0682-78fe-343a0d000dec,,2026-09-11T08:58:17.0270484Z,false,Boolean,77622155-52b6-441d-86ef-4c486b35dc15,String,true,Boolean
acs:77622155-52b6-441d-86ef-4c486b35dc15_0000001b-57fb-0bc6-ac00-343a0d000ecd,,2026-09-11T08:57:59.2706136Z,false,Boolean,77622155-52b6-441d-86ef-4c486b35dc15,String,true,Boolean
acs:77622155-52b6-441d-86ef-4c486b35dc15_0000001b-57fb-0d7a-0e04-343a0d000f44,,2026-09-11T08:58:06.8747849Z,false,Boolean,77622155-52b6-441d-86ef-4c486b35dc15,String,true,Boolean
acs:77622155-52b6-441d-86ef-4c486b35dc15_0000001b-57fb-0f11-1000-343a0d000ec0,,2026-09-11T08:58:34.6524296Z,false,Boolean,77622155-52b6-441d-86ef-4c486b35dc15,String,true,Boolean
acs:77622155-52b6-441d-86ef-4c486b35dc15_0000001b-57fb-10ef-1000-343a0d000ec1,,2026-09-11T08:58:17.7886239Z,false,Boolean,77622155-52b6-441d-86ef-4c486b35dc15,String,true,Boolean
acs:77622155-52b6-441d-86ef-4c486b35dc15_0000001b-57fb-1286-ac00-343a0d000ecf,,2026-09-11T08:58:06.985723Z,false,Boolean,77622155-52b6-441d-86ef-4c486b35dc15,String,true,Boolean
acs:77622155-52b6-441d-86ef-4c486b35dc15_0000001b-57fb-152e-f40f-343a0d000d08,,2026-09-11T08:58:40.4460867Z,true,Boolean,77622155-52b6-441d-86ef-4c486b35dc15,String,true,Boolean
acs:77622155-52b6-441d-86ef-4c486b35dc15_0000001b-57fb-16c5-1000-343a0d000ec2,,2026-09-11T08:58:26.2050307Z,false,Boolean,77622155-52b6-441d-86ef-4c486b35dc15,String,true,Boolean
acs:77622155-52b6-441d-86ef-4c486b35dc15_0000001b-57fb-186f-0e04-343a0d000f47,,2026-09-11T08:58:38.1076048Z,false,Boolean,77622155-52b6-441d-86ef-4c486b35dc15,String,true,Boolean
acs:77622155-52b6-441d-86ef-4c486b35dc15_0000001b-57fb-1a1e-0e04-343a0d000f48,,2026-09-11T08:58:21.486825Z,false,Boolean,77622155-52b6-441d-86ef-4c486b35dc15,String,true,Boolean
acs:77622155-52b6-441d-86ef-4c486b35dc15_0000001b-57fb-1bd5-0e04-343a0d000f49,,2026-09-11T08:58:09.8175134Z,false,Boolean,77622155-52b6-441d-86ef-4c486b35dc15,String,true,Boolean
acs:77622155-52b6-441d-86ef-4c486b35dc15_0000001b-57fb-2035-ac00-343a0d000ed0,,2026-09-11T08:58:28.3903569Z,false,Boolean,77622155-52b6-441d-86ef-4c486b35dc15,String,true,Boolean
acs:77622155-52b6-441d-86ef-4c486b35dc15_0000001b-57fb-21f2-ac00-343a0d000ed1,,2026-09-11T08:58:12.9180254Z,false,Boolean,77622155-52b6-441d-86ef-4c486b35dc15,String,true,Boolean
acs:77622155-52b6-441d-86ef-4c486b35dc15_0000001b-57fb-26e7-0e04-343a0d000f4b,,2026-09-11T08:58:23.0283207Z,false,Boolean,77622155-52b6-441d-86ef-4c486b35dc15,String,true,Boolean
acs:77622155-52b6-441d-86ef-4c486b35dc15_0000001b-57fb-28eb-0e04-343a0d000f4c,,2026-09-11T08:58:22.522603Z,false,Boolean,77622155-52b6-441d-86ef-4c486b35dc15,String,true,Boolean
acs:77622155-52b6-441d-86ef-4c486b35dc15_0000001b-57fb-2a70-1000-343a0d000ec5,,2026-09-11T08:58:38.4064367Z,true,Boolean,77622155-52b6-441d-86ef-4c486b35dc15,String,true,Boolean
acs:77622155-52b6-441d-86ef-4c486b35dc15_0000001b-57fb-2c67-ac00-343a0d000ed2,,2026-09-11T08:58:30.5369144Z,false,Boolean,77622155-52b6-441d-86ef-4c486b35dc15,String,true,Boolean
acs:77622155-52b6-441d-86ef-4c486b35dc15_0000001b-57fb-2de5-f40f-343a0d000d0a,,2026-09-11T08:58:28.5311843Z,false,Boolean,77622155-52b6-441d-86ef-4c486b35dc15,String,true,Boolean
acs:77622155-52b6-441d-86ef-4c486b35dc15_0000001b-57fb-2f8b-0e04-343a0d000f4e,,2026-09-11T08:58:25.5926135Z,false,Boolean,77622155-52b6-441d-86ef-4c486b35dc15,String,true,Boolean
acs:77622155-52b6-441d-86ef-4c486b35dc15_0000001b-57fb-3163-1000-343a0d000ec6,,2026-09-11T08:57:56.7981703Z,false,Boolean,77622155-52b6-441d-86ef-4c486b35dc15,String,true,Boolean
acs:77622155-52b6-441d-86ef-4c486b35dc15_0000001b-57fb-32e5-f40f-343a0d000d0c,,2026-09-11T08:58:17.9175521Z,false,Boolean,77622155-52b6-441d-86ef-4c486b35dc15,String,true,Boolean
acs:77622155-52b6-441d-86ef-4c486b35dc15_0000001b-57fb-34fa-1000-343a0d000ec8,,2026-09-11T08:58:37.5242212Z,false,Boolean,77622155-52b6-441d-86ef-4c486b35dc15,String,true,Boolean
acs:77622155-52b6-441d-86ef-4c486b35dc15_0000001b-57fb-36bf-f40f-343a0d000d0d,,2026-09-11T08:58:25.6415862Z,false,Boolean,77622155-52b6-441d-86ef-4c486b35dc15,String,true,Boolean
acs:77622155-52b6-441d-86ef-4c486b35dc15_0000001b-57fb-39bc-f40f-343a0d000d10,,2026-09-11T08:58:31.7716658Z,true,Boolean,77622155-52b6-441d-86ef-4c486b35dc15,String,true,Boolean
acs:77622155-52b6-441d-86ef-4c486b35dc15_0000001b-57fb-3b54-1000-343a0d000eca,,2026-09-11T08:58:01.5508328Z,true,Boolean,77622155-52b6-441d-86ef-4c486b35dc15,String,true,Boolean
acs:77622155-52b6-441d-86ef-4c486b35dc15_0000001b-fcca-cd4f-0d8b-084822008776,,2026-09-11T08:58:36.3610899Z,false,Boolean,77622155-52b6-441d-86ef-4c486b35dc15,String,true,Boolean
acs:77622155-52b6-441d-86ef-4c486b35dc15_0000001b-fcca-ceca-0d8b-084822008778,,2026-09-11T08:58:15.7851556Z,false,Boolean,77622155-52b6-441d-86ef-4c486b35dc15,String,true,Boolean
acs:77622155-52b6-441d-86ef-4c486b35dc15_0000001b-fcca-d007-0d8b-084822008779,,2026-09-11T08:58:15.2643379Z,true,Boolean,77622155-52b6-441d-86ef-4c486b35dc15,String,true,Boolean
acs:77622155-52b6-441d-86ef-4c486b35dc15_0000001b-fcca-d208-d68a-08482200910c,,2026-09-11T08:58:42.120254Z,true,Boolean,77622155-52b6-441d-86ef-4c486b35dc15,String,true,Boolean
acs:77622155-52b6-441d-86ef-4c486b35dc15_0000001b-fcca-d42e-d68a-08482200910d,,2026-09-11T08:58:41.7807034Z,true,Boolean,77622155-52b6-441d-86ef-4c486b35dc15,String,true,Boolean
acs:77622155-52b6-441d-86ef-4c486b35dc15_0000001b-fcca-d56c-ec8d-084822009d07,,2026-09-11T08:58:27.332945Z,false,Boolean,77622155-52b6-441d-86ef-4c486b35dc15,String,true,Boolean
acs:77622155-52b6-441d-86ef-4c486b35dc15_0000001b-fcca-d99d-0d8b-08482200877a,,2026-09-11T08:58:36.0892418Z,true,Boolean,77622155-52b6-441d-86ef-4c486b35dc15,String,true,Boolean
acs:77622155-52b6-441d-86ef-4c486b35dc15_0000001b-fcca-dacd-ec8d-084822009d0b,,2026-09-11T08:58:37.7506311Z,true,Boolean,77622155-52b6-441d-86ef-4c486b35dc15,String,true,Boolean
acs:77622155-52b6-441d-86ef-4c486b35dc15_0000001b-fcca-dc0a-0d8b-08482200877b,,2026-09-11T08:58:34.2786387Z,false,Boolean,77622155-52b6-441d-86ef-4c486b35dc15,String,true,Boolean
acs:77622155-52b6-441d-86ef-4c486b35dc15_0000001b-fcca-dd42-0d8b-08482200877c,,2026-09-11T08:58:16.2518954Z,false,Boolean,77622155-52b6-441d-86ef-4c486b35dc15,String,true,Boolean
acs:77622155-52b6-441d-86ef-4c486b35dc15_0000001b-fcca-de78-0d8b-08482200877d,,2026-09-11T08:58:29.1274764Z,false,Boolean,77622155-52b6-441d-86ef-4c486b35dc15,String,true,Boolean
acs:77622155-52b6-441d-86ef-4c486b35dc15_0000001b-fcca-dfee-ec8d-084822009d0c,,2026-09-11T08:58:08.0796614Z,false,Boolean,77622155-52b6-441d-86ef-4c486b35dc15,String,true,Boolean
acs:77622155-52b6-441d-86ef-4c486b35dc15_0000001b-fcca-e12a-ec8d-084822009d0e,,2026-09-11T08:58:29.4622901Z,true,Boolean,77622155-52b6-441d-86ef-4c486b35dc15,String,true,Boolean
acs:77622155-52b6-441d-86ef-4c486b35dc15_0000001b-fcca-e32d-f6c7-593a0d0074a6,,2026-09-11T08:58:30.1101518Z,false,Boolean,77622155-52b6-441d-86ef-4c486b35dc15,String,true,Boolean
acs:77622155-52b6-441d-86ef-4c486b35dc15_0000001b-fcca-e475-f6c7-593a0d0074a7,,2026-09-11T08:58:25.0059399Z,false,Boolean,77622155-52b6-441d-86ef-4c486b35dc15,String,true,Boolean
acs:77622155-52b6-441d-86ef-4c486b35dc15_0000001b-fcca-e5b2-d68a-084822009112,,2026-09-11T08:58:41.4293477Z,false,Boolean,77622155-52b6-441d-86ef-4c486b35dc15,String,true,Boolean
acs:77622155-52b6-441d-86ef-4c486b35dc15_0000001b-fcca-e6ed-0d8b-08482200877f,,2026-09-11T08:58:30.9966585Z,false,Boolean,77622155-52b6-441d-86ef-4c486b35dc15,String,true,Boolean
acs:77622155-52b6-441d-86ef-4c486b35dc15_0000001b-fcca-ed7c-2c8a-084822005e00,,2026-09-11T08:58:16.4228001Z,false,Boolean,77622155-52b6-441d-86ef-4c486b35dc15,String,true,Boolean
acs:77622155-52b6-441d-86ef-4c486b35dc15_0000001b-fcca-eebc-d68a-084822009113,,2026-09-11T08:58:08.2895456Z,false,Boolean,77622155-52b6-441d-86ef-4c486b35dc15,String,true,Boolean
acs:77622155-52b6-441d-86ef-4c486b35dc15_0000001b-fcca-efda-f6c7-593a0d0074aa,,2026-09-11T08:58:04.958678Z,false,Boolean,77622155-52b6-441d-86ef-4c486b35dc15,String,true,Boolean
acs:77622155-52b6-441d-86ef-4c486b35dc15_0000001b-fcca-f117-d68a-084822009114,,2026-09-11T08:58:25.8991943Z,false,Boolean,77622155-52b6-441d-86ef-4c486b35dc15,String,true,Boolean
acs:77622155-52b6-441d-86ef-4c486b35dc15_0000001b-fcca-f247-f6c7-593a0d0074ab,,2026-09-11T08:58:37.193405Z,false,Boolean,77622155-52b6-441d-86ef-4c486b35dc15,String,true,Boolean
acs:77622155-52b6-441d-86ef-4c486b35dc15_0000001b-fcca-f393-2c8a-084822005e04,,2026-09-11T08:57:58.9897699Z,false,Boolean,77622155-52b6-441d-86ef-4c486b35dc15,String,true,Boolean
acs:77622155-52b6-441d-86ef-4c486b35dc15_0000001b-fcca-f4cf-0d8b-084822008780,,2026-09-11T08:58:20.9581197Z,false,Boolean,77622155-52b6-441d-86ef-4c486b35dc15,String,true,Boolean
acs:77622155-52b6-441d-86ef-4c486b35dc15_0000001b-fcca-f605-e3c7-593a0d0098b0,,2026-09-11T08:57:44.7414479Z,false,Boolean,77622155-52b6-441d-86ef-4c486b35dc15,String,true,Boolean
acs:77622155-52b6-441d-86ef-4c486b35dc15_0000001c-4474-c9bd-f6c7-593a0d00f8ab,,2026-09-11T08:58:38.5843391Z,false,Boolean,77622155-52b6-441d-86ef-4c486b35dc15,String,true,Boolean
acs:77622155-52b6-441d-86ef-4c486b35dc15_0000001c-4474-cc30-f883-08482200e22d,,2026-09-11T08:58:28.0315562Z,true,Boolean,77622155-52b6-441d-86ef-4c486b35dc15,String,true,Boolean
acs:77622155-52b6-441d-86ef-4c486b35dc15_0000001c-4474-ce58-02c3-593a0d00ec6c,,2026-09-11T08:58:11.6988636Z,false,Boolean,77622155-52b6-441d-86ef-4c486b35dc15,String,true,Boolean
acs:77622155-52b6-441d-86ef-4c486b35dc15_0000001c-4474-cf80-f883-08482200e22e,,2026-09-11T08:58:41.5972546Z,true,Boolean,77622155-52b6-441d-86ef-4c486b35dc15,String,true,Boolean
acs:77622155-52b6-441d-86ef-4c486b35dc15_0000001c-4474-d0aa-02c3-593a0d00ec6d,,2026-09-11T08:58:25.9161846Z,false,Boolean,77622155-52b6-441d-86ef-4c486b35dc15,String,true,Boolean
acs:77622155-52b6-441d-86ef-4c486b35dc15_0000001c-4474-d1d6-f883-08482200e230,,2026-09-11T08:58:27.0585555Z,false,Boolean,77622155-52b6-441d-86ef-4c486b35dc15,String,true,Boolean
acs:77622155-52b6-441d-86ef-4c486b35dc15_0000001c-4474-d30a-02c3-593a0d00ec6e,,2026-09-11T08:58:28.5987714Z,false,Boolean,77622155-52b6-441d-86ef-4c486b35dc15,String,true,Boolean
acs:77622155-52b6-441d-86ef-4c486b35dc15_0000001c-4474-d433-f883-08482200e231,,2026-09-11T08:58:30.362012Z,true,Boolean,77622155-52b6-441d-86ef-4c486b35dc15,String,true,Boolean
acs:77622155-52b6-441d-86ef-4c486b35dc15_0000001c-4474-d55c-f883-08482200e232,,2026-09-11T08:58:26.9965899Z,true,Boolean,77622155-52b6-441d-86ef-4c486b35dc15,String,true,Boolean
acs:77622155-52b6-441d-86ef-4c486b35dc15_0000001c-4474-d683-02c3-593a0d00ec6f,,2026-09-11T08:58:38.6443038Z,false,Boolean,77622155-52b6-441d-86ef-4c486b35dc15,String,true,Boolean
acs:77622155-52b6-441d-86ef-4c486b35dc15_0000001c-4474-d7b0-f883-08482200e233,,2026-09-11T08:58:35.8083985Z,true,Boolean,77622155-52b6-441d-86ef-4c486b35dc15,String,true,Boolean
acs:77622155-52b6-441d-86ef-4c486b35dc15_0000001c-4474-d8da-02c3-593a0d00ec70,,2026-09-11T08:58:04.6051506Z,false,Boolean,77622155-52b6-441d-86ef-4c486b35dc15,String,true,Boolean
acs:77622155-52b6-441d-86ef-4c486b35dc15_0000001c-4474-da12-02c3-593a0d00ec71,,2026-09-11T08:58:32.7909472Z,false,Boolean,77622155-52b6-441d-86ef-4c486b35dc15,String,true,Boolean
acs:77622155-52b6-441d-86ef-4c486b35dc15_0000001c-4474-db3a-02c3-593a0d00ec72,,2026-09-11T08:58:34.542491Z,false,Boolean,77622155-52b6-441d-86ef-4c486b35dc15,String,true,Boolean
acs:77622155-52b6-441d-86ef-4c486b35dc15_0000001c-4474-dc69-f883-08482200e234,,2026-09-11T08:58:09.5166813Z,false,Boolean,77622155-52b6-441d-86ef-4c486b35dc15,String,true,Boolean
acs:77622155-52b6-441d-86ef-4c486b35dc15_0000001c-4474-dd96-f883-08482200e237,,2026-09-11T08:58:01.3389513Z,false,Boolean,77622155-52b6-441d-86ef-4c486b35dc15,String,true,Boolean
acs:77622155-52b6-441d-86ef-4c486b35dc15_0000001c-4474-ded6-f883-08482200e238,,2026-09-11T08:58:04.6311358Z,false,Boolean,77622155-52b6-441d-86ef-4c486b35dc15,String,true,Boolean
acs:77622155-52b6-441d-86ef-4c486b35dc15_0000001c-4474-e073-f883-08482200e239,,2026-09-11T08:58:17.6626943Z,false,Boolean,77622155-52b6-441d-86ef-4c486b35dc15,String,true,Boolean
acs:77622155-52b6-441d-86ef-4c486b35dc15_0000001c-4474-e19f-f883-08482200e23a,,2026-09-11T08:58:16.8961216Z,false,Boolean,77622155-52b6-441d-86ef-4c486b35dc15,String,true,Boolean
acs:77622155-52b6-441d-86ef-4c486b35dc15_0000001c-4474-e2d4-f883-08482200e23c,,2026-09-11T08:58:22.5465894Z,false,Boolean,77622155-52b6-441d-86ef-4c486b35dc15,String,true,Boolean
acs:77622155-52b6-441d-86ef-4c486b35dc15_0000001c-4474-e647-02c3-593a0d00ec76,,2026-09-11T08:58:11.1249283Z,false,Boolean,77622155-52b6-441d-86ef-4c486b35dc15,String,true,Boolean
acs:77622155-52b6-441d-86ef-4c486b35dc15_0000001c-4474-e77b-02c3-593a0d00ec77,,2026-09-11T08:58:41.6812075Z,false,Boolean,77622155-52b6-441d-86ef-4c486b35dc15,String,true,Boolean
acs:77622155-52b6-441d-86ef-4c486b35dc15_0000001c-4474-e8be-02c3-593a0d00ec78,,2026-09-11T08:58:31.3558979Z,true,Boolean,77622155-52b6-441d-86ef-4c486b35dc15,String,true,Boolean
acs:77622155-52b6-441d-86ef-4c486b35dc15_0000001c-4474-e9f4-02c3-593a0d00ec79,,2026-09-11T08:58:15.5077512Z,false,Boolean,77622155-52b6-441d-86ef-4c486b35dc15,String,true,Boolean
acs:77622155-52b6-441d-86ef-4c486b35dc15_0000001c-4474-eb2a-02c3-593a0d00ec7a,,2026-09-11T08:57:44.9303423Z,false,Boolean,77622155-52b6-441d-86ef-4c486b35dc15,String,true,Boolean
acs:77622155-52b6-441d-86ef-4c486b35dc15_0000001c-4474-ec5a-02c3-593a0d00ec7b,,2026-09-11T08:58:25.0649066Z,false,Boolean,77622155-52b6-441d-86ef-4c486b35dc15,String,true,Boolean
acs:77622155-52b6-441d-86ef-4c486b35dc15_0000001c-4474-ed97-02c3-593a0d00ec7c,,2026-09-11T08:56:11.1042897Z,false,Boolean,77622155-52b6-441d-86ef-4c486b35dc15,String,true,Boolean
acs:77622155-52b6-441d-86ef-4c486b35dc15_0000001c-4474-eec8-02c3-593a0d00ec7d,,2026-09-11T08:58:28.9605695Z,false,Boolean,77622155-52b6-441d-86ef-4c486b35dc15,String,true,Boolean
acs:77622155-52b6-441d-86ef-4c486b35dc15_0000001c-4474-f001-f883-08482200e240,,2026-09-11T08:58:16.910114Z,false,Boolean,77622155-52b6-441d-86ef-4c486b35dc15,String,true,Boolean
acs:77622155-52b6-441d-86ef-4c486b35dc15_0000001c-4474-f145-02c3-593a0d00ec7e,,2026-09-11T08:58:05.9151449Z,false,Boolean,77622155-52b6-441d-86ef-4c486b35dc15,String,true,Boolean
acs:77622155-52b6-441d-86ef-4c486b35dc15_0000001c-4474-f277-02c3-593a0d00ec7f,,2026-09-11T08:58:33.8571911Z,true,Boolean,77622155-52b6-441d-86ef-4c486b35dc15,String,true,Boolean
acs:77622155-52b6-441d-86ef-4c486b35dc15_0000001c-4474-f3a6-02c3-593a0d00ec80,,2026-09-11T08:58:42.3821081Z,true,Boolean,77622155-52b6-441d-86ef-4c486b35dc15,String,true,Boolean
acs:77622155-52b6-441d-86ef-4c486b35dc15_0000001c-4474-f4cf-f883-08482200e242,,2026-09-11T08:58:10.9650179Z,false,Boolean,77622155-52b6-441d-86ef-4c486b35dc15,String,true,Boolean
acs:77622155-52b6-441d-86ef-4c486b35dc15_0000001c-4474-f5fe-02c3-593a0d00ec81,,2026-09-11T08:58:21.3958759Z,true,Boolean,77622155-52b6-441d-86ef-4c486b35dc15,String,true,Boolean
acs:77622155-52b6-441d-86ef-4c486b35dc15_0000001c-4474-f731-02c3-593a0d00ec82,,2026-09-11T08:58:38.2545211Z,false,Boolean,77622155-52b6-441d-86ef-4c486b35dc15,String,true,Boolean
acs:77622155-52b6-441d-86ef-4c486b35dc15_0000001c-4474-f861-f883-08482200e243,,2026-09-11T08:58:39.0780625Z,true,Boolean,77622155-52b6-441d-86ef-4c486b35dc15,String,true,Boolean
acs:77622155-52b6-441d-86ef-4c486b35dc15_0000001c-4474-fc54-99c6-593a0d00e4cb,,2026-09-11T08:58:34.6004586Z,true,Boolean,77622155-52b6-441d-86ef-4c486b35dc15,String,true,Boolean
acs:77622155-52b6-441d-86ef-4c486b35dc15_0000001c-4474-fdad-f883-08482200e244,,2026-09-11T08:58:07.5359642Z,false,Boolean,77622155-52b6-441d-86ef-4c486b35dc15,String,true,Boolean
acs:77622155-52b6-441d-86ef-4c486b35dc15_0000001c-4474-febb-99c6-593a0d00e4cc,,2026-09-11T08:58:41.8126863Z,false,Boolean,77622155-52b6-441d-86ef-4c486b35dc15,String,true,Boolean
acs:77622155-52b6-441d-86ef-4c486b35dc15_0000001c-4475-001f-f883-08482200e245,,2026-09-11T08:58:14.9175315Z,false,Boolean,77622155-52b6-441d-86ef-4c486b35dc15,String,true,Boolean
acs:77622155-52b6-441d-86ef-4c486b35dc15_0000001c-4475-0474-0d8b-084822000177,,2026-09-11T08:58:24.5017166Z,false,Boolean,77622155-52b6-441d-86ef-4c486b35dc15,String,true,Boolean
acs:77622155-52b6-441d-86ef-4c486b35dc15_0000001c-4475-0644-02c3-593a0d00ec84,,2026-09-11T08:58:17.3248826Z,false,Boolean,77622155-52b6-441d-86ef-4c486b35dc15,String,true,Boolean
acs:77622155-52b6-441d-86ef-4c486b35dc15_0000001c-4475-0779-0d8b-084822000178,,2026-09-11T08:58:28.9725627Z,false,Boolean,77622155-52b6-441d-86ef-4c486b35dc15,String,true,Boolean
acs:77622155-52b6-441d-86ef-4c486b35dc15_0000001c-4475-08a5-02c3-593a0d00ec85,,2026-09-11T08:58:19.8077954Z,true,Boolean,77622155-52b6-441d-86ef-4c486b35dc15,String,true,Boolean
acs:77622155-52b6-441d-86ef-4c486b35dc15_0000001c-4475-09ca-f883-08482200e249,,2026-09-11T08:58:05.3004874Z,false,Boolean,77622155-52b6-441d-86ef-4c486b35dc15,String,true,Boolean
acs:77622155-52b6-441d-86ef-4c486b35dc15_0000001c-4475-0afb-0d8b-08482200017a,,2026-09-11T08:57:44.520571Z,false,Boolean,77622155-52b6-441d-86ef-4c486b35dc15,String,true,Boolean
acs:77622155-52b6-441d-86ef-4c486b35dc15_0000001c-4475-0c25-02c3-593a0d00ec86,,2026-09-11T08:58:29.1864439Z,false,Boolean,77622155-52b6-441d-86ef-4c486b35dc15,String,true,Boolean
acs:77622155-52b6-441d-86ef-4c486b35dc15_0000001c-4475-0d1c-99c6-593a0d00e4cd,,2026-09-11T08:58:30.0012124Z,true,Boolean,77622155-52b6-441d-86ef-4c486b35dc15,String,true,Boolean
acs:77622155-52b6-441d-86ef-4c486b35dc15_0000001c-4475-0e80-0d8b-08482200017b,,2026-09-11T08:58:17.3198859Z,false,Boolean,77622155-52b6-441d-86ef-4c486b35dc15,String,true,Boolean
acs:77622155-52b6-441d-86ef-4c486b35dc15_0000001c-4475-0f86-99c6-593a0d00e4cf,,2026-09-11T08:58:36.8805793Z,false,Boolean,77622155-52b6-441d-86ef-4c486b35dc15,String,true,Boolean
acs:77622155-52b6-441d-86ef-4c486b35dc15_00000022-2f87-ee95-0d8b-084822007116,,2026-09-11T08:58:05.563341Z,false,Boolean,77622155-52b6-441d-86ef-4c486b35dc15,String,true,Boolean
acs:77622155-52b6-441d-86ef-4c486b35dc15_00000022-2f87-ef63-0d8b-084822007117,,2026-09-11T08:58:06.2055669Z,false,Boolean,77622155-52b6-441d-86ef-4c486b35dc15,String,true,Boolean
acs:77622155-52b6-441d-86ef-4c486b35dc15_00000022-2f87-efed-0d8b-084822007118,,2026-09-11T08:58:13.6865969Z,false,Boolean,77622155-52b6-441d-86ef-4c486b35dc15,String,true,Boolean
acs:77622155-52b6-441d-86ef-4c486b35dc15_00000022-2f87-f06c-0d8b-084822007119,,2026-09-11T08:58:08.273553Z,false,Boolean,77622155-52b6-441d-86ef-4c486b35dc15,String,true,Boolean
acs:77622155-52b6-441d-86ef-4c486b35dc15_00000022-2f87-f12e-0d8b-08482200711a,,2026-09-11T08:58:20.1486053Z,false,Boolean,77622155-52b6-441d-86ef-4c486b35dc15,String,true,Boolean
acs:77622155-52b6-441d-86ef-4c486b35dc15_00000022-2f87-f1d8-0d8b-08482200711b,,2026-09-11T08:58:15.1963763Z,false,Boolean,77622155-52b6-441d-86ef-4c486b35dc15,String,true,Boolean
acs:77622155-52b6-441d-86ef-4c486b35dc15_00000022-2f87-f2f9-0d8b-08482200711c,,2026-09-11T08:58:05.1795548Z,false,Boolean,77622155-52b6-441d-86ef-4c486b35dc15,String,true,Boolean
acs:77622155-52b6-441d-86ef-4c486b35dc15_00000022-2f87-f3a0-0d8b-08482200711d,,2026-09-11T08:58:13.4737154Z,false,Boolean,77622155-52b6-441d-86ef-4c486b35dc15,String,true,Boolean
acs:77622155-52b6-441d-86ef-4c486b35dc15_00000022-2f87-f440-0d8b-08482200711e,,2026-09-11T08:58:12.8880419Z,false,Boolean,77622155-52b6-441d-86ef-4c486b35dc15,String,true,Boolean
acs:77622155-52b6-441d-86ef-4c486b35dc15_00000022-2f87-f4fc-0d8b-08482200711f,,2026-09-11T08:58:27.5908016Z,true,Boolean,77622155-52b6-441d-86ef-4c486b35dc15,String,true,Boolean
acs:77622155-52b6-441d-86ef-4c486b35dc15_00000022-2f87-f5b7-0d8b-084822007120,,2026-09-11T08:57:38.7150351Z,false,Boolean,77622155-52b6-441d-86ef-4c486b35dc15,String,true,Boolean
acs:77622155-52b6-441d-86ef-4c486b35dc15_00000022-2f87-f65d-0d8b-084822007121,,2026-09-11T08:58:16.6676636Z,false,Boolean,77622155-52b6-441d-86ef-4c486b35dc15,String,true,Boolean
acs:77622155-52b6-441d-86ef-4c486b35dc15_00000022-2f87-f719-0d8b-084822007122,,2026-09-11T08:58:29.9172594Z,false,Boolean,77622155-52b6-441d-86ef-4c486b35dc15,String,true,Boolean
acs:77622155-52b6-441d-86ef-4c486b35dc15_00000022-2f87-f7b0-0d8b-084822007123,,2026-09-11T08:58:18.4979807Z,false,Boolean,77622155-52b6-441d-86ef-4c486b35dc15,String,true,Boolean
acs:77622155-52b6-441d-86ef-4c486b35dc15_00000022-2f87-f880-0d8b-084822007124,,2026-09-11T08:58:18.9657194Z,false,Boolean,77622155-52b6-441d-86ef-4c486b35dc15,String,true,Boolean
acs:77622155-52b6-441d-86ef-4c486b35dc15_00000022-2f87-f93c-0d8b-084822007125,,2026-09-11T08:58:40.2876232Z,true,Boolean,77622155-52b6-441d-86ef-4c486b35dc15,String,true,Boolean
acs:77622155-52b6-441d-86ef-4c486b35dc15_00000022-2f87-f9ec-0d8b-084822007126,,2026-09-11T08:57:54.5344788Z,false,Boolean,77622155-52b6-441d-86ef-4c486b35dc15,String,true,Boolean
acs:77622155-52b6-441d-86ef-4c486b35dc15_00000022-2f87-fa85-0d8b-084822007127,,2026-09-11T08:58:40.7717142Z,true,Boolean,77622155-52b6-441d-86ef-4c486b35dc15,String,true,Boolean
acs:77622155-52b6-441d-86ef-4c486b35dc15_00000022-2f87-fb1a-0d8b-084822007128,,2026-09-11T08:58:33.6344779Z,false,Boolean,77622155-52b6-441d-86ef-4c486b35dc15,String,true,Boolean
acs:77622155-52b6-441d-86ef-4c486b35dc15_00000022-2f87-fbc8-0d8b-084822007129,,2026-09-11T08:58:22.2367628Z,false,Boolean,77622155-52b6-441d-86ef-4c486b35dc15,String,true,Boolean
acs:77622155-52b6-441d-86ef-4c486b35dc15_00000022-2f87-fc7a-0d8b-08482200712a,,2026-09-11T08:58:15.3093137Z,false,Boolean,77622155-52b6-441d-86ef-4c486b35dc15,String,true,Boolean
acs:77622155-52b6-441d-86ef-4c486b35dc15_00000022-2f87-fd18-0d8b-08482200712b,,2026-09-11T08:58:02.5353735Z,false,Boolean,77622155-52b6-441d-86ef-4c486b35dc15,String,true,Boolean
acs:77622155-52b6-441d-86ef-4c486b35dc15_00000022-2f87-fdd7-0d8b-08482200712c,,2026-09-11T08:58:15.7042003Z,false,Boolean,77622155-52b6-441d-86ef-4c486b35dc15,String,true,Boolean
acs:77622155-52b6-441d-86ef-4c486b35dc15_00000022-2f87-fe70-0d8b-08482200712d,,2026-09-11T08:58:42.5500143Z,true,Boolean,77622155-52b6-441d-86ef-4c486b35dc15,String,true,Boolean
acs:77622155-52b6-441d-86ef-4c486b35dc15_00000022-2f87-ff49-0d8b-08482200712e,,2026-09-11T08:58:12.0166869Z,false,Boolean,77622155-52b6-441d-86ef-4c486b35dc15,String,true,Boolean
acs:77622155-52b6-441d-86ef-4c486b35dc15_00000022-2f87-ffee-0d8b-08482200712f,,2026-09-11T08:58:18.250119Z,false,Boolean,77622155-52b6-441d-86ef-4c486b35dc15,String,true,Boolean
acs:77622155-52b6-441d-86ef-4c486b35dc15_00000022-2f88-00a1-0d8b-084822007130,,2026-09-11T08:58:29.3313637Z,false,Boolean,77622155-52b6-441d-86ef-4c486b35dc15,String,true,Boolean
acs:77622155-52b6-441d-86ef-4c486b35dc15_00000022-2f88-0169-f6c7-593a0d007d67,,2026-09-11T08:58:41.7331782Z,true,Boolean,77622155-52b6-441d-86ef-4c486b35dc15,String,true,Boolean
acs:77622155-52b6-441d-86ef-4c486b35dc15_00000022-2f88-0212-f6c7-593a0d007d68,,2026-09-11T08:58:34.8273322Z,false,Boolean,77622155-52b6-441d-86ef-4c486b35dc15,String,true,Boolean
acs:77622155-52b6-441d-86ef-4c486b35dc15_00000022-2f88-02b4-f6c7-593a0d007d69,,2026-09-11T08:58:31.7566746Z,false,Boolean,77622155-52b6-441d-86ef-4c486b35dc15,String,true,Boolean
acs:77622155-52b6-441d-86ef-4c486b35dc15_00000022-2f88-034b-f6c7-593a0d007d6a,,2026-09-11T08:58:34.2906313Z,true,Boolean,77622155-52b6-441d-86ef-4c486b35dc15,String,true,Boolean
acs:77622155-52b6-441d-86ef-4c486b35dc15_00000022-2f88-03e8-f6c7-593a0d007d6b,,2026-09-11T08:57:58.8678377Z,false,Boolean,77622155-52b6-441d-86ef-4c486b35dc15,String,true,Boolean
acs:77622155-52b6-441d-86ef-4c486b35dc15_00000022-2f88-047c-f6c7-593a0d007d6c,,2026-09-11T08:58:17.4518113Z,false,Boolean,77622155-52b6-441d-86ef-4c486b35dc15,String,true,Boolean
acs:77622155-52b6-441d-86ef-4c486b35dc15_00000022-2f88-0529-f6c7-593a0d007d6f,,2026-09-11T08:57:44.1887555Z,false,Boolean,77622155-52b6-441d-86ef-4c486b35dc15,String,true,Boolean
acs:77622155-52b6-441d-86ef-4c486b35dc15_00000022-2f88-05c6-f6c7-593a0d007d70,,2026-09-11T08:58:36.6656989Z,true,Boolean,77622155-52b6-441d-86ef-4c486b35dc15,String,true,Boolean
acs:77622155-52b6-441d-86ef-4c486b35dc15_00000022-2f88-0680-f6c7-593a0d007d71,,2026-09-11T08:58:15.5632794Z,false,Boolean,77622155-52b6-441d-86ef-4c486b35dc15,String,true,Boolean
acs:77622155-52b6-441d-86ef-4c486b35dc15_00000022-2f88-0737-f6c7-593a0d007d72,,2026-09-11T08:58:22.6935075Z,false,Boolean,77622155-52b6-441d-86ef-4c486b35dc15,String,true,Boolean
acs:77622155-52b6-441d-86ef-4c486b35dc15_00000022-2f88-07d1-f6c7-593a0d007d73,,2026-09-11T08:58:31.2199699Z,true,Boolean,77622155-52b6-441d-86ef-4c486b35dc15,String,true,Boolean
acs:77622155-52b6-441d-86ef-4c486b35dc15_00000022-2f88-0863-f6c7-593a0d007d74,,2026-09-11T08:58:19.4849746Z,false,Boolean,77622155-52b6-441d-86ef-4c486b35dc15,String,true,Boolean
acs:77622155-52b6-441d-86ef-4c486b35dc15_00000022-2f88-08f5-f6c7-593a0d007d75,,2026-09-11T08:58:02.7112754Z,false,Boolean,77622155-52b6-441d-86ef-4c486b35dc15,String,true,Boolean
acs:77622155-52b6-441d-86ef-4c486b35dc15_00000022-2f88-0989-f6c7-593a0d007d76,,2026-09-11T08:58:14.7286367Z,true,Boolean,77622155-52b6-441d-86ef-4c486b35dc15,String,true,Boolean
acs:77622155-52b6-441d-86ef-4c486b35dc15_00000022-2f88-0a26-f6c7-593a0d007d77,,2026-09-11T08:58:40.357584Z,true,Boolean,77622155-52b6-441d-86ef-4c486b35dc15,String,true,Boolean
acs:77622155-52b6-441d-86ef-4c486b35dc15_00000022-2f88-0ac3-f6c7-593a0d007d78,,2026-09-11T08:58:30.1901075Z,true,Boolean,77622155-52b6-441d-86ef-4c486b35dc15,String,true,Boolean
acs:77622155-52b6-441d-86ef-4c486b35dc15_00000022-2f88-0b63-f6c7-593a0d007d79,,2026-09-11T08:58:10.484285Z,false,Boolean,77622155-52b6-441d-86ef-4c486b35dc15,String,true,Boolean
acs:77622155-52b6-441d-86ef-4c486b35dc15_00000022-2f88-0cb8-f6c7-593a0d007d7a,,2026-09-11T08:58:41.3793759Z,true,Boolean,77622155-52b6-441d-86ef-4c486b35dc15,String,true,Boolean
acs:77622155-52b6-441d-86ef-4c486b35dc15_00000022-2f88-0d4a-f6c7-593a0d007d7b,,2026-09-11T08:58:25.5936131Z,false,Boolean,77622155-52b6-441d-86ef-4c486b35dc15,String,true,Boolean
acs:77622155-52b6-441d-86ef-4c486b35dc15_00000022-2f88-0df2-f6c7-593a0d007d7c,,2026-09-11T08:58:29.7671197Z,false,Boolean,77622155-52b6-441d-86ef-4c486b35dc15,String,true,Boolean
acs:77622155-52b6-441d-86ef-4c486b35dc15_00000022-2f88-0e78-f6c7-593a0d007d7d,,2026-09-11T08:58:32.9378657Z,false,Boolean,77622155-52b6-441d-86ef-4c486b35dc15,String,true,Boolean
acs:77622155-52b6-441d-86ef-4c486b35dc15_00000022-2f88-0f1c-f6c7-593a0d007d7e,,2026-09-11T08:57:58.6189768Z,false,Boolean,77622155-52b6-441d-86ef-4c486b35dc15,String,true,Boolean
acs:77622155-52b6-441d-86ef-4c486b35dc15_00000022-2f88-0fc9-f6c7-593a0d007d7f,,2026-09-11T08:58:33.1167692Z,false,Boolean,77622155-52b6-441d-86ef-4c486b35dc15,String,true,Boolean
acs:77622155-52b6-441d-86ef-4c486b35dc15_00000022-2f88-1066-f6c7-593a0d007d80,,2026-09-11T08:58:15.1294134Z,false,Boolean,77622155-52b6-441d-86ef-4c486b35dc15,String,true,Boolean
acs:77622155-52b6-441d-86ef-4c486b35dc15_00000022-2f88-10f8-f6c7-593a0d007d81,,2026-09-11T08:58:41.5892585Z,true,Boolean,77622155-52b6-441d-86ef-4c486b35dc15,String,true,Boolean
acs:77622155-52b6-441d-86ef-4c486b35dc15_00000022-2f88-1185-f6c7-593a0d007d83,,2026-09-11T08:58:17.1919561Z,false,Boolean,77622155-52b6-441d-86ef-4c486b35dc15,String,true,Boolean
acs:77622155-52b6-441d-86ef-4c486b35dc15_00000022-2f88-1212-f6c7-593a0d007d84,,2026-09-11T08:58:10.4333135Z,false,Boolean,77622155-52b6-441d-86ef-4c486b35dc15,String,true,Boolean
acs:77622155-52b6-441d-86ef-4c486b35dc15_00000022-2f88-1297-f6c7-593a0d007d85,,2026-09-11T08:58:28.6597374Z,false,Boolean,77622155-52b6-441d-86ef-4c486b35dc15,String,true,Boolean
acs:77622155-52b6-441d-86ef-4c486b35dc15_00000022-2f88-1333-f6c7-593a0d007d86,,2026-09-11T08:58:41.8772059Z,true,Boolean,77622155-52b6-441d-86ef-4c486b35dc15,String,true,Boolean
acs:77622155-52b6-441d-86ef-4c486b35dc15_00000022-2f88-13c1-f6c7-593a0d007d87,,2026-09-11T08:58:27.3159548Z,true,Boolean,77622155-52b6-441d-86ef-4c486b35dc15,String,true,Boolean
acs:77622155-52b6-441d-86ef-4c486b35dc15_00000022-2f88-145e-f6c7-593a0d007d88,,2026-09-11T08:58:40.8646624Z,true,Boolean,77622155-52b6-441d-86ef-4c486b35dc15,String,true,Boolean
acs:77622155-52b6-441d-86ef-4c486b35dc15_00000022-2f88-14f2-f6c7-593a0d007d89,,2026-09-11T08:58:17.9055593Z,false,Boolean,77622155-52b6-441d-86ef-4c486b35dc15,String,true,Boolean
acs:77622155-52b6-441d-86ef-4c486b35dc15_00000022-2f88-158c-f6c7-593a0d007d8a,,2026-09-11T08:58:24.484726Z,false,Boolean,77622155-52b6-441d-86ef-4c486b35dc15,String,true,Boolean
acs:77622155-52b6-441d-86ef-4c486b35dc15_00000022-2f88-1610-f6c7-593a0d007d8b,,2026-09-11T08:57:56.5413141Z,false,Boolean,77622155-52b6-441d-86ef-4c486b35dc15,String,true,Boolean
acs:77622155-52b6-441d-86ef-4c486b35dc15_00000022-2f88-16b0-f6c7-593a0d007d8c,,2026-09-11T08:58:31.9315766Z,false,Boolean,77622155-52b6-441d-86ef-4c486b35dc15,String,true,Boolean
acs:77622155-52b6-441d-86ef-4c486b35dc15_00000022-2f88-174c-f6c7-593a0d007d8d,,2026-09-11T08:58:17.1899583Z,false,Boolean,77622155-52b6-441d-86ef-4c486b35dc15,String,true,Boolean
acs:77622155-52b6-441d-86ef-4c486b35dc15_00000022-2f88-17e3-f6c7-593a0d007d8e,,2026-09-11T08:58:33.4116016Z,false,Boolean,77622155-52b6-441d-86ef-4c486b35dc15,String,true,Boolean
acs:77622155-52b6-441d-86ef-4c486b35dc15_00000022-2f88-1889-f6c7-593a0d007d8f,,2026-09-11T08:57:39.2687259Z,false,Boolean,77622155-52b6-441d-86ef-4c486b35dc15,String,true,Boolean
acs:77622155-52b6-441d-86ef-4c486b35dc15_00000022-2f88-193e-f6c7-593a0d007d90,,2026-09-11T08:57:38.1487269Z,false,Boolean,77622155-52b6-441d-86ef-4c486b35dc15,String,true,Boolean
acs:77622155-52b6-441d-86ef-4c486b35dc15_00000022-2f88-19db-f6c7-593a0d007d91,,2026-09-11T08:58:07.4424681Z,false,Boolean,77622155-52b6-441d-86ef-4c486b35dc15,String,true,Boolean
acs:77622155-52b6-441d-86ef-4c486b35dc15_00000022-2f88-1a6d-f6c7-593a0d007d92,,2026-09-11T08:58:41.2464498Z,true,Boolean,77622155-52b6-441d-86ef-4c486b35dc15,String,true,Boolean
acs:77622155-52b6-441d-86ef-4c486b35dc15_00000022-2f88-1af9-f6c7-593a0d007d93,,2026-09-11T08:58:05.3184773Z,false,Boolean,77622155-52b6-441d-86ef-4c486b35dc15,String,true,Boolean
acs:77622155-52b6-441d-86ef-4c486b35dc15_00000022-2f88-1b79-f6c7-593a0d007d94,,2026-09-11T08:58:17.5007845Z,false,Boolean,77622155-52b6-441d-86ef-4c486b35dc15,String,true,Boolean
acs:77622155-52b6-441d-86ef-4c486b35dc15_00000022-3047-be00-99c6-593a0d00bac2,,2026-09-11T08:58:13.6346256Z,false,Boolean,77622155-52b6-441d-86ef-4c486b35dc15,String,true,Boolean
acs:77622155-52b6-441d-86ef-4c486b35dc15_00000022-3047-c137-2c8a-08482200a359,,2026-09-11T08:58:26.4738811Z,false,Boolean,77622155-52b6-441d-86ef-4c486b35dc15,String,true,Boolean
acs:77622155-52b6-441d-86ef-4c486b35dc15_00000022-3047-c1f9-0d8b-08482200a4ce,,2026-09-11T08:58:17.3418734Z,false,Boolean,77622155-52b6-441d-86ef-4c486b35dc15,String,true,Boolean
acs:77622155-52b6-441d-86ef-4c486b35dc15_00000022-3047-c2bd-f6c7-593a0d00b733,,2026-09-11T08:58:40.7747125Z,true,Boolean,77622155-52b6-441d-86ef-4c486b35dc15,String,true,Boolean
acs:77622155-52b6-441d-86ef-4c486b35dc15_00000022-3047-c38e-0d8b-08482200a4cf,,2026-09-11T08:58:25.9871535Z,false,Boolean,77622155-52b6-441d-86ef-4c486b35dc15,String,true,Boolean
acs:77622155-52b6-441d-86ef-4c486b35dc15_00000022-3047-c454-99c6-593a0d00bac3,,2026-09-11T08:58:19.9677063Z,true,Boolean,77622155-52b6-441d-86ef-4c486b35dc15,String,true,Boolean
acs:77622155-52b6-441d-86ef-4c486b35dc15_00000022-3047-c519-02c3-593a0d00b391,,2026-09-11T08:58:17.474799Z,false,Boolean,77622155-52b6-441d-86ef-4c486b35dc15,String,true,Boolean
acs:77622155-52b6-441d-86ef-4c486b35dc15_00000022-3047-c5f7-02c3-593a0d00b392,,2026-09-11T08:58:17.4448155Z,false,Boolean,77622155-52b6-441d-86ef-4c486b35dc15,String,true,Boolean
acs:77622155-52b6-441d-86ef-4c486b35dc15_00000022-3047-c6ab-e3c7-593a0d00c837,,2026-09-11T08:58:16.0799911Z,false,Boolean,77622155-52b6-441d-86ef-4c486b35dc15,String,true,Boolean
acs:77622155-52b6-441d-86ef-4c486b35dc15_00000022-3047-c768-e3c7-593a0d00c838,,2026-09-11T08:58:34.7183928Z,true,Boolean,77622155-52b6-441d-86ef-4c486b35dc15,String,true,Boolean
acs:77622155-52b6-441d-86ef-4c486b35dc15_00000022-3047-c813-ec8d-08482200b8b7,,2026-09-11T08:58:36.9085634Z,false,Boolean,77622155-52b6-441d-86ef-4c486b35dc15,String,true,Boolean
acs:77622155-52b6-441d-86ef-4c486b35dc15_00000022-3047-c8db-f883-08482200b1cd,,2026-09-11T08:58:21.6547312Z,false,Boolean,77622155-52b6-441d-86ef-4c486b35dc15,String,true,Boolean
acs:77622155-52b6-441d-86ef-4c486b35dc15_00000022-3047-c985-e3c7-593a0d00c839,,2026-09-11T08:58:39.2036367Z,true,Boolean,77622155-52b6-441d-86ef-4c486b35dc15,String,true,Boolean
acs:77622155-52b6-441d-86ef-4c486b35dc15_00000022-3047-ca3f-28c5-593a0d00b59f,,2026-09-11T08:58:11.0929464Z,true,Boolean,77622155-52b6-441d-86ef-4c486b35dc15,String,true,Boolean
acs:77622155-52b6-441d-86ef-4c486b35dc15_00000022-3047-caea-02c3-593a0d00b394,,2026-09-11T08:58:14.9834944Z,false,Boolean,77622155-52b6-441d-86ef-4c486b35dc15,String,true,Boolean
acs:77622155-52b6-441d-86ef-4c486b35dc15_00000022-3047-cb9d-02c3-593a0d00b396,,2026-09-11T08:58:15.1154235Z,false,Boolean,77622155-52b6-441d-86ef-4c486b35dc15,String,true,Boolean
acs:77622155-52b6-441d-86ef-4c486b35dc15_00000022-3047-cc44-f883-08482200b1ce,,2026-09-11T08:58:42.2681711Z,true,Boolean,77622155-52b6-441d-86ef-4c486b35dc15,String,true,Boolean
acs:77622155-52b6-441d-86ef-4c486b35dc15_00000022-3047-ccfb-e3c7-593a0d00c83a,,2026-09-11T08:58:12.8734872Z,false,Boolean,77622155-52b6-441d-86ef-4c486b35dc15,String,true,Boolean
acs:77622155-52b6-441d-86ef-4c486b35dc15_00000022-3047-cdc4-ec8d-08482200b8b8,,2026-09-11T08:58:15.4527819Z,false,Boolean,77622155-52b6-441d-86ef-4c486b35dc15,String,true,Boolean
acs:77622155-52b6-441d-86ef-4c486b35dc15_00000022-3047-ce8d-02c3-593a0d00b397,,2026-09-11T08:57:39.5815518Z,false,Boolean,77622155-52b6-441d-86ef-4c486b35dc15,String,true,Boolean
acs:77622155-52b6-441d-86ef-4c486b35dc15_00000022-3047-cf32-28c5-593a0d00b5a0,,2026-09-11T08:58:38.6692901Z,true,Boolean,77622155-52b6-441d-86ef-4c486b35dc15,String,true,Boolean
acs:77622155-52b6-441d-86ef-4c486b35dc15_00000022-3047-cffa-02c3-593a0d00b39a,,2026-09-11T08:58:16.6906505Z,false,Boolean,77622155-52b6-441d-86ef-4c486b35dc15,String,true,Boolean
acs:77622155-52b6-441d-86ef-4c486b35dc15_00000022-3047-d0dd-f883-08482200b1d0,,2026-09-11T08:58:38.0866148Z,false,Boolean,77622155-52b6-441d-86ef-4c486b35dc15,String,true,Boolean
acs:77622155-52b6-441d-86ef-4c486b35dc15_00000022-3047-d1a6-ec8d-08482200b8bc,,2026-09-11T08:58:40.5898161Z,true,Boolean,77622155-52b6-441d-86ef-4c486b35dc15,String,true,Boolean
acs:77622155-52b6-441d-86ef-4c486b35dc15_00000022-3047-d250-0d8b-08482200a4d3,,2026-09-11T08:58:08.5444018Z,false,Boolean,77622155-52b6-441d-86ef-4c486b35dc15,String,true,Boolean
acs:77622155-52b6-441d-86ef-4c486b35dc15_00000022-3047-d2f4-0d8b-08482200a4d4,,2026-09-11T08:58:26.7127481Z,true,Boolean,77622155-52b6-441d-86ef-4c486b35dc15,String,true,Boolean
acs:77622155-52b6-441d-86ef-4c486b35dc15_00000022-3047-d3bf-99c6-593a0d00bac6,,2026-09-11T08:58:22.9583602Z,true,Boolean,77622155-52b6-441d-86ef-4c486b35dc15,String,true,Boolean
acs:77622155-52b6-441d-86ef-4c486b35dc15_00000022-3047-d489-d68a-08482200b95a,,2026-09-11T08:58:33.8861747Z,false,Boolean,77622155-52b6-441d-86ef-4c486b35dc15,String,true,Boolean
acs:77622155-52b6-441d-86ef-4c486b35dc15_00000022-3047-d53d-2c8a-08482200a35e,,2026-09-11T08:58:06.743858Z,false,Boolean,77622155-52b6-441d-86ef-4c486b35dc15,String,true,Boolean
acs:77622155-52b6-441d-86ef-4c486b35dc15_00000022-3047-d60f-d68a-08482200b95b,,2026-09-11T08:57:24.6522708Z,false,Boolean,77622155-52b6-441d-86ef-4c486b35dc15,String,true,Boolean
acs:77622155-52b6-441d-86ef-4c486b35dc15_00000022-3047-d6c9-2c8a-08482200a35f,,2026-09-11T08:58:16.9380981Z,false,Boolean,77622155-52b6-441d-86ef-4c486b35dc15,String,true,Boolean
acs:77622155-52b6-441d-86ef-4c486b35dc15_00000022-3047-d76e-f6c7-593a0d00b737,,2026-09-11T08:58:01.9376171Z,false,Boolean,77622155-52b6-441d-86ef-4c486b35dc15,String,true,Boolean
acs:77622155-52b6-441d-86ef-4c486b35dc15_00000022-3047-d824-2c8a-08482200a360,,2026-09-11T08:58:16.5447322Z,false,Boolean,77622155-52b6-441d-86ef-4c486b35dc15,String,true,Boolean
acs:77622155-52b6-441d-86ef-4c486b35dc15_00000022-3047-d8c4-d68a-08482200b95d,,2026-09-11T08:58:42.4620632Z,false,Boolean,77622155-52b6-441d-86ef-4c486b35dc15,String,true,Boolean
acs:77622155-52b6-441d-86ef-4c486b35dc15_00000022-3047-d979-99c6-593a0d00bac8,,2026-09-11T08:58:42.7319133Z,true,Boolean,77622155-52b6-441d-86ef-4c486b35dc15,String,true,Boolean
acs:77622155-52b6-441d-86ef-4c486b35dc15_00000022-3047-da32-99c6-593a0d00bac9,,2026-09-11T08:58:03.3019464Z,false,Boolean,77622155-52b6-441d-86ef-4c486b35dc15,String,true,Boolean
acs:77622155-52b6-441d-86ef-4c486b35dc15_00000022-3047-daf5-f6c7-593a0d00b738,,2026-09-11T08:58:13.6196337Z,false,Boolean,77622155-52b6-441d-86ef-4c486b35dc15,String,true,Boolean
acs:77622155-52b6-441d-86ef-4c486b35dc15_00000022-3047-dbf1-99c6-593a0d00baca,,2026-09-11T08:58:40.5678277Z,true,Boolean,77622155-52b6-441d-86ef-4c486b35dc15,String,true,Boolean
acs:77622155-52b6-441d-86ef-4c486b35dc15_00000022-3047-dca1-d68a-08482200b95e,,2026-09-11T08:58:41.8712082Z,true,Boolean,77622155-52b6-441d-86ef-4c486b35dc15,String,true,Boolean
acs:77622155-52b6-441d-86ef-4c486b35dc15_00000022-3047-dd4c-2c8a-08482200a363,,2026-09-11T08:58:41.7757065Z,true,Boolean,77622155-52b6-441d-86ef-4c486b35dc15,String,true,Boolean
acs:77622155-52b6-441d-86ef-4c486b35dc15_00000022-3047-ddec-2c8a-08482200a364,,2026-09-11T08:58:09.7365591Z,false,Boolean,77622155-52b6-441d-86ef-4c486b35dc15,String,true,Boolean
acs:77622155-52b6-441d-86ef-4c486b35dc15_00000022-3047-deae-f6c7-593a0d00b73b,,2026-09-11T08:58:40.2766292Z,true,Boolean,77622155-52b6-441d-86ef-4c486b35dc15,String,true,Boolean
acs:77622155-52b6-441d-86ef-4c486b35dc15_00000022-3047-df5e-0d8b-08482200a4d6,,2026-09-11T08:58:04.3333015Z,false,Boolean,77622155-52b6-441d-86ef-4c486b35dc15,String,true,Boolean
acs:77622155-52b6-441d-86ef-4c486b35dc15_00000022-3047-e006-d68a-08482200b960,,2026-09-11T08:58:11.6319014Z,false,Boolean,77622155-52b6-441d-86ef-4c486b35dc15,String,true,Boolean
acs:77622155-52b6-441d-86ef-4c486b35dc15_00000022-3047-e0ca-f6c7-593a0d00b73c,,2026-09-11T08:58:18.3610567Z,false,Boolean,77622155-52b6-441d-86ef-4c486b35dc15,String,true,Boolean
acs:77622155-52b6-441d-86ef-4c486b35dc15_00000022-3047-e169-99c6-593a0d00bacd,,2026-09-11T08:58:16.5897069Z,false,Boolean,77622155-52b6-441d-86ef-4c486b35dc15,String,true,Boolean
acs:77622155-52b6-441d-86ef-4c486b35dc15_00000022-3047-e21d-0d8b-08482200a4d7,,2026-09-11T08:58:38.461406Z,false,Boolean,77622155-52b6-441d-86ef-4c486b35dc15,String,true,Boolean
acs:77622155-52b6-441d-86ef-4c486b35dc15_00000022-3047-e2cc-d68a-08482200b961,,2026-09-11T08:58:17.1899583Z,false,Boolean,77622155-52b6-441d-86ef-4c486b35dc15,String,true,Boolean
acs:77622155-52b6-441d-86ef-4c486b35dc15_00000022-3047-e38e-99c6-593a0d00bace,,2026-09-11T08:58:15.9960379Z,false,Boolean,77622155-52b6-441d-86ef-4c486b35dc15,String,true,Boolean
acs:77622155-52b6-441d-86ef-4c486b35dc15_00000022-3047-e434-99c6-593a0d00bacf,,2026-09-11T08:57:57.0811885Z,false,Boolean,77622155-52b6-441d-86ef-4c486b35dc15,String,true,Boolean
acs:77622155-52b6-441d-86ef-4c486b35dc15_00000022-3047-e4cd-f6c7-593a0d00b73d,,2026-09-11T08:58:42.5140347Z,true,Boolean,77622155-52b6-441d-86ef-4c486b35dc15,String,true,Boolean
acs:77622155-52b6-441d-86ef-4c486b35dc15_00000022-3047-e584-99c6-593a0d00bad0,,2026-09-11T08:58:23.4732901Z,false,Boolean,77622155-52b6-441d-86ef-4c486b35dc15,String,true,Boolean
acs:77622155-52b6-441d-86ef-4c486b35dc15_00000022-3047-e6b8-28c5-593a0d00b5a2,,2026-09-11T08:58:25.7065504Z,false,Boolean,77622155-52b6-441d-86ef-4c486b35dc15,String,true,Boolean
acs:77622155-52b6-441d-86ef-4c486b35dc15_00000022-3047-e752-e3c7-593a0d00c83d,,2026-09-11T08:58:02.1215157Z,false,Boolean,77622155-52b6-441d-86ef-4c486b35dc15,String,true,Boolean
acs:77622155-52b6-441d-86ef-4c486b35dc15_00000022-3047-e80e-02c3-593a0d00b39d,,2026-09-11T08:58:30.5259205Z,false,Boolean,77622155-52b6-441d-86ef-4c486b35dc15,String,true,Boolean
acs:77622155-52b6-441d-86ef-4c486b35dc15_00000022-3047-e8d3-28c5-593a0d00b5a4,,2026-09-11T08:58:41.4893148Z,true,Boolean,77622155-52b6-441d-86ef-4c486b35dc15,String,true,Boolean
acs:77622155-52b6-441d-86ef-4c486b35dc15_00000022-3047-e99c-ec8d-08482200b8c1,,2026-09-11T08:57:26.1042316Z,false,Boolean,77622155-52b6-441d-86ef-4c486b35dc15,String,true,Boolean
acs:77622155-52b6-441d-86ef-4c486b35dc15_00000022-3047-ea35-02c3-593a0d00b3a3,,2026-09-11T08:58:40.4285448Z,true,Boolean,77622155-52b6-441d-86ef-4c486b35dc15,String,true,Boolean
acs:77622155-52b6-441d-86ef-4c486b35dc15_00000022-3047-eb00-f883-08482200b1d8,,2026-09-11T08:58:31.3998734Z,true,Boolean,77622155-52b6-441d-86ef-4c486b35dc15,String,true,Boolean
acs:77622155-52b6-441d-86ef-4c486b35dc15_00000022-3047-eba5-ec8d-08482200b8c3,,2026-09-11T08:58:17.7496457Z,false,Boolean,77622155-52b6-441d-86ef-4c486b35dc15,String,true,Boolean
acs:77622155-52b6-441d-86ef-4c486b35dc15_00000022-3047-ec47-ec8d-08482200b8c4,,2026-09-11T08:58:15.8201359Z,false,Boolean,77622155-52b6-441d-86ef-4c486b35dc15,String,true,Boolean
acs:77622155-52b6-441d-86ef-4c486b35dc15_00000022-3047-ecec-f883-08482200b1d9,,2026-09-11T08:58:41.2214636Z,true,Boolean,77622155-52b6-441d-86ef-4c486b35dc15,String,true,Boolean
acs:77622155-52b6-441d-86ef-4c486b35dc15_00000022-3047-ed90-e3c7-593a0d00c841,,2026-09-11T08:58:32.5190889Z,false,Boolean,77622155-52b6-441d-86ef-4c486b35dc15,String,true,Boolean
acs:77622155-52b6-441d-86ef-4c486b35dc15_00000022-3047-ee2e-ec8d-08482200b8c5,,2026-09-11T08:58:35.0292195Z,true,Boolean,77622155-52b6-441d-86ef-4c486b35dc15,String,true,Boolean
acs:77622155-52b6-441d-86ef-4c486b35dc15_00000022-3047-eee7-f883-08482200b1da,,2026-09-11T08:57:58.7359112Z,false,Boolean,77622155-52b6-441d-86ef-4c486b35dc15,String,true,Boolean
acs:77622155-52b6-441d-86ef-4c486b35dc15_00000022-3047-ef8b-f883-08482200b1db,,2026-09-11T08:58:12.9709954Z,false,Boolean,77622155-52b6-441d-86ef-4c486b35dc15,String,true,Boolean
acs:77622155-52b6-441d-86ef-4c486b35dc15_00000022-3047-f03d-f883-08482200b1dc,,2026-09-11T08:58:35.3226688Z,true,Boolean,77622155-52b6-441d-86ef-4c486b35dc15,String,true,Boolean
acs:77622155-52b6-441d-86ef-4c486b35dc15_00000022-3047-f0f4-ec8d-08482200b8c6,,2026-09-11T08:58:31.5527881Z,false,Boolean,77622155-52b6-441d-86ef-4c486b35dc15,String,true,Boolean
acs:77622155-52b6-441d-86ef-4c486b35dc15_00000022-3047-f1a9-f883-08482200b1dd,,2026-09-11T08:58:22.6945075Z,false,Boolean,77622155-52b6-441d-86ef-4c486b35dc15,String,true,Boolean
acs:77622155-52b6-441d-86ef-4c486b35dc15_00000022-3047-f25b-ec8d-08482200b8c7,,2026-09-11T08:58:22.1068347Z,false,Boolean,77622155-52b6-441d-86ef-4c486b35dc15,String,true,Boolean
acs:77622155-52b6-441d-86ef-4c486b35dc15_00000022-3047-f319-f883-08482200b1de,,2026-09-11T08:58:42.1632301Z,true,Boolean,77622155-52b6-441d-86ef-4c486b35dc15,String,true,Boolean
acs:77622155-52b6-441d-86ef-4c486b35dc15_00000022-3047-f420-28c5-593a0d00b5a6,,2026-09-11T08:58:10.5222644Z,false,Boolean,77622155-52b6-441d-86ef-4c486b35dc15,String,true,Boolean
acs:77622155-52b6-441d-86ef-4c486b35dc15_00000022-3047-f4bb-0d8b-08482200a4d9,,2026-09-11T08:58:30.5479082Z,false,Boolean,77622155-52b6-441d-86ef-4c486b35dc15,String,true,Boolean
acs:77622155-52b6-441d-86ef-4c486b35dc15_00000022-3047-f57f-d68a-08482200b966,,2026-09-11T08:58:37.6866662Z,true,Boolean,77622155-52b6-441d-86ef-4c486b35dc15,String,true,Boolean
acs:77622155-52b6-441d-86ef-4c486b35dc15_00000022-3047-f61e-2c8a-08482200a36d,,2026-09-11T08:58:15.2943216Z,false,Boolean,77622155-52b6-441d-86ef-4c486b35dc15,String,true,Boolean
acs:77622155-52b6-441d-86ef-4c486b35dc15_00000022-3047-f6c4-0d8b-08482200a4da,,2026-09-11T08:58:12.2785405Z,false,Boolean,77622155-52b6-441d-86ef-4c486b35dc15,String,true,Boolean
acs:77622155-52b6-441d-86ef-4c486b35dc15_00000022-3047-f766-d68a-08482200b967,,2026-09-11T08:58:36.3870759Z,true,Boolean,77622155-52b6-441d-86ef-4c486b35dc15,String,true,Boolean
acs:77622155-52b6-441d-86ef-4c486b35dc15_00000022-3047-f814-f6c7-593a0d00b744,,2026-09-11T08:58:18.2990915Z,true,Boolean,77622155-52b6-441d-86ef-4c486b35dc15,String,true,Boolean
acs:77622155-52b6-441d-86ef-4c486b35dc15_00000022-3047-f8c0-f6c7-593a0d00b745,,2026-09-11T08:58:13.2558365Z,false,Boolean,77622155-52b6-441d-86ef-4c486b35dc15,String,true,Boolean
acs:77622155-52b6-441d-86ef-4c486b35dc15_00000022-3047-f96b-2c8a-08482200a36f,,2026-09-11T08:58:33.4705685Z,false,Boolean,77622155-52b6-441d-86ef-4c486b35dc15,String,true,Boolean
acs:77622155-52b6-441d-86ef-4c486b35dc15_00000022-3047-fa13-0d8b-08482200a4dc,,2026-09-11T08:58:32.5610661Z,false,Boolean,77622155-52b6-441d-86ef-4c486b35dc15,String,true,Boolean
acs:77622155-52b6-441d-86ef-4c486b35dc15_00000022-3047-fac7-d68a-08482200b968,,2026-09-11T08:58:34.6554278Z,true,Boolean,77622155-52b6-441d-86ef-4c486b35dc15,String,true,Boolean
acs:77622155-52b6-441d-86ef-4c486b35dc15_00000022-3047-fb7d-99c6-593a0d00bad6,,2026-09-11T08:58:15.7791591Z,false,Boolean,77622155-52b6-441d-86ef-4c486b35dc15,String,true,Boolean
acs:77622155-52b6-441d-86ef-4c486b35dc15_00000022-3047-fc34-d68a-08482200b969,,2026-09-11T08:58:12.930018Z,false,Boolean,77622155-52b6-441d-86ef-4c486b35dc15,String,true,Boolean
acs:77622155-52b6-441d-86ef-4c486b35dc15_00000022-3047-fcd2-0d8b-08482200a4dd,,2026-09-11T08:58:25.9001936Z,false,Boolean,77622155-52b6-441d-86ef-4c486b35dc15,String,true,Boolean
acs:77622155-52b6-441d-86ef-4c486b35dc15_00000022-3047-fd81-2c8a-08482200a371,,2026-09-11T08:58:33.2287037Z,false,Boolean,77622155-52b6-441d-86ef-4c486b35dc15,String,true,Boolean
acs:77622155-52b6-441d-86ef-4c486b35dc15_00000022-3047-fe24-f6c7-593a0d00b746,,2026-09-11T08:58:08.0376843Z,false,Boolean,77622155-52b6-441d-86ef-4c486b35dc15,String,true,Boolean
acs:77622155-52b6-441d-86ef-4c486b35dc15_00000022-3047-fed7-2c8a-08482200a372,,2026-09-11T08:58:42.3231408Z,false,Boolean,77622155-52b6-441d-86ef-4c486b35dc15,String,true,Boolean
acs:77622155-52b6-441d-86ef-4c486b35dc15_00000022-3047-ff81-d68a-08482200b96c,,2026-09-11T08:58:30.6018793Z,true,Boolean,77622155-52b6-441d-86ef-4c486b35dc15,String,true,Boolean
acs:77622155-52b6-441d-86ef-4c486b35dc15_00000022-3048-0023-99c6-593a0d00bad8,,2026-09-11T08:58:24.4087684Z,false,Boolean,77622155-52b6-441d-86ef-4c486b35dc15,String,true,Boolean
acs:77622155-52b6-441d-86ef-4c486b35dc15_00000022-3048-00cf-2c8a-08482200a373,,2026-09-11T08:58:17.5257705Z,false,Boolean,77622155-52b6-441d-86ef-4c486b35dc15,String,true,Boolean
acs:77622155-52b6-441d-86ef-4c486b35dc15_00000022-3048-0174-d68a-08482200b96d,,2026-09-11T08:58:15.656227Z,false,Boolean,77622155-52b6-441d-86ef-4c486b35dc15,String,true,Boolean
acs:77622155-52b6-441d-86ef-4c486b35dc15_00000022-3048-0214-0d8b-08482200a4df,,2026-09-11T08:58:16.4257982Z,false,Boolean,77622155-52b6-441d-86ef-4c486b35dc15,String,true,Boolean
acs:77622155-52b6-441d-86ef-4c486b35dc15_00000022-3048-02b2-d68a-08482200b96e,,2026-09-11T08:58:07.6079245Z,false,Boolean,77622155-52b6-441d-86ef-4c486b35dc15,String,true,Boolean
acs:77622155-52b6-441d-86ef-4c486b35dc15_00000022-3048-035e-99c6-593a0d00bad9,,2026-09-11T08:58:12.2265694Z,false,Boolean,77622155-52b6-441d-86ef-4c486b35dc15,String,true,Boolean
acs:77622155-52b6-441d-86ef-4c486b35dc15_00000022-3048-03fa-2c8a-08482200a374,,2026-09-11T08:58:05.9841064Z,false,Boolean,77622155-52b6-441d-86ef-4c486b35dc15,String,true,Boolean
acs:77622155-52b6-441d-86ef-4c486b35dc15_00000022-3048-04b4-d68a-08482200b96f,,2026-09-11T08:58:42.8328563Z,true,Boolean,77622155-52b6-441d-86ef-4c486b35dc15,String,true,Boolean
acs:77622155-52b6-441d-86ef-4c486b35dc15_00000022-3048-0582-99c6-593a0d00badb,,2026-09-11T08:58:13.7025878Z,false,Boolean,77622155-52b6-441d-86ef-4c486b35dc15,String,true,Boolean
acs:77622155-52b6-441d-86ef-4c486b35dc15_00000022-3048-0625-e3c7-593a0d00c842,,2026-09-11T08:58:39.9068349Z,true,Boolean,77622155-52b6-441d-86ef-4c486b35dc15,String,true,Boolean
acs:77622155-52b6-441d-86ef-4c486b35dc15_00000022-3048-06ba-02c3-593a0d00b3a7,,2026-09-11T08:58:32.1174741Z,false,Boolean,77622155-52b6-441d-86ef-4c486b35dc15,String,true,Boolean
acs:77622155-52b6-441d-86ef-4c486b35dc15_00000022-3048-0756-e3c7-593a0d00c843,,2026-09-11T08:58:32.0195283Z,false,Boolean,77622155-52b6-441d-86ef-4c486b35dc15,String,true,Boolean
acs:77622155-52b6-441d-86ef-4c486b35dc15_00000029-40df-32b7-024c-04bd4560b65d,59979057-3c7f-4365-b466-0d820e1070d9,2026-09-11T08:49:26.757144Z,false,Boolean,77622155-52b6-441d-86ef-4c486b35dc15,String,true,Boolean
acs:77622155-52b6-441d-86ef-4c486b35dc15_00000029-40df-32fa-024c-04bd4560b65e,feef619d-46e8-4a9e-8b67-e98e5d1d6171,2026-09-11T08:51:00.8317442Z,false,Boolean,77622155-52b6-441d-86ef-4c486b35dc15,String,true,Boolean
acs:77622155-52b6-441d-86ef-4c486b35dc15_00000029-40df-3325-024c-04bd4560b65f,b5307813-2343-4f27-abfe-f4292bdf1029,2026-09-11T08:45:54.4829234Z,false,Boolean,77622155-52b6-441d-86ef-4c486b35dc15,String,true,Boolean
acs:77622155-52b6-441d-86ef-4c486b35dc15_00000029-40df-334f-024c-04bd4560b660,d836e31c-89c1-45af-84d9-c6b7c5e58ccc,2026-09-11T08:48:16.8698977Z,false,Boolean,77622155-52b6-441d-86ef-4c486b35dc15,String,true,Boolean
acs:77622155-52b6-441d-86ef-4c486b35dc15_00000029-40df-3383-024c-04bd4560b661,e61b44e0-a355-4ad6-898a-70292394369a,2026-09-11T08:52:26.5771273Z,false,Boolean,77622155-52b6-441d-86ef-4c486b35dc15,String,true,Boolean
acs:77622155-52b6-441d-86ef-4c486b35dc15_00000029-40df-33b1-024c-04bd4560b662,713c04a1-fc67-4e22-b6f3-298e558a6c7c,2026-09-11T08:50:00.9437272Z,false,Boolean,77622155-52b6-441d-86ef-4c486b35dc15,String,true,Boolean
acs:77622155-52b6-441d-86ef-4c486b35dc15_00000029-40df-33e1-024c-04bd4560b663,69bbb08b-37cd-40b6-81b1-c66ec115e78d,2026-09-11T08:48:49.7878879Z,false,Boolean,77622155-52b6-441d-86ef-4c486b35dc15,String,true,Boolean
acs:77622155-52b6-441d-86ef-4c486b35dc15_00000029-40df-3414-024c-04bd4560b664,c4155e9b-e265-40fc-820d-acd5593302ed,2026-09-11T08:49:07.7023398Z,false,Boolean,77622155-52b6-441d-86ef-4c486b35dc15,String,true,Boolean
acs:77622155-52b6-441d-86ef-4c486b35dc15_00000029-40df-3440-024c-04bd4560b665,4de7a9bc-ec2e-4ef9-8334-08cb008fdc91,2026-09-11T08:52:10.6155384Z,false,Boolean,77622155-52b6-441d-86ef-4c486b35dc15,String,true,Boolean
acs:77622155-52b6-441d-86ef-4c486b35dc15_00000029-40df-346c-024c-04bd4560b666,d165a344-036b-4163-a316-1c0af92e71bc,2026-09-11T08:49:39.6031652Z,false,Boolean,77622155-52b6-441d-86ef-4c486b35dc15,String,true,Boolean
acs:77622155-52b6-441d-86ef-4c486b35dc15_00000029-40df-3495-024c-04bd4560b667,3d9453a1-b5c3-4ca0-81de-f6de89a132ba,2026-09-11T08:55:21.4814701Z,false,Boolean,77622155-52b6-441d-86ef-4c486b35dc15,String,true,Boolean
acs:77622155-52b6-441d-86ef-4c486b35dc15_00000029-40df-34bf-024c-04bd4560b668,033f84a8-d084-4ce0-af5a-27e0d98574f7,2026-09-11T08:52:55.974874Z,false,Boolean,77622155-52b6-441d-86ef-4c486b35dc15,String,true,Boolean
acs:77622155-52b6-441d-86ef-4c486b35dc15_00000029-40df-34f4-024c-04bd4560b669,af5e4eb5-37dd-427f-b423-32c3114e7a9c,2026-09-11T08:52:32.1872866Z,false,Boolean,77622155-52b6-441d-86ef-4c486b35dc15,String,true,Boolean
acs:77622155-52b6-441d-86ef-4c486b35dc15_00000029-40df-3523-024c-04bd4560b66a,b23ad14a-b67d-42d3-8119-a46417bbec6b,2026-09-11T08:52:20.730393Z,false,Boolean,77622155-52b6-441d-86ef-4c486b35dc15,String,true,Boolean
acs:77622155-52b6-441d-86ef-4c486b35dc15_00000029-40df-3551-024c-04bd4560b66b,598aa53e-7ecd-4de5-835f-f22cd86ee944,2026-09-11T08:58:17.1999518Z,false,Boolean,77622155-52b6-441d-86ef-4c486b35dc15,String,true,Boolean
acs:77622155-52b6-441d-86ef-4c486b35dc15_00000029-40df-35ef-02c3-593a0d00ae7c,f85bb54e-dba2-4138-9d50-b53526bfea05,2026-09-11T08:52:20.6534355Z,false,Boolean,77622155-52b6-441d-86ef-4c486b35dc15,String,true,Boolean
acs:77622155-52b6-441d-86ef-4c486b35dc15_00000029-40df-3617-02c3-593a0d00ae7d,f3e56aee-8411-4316-a484-bcf2789735ec,2026-09-11T08:55:26.0957734Z,false,Boolean,77622155-52b6-441d-86ef-4c486b35dc15,String,true,Boolean
acs:77622155-52b6-441d-86ef-4c486b35dc15_00000029-40df-363f-02c3-593a0d00ae7e,45e1e1dd-b1e4-49d7-a22a-58ba055f1d0a,2026-09-11T08:55:18.1943561Z,false,Boolean,77622155-52b6-441d-86ef-4c486b35dc15,String,true,Boolean
acs:77622155-52b6-441d-86ef-4c486b35dc15_00000029-40df-366d-02c3-593a0d00ae7f,831dc44a-55eb-4730-9c59-8d558f25a001,2026-09-11T08:52:18.2786807Z,false,Boolean,77622155-52b6-441d-86ef-4c486b35dc15,String,true,Boolean
acs:77622155-52b6-441d-86ef-4c486b35dc15_00000029-40df-3699-02c3-593a0d00ae80,51ae9566-f2a3-44fd-a85f-11101903f17f,2026-09-11T08:49:35.6190977Z,false,Boolean,77622155-52b6-441d-86ef-4c486b35dc15,String,true,Boolean
acs:77622155-52b6-441d-86ef-4c486b35dc15_00000029-40df-36c4-02c3-593a0d00ae81,a2e4dd62-e941-44f8-8a17-becdd96d0952,2026-09-11T08:49:29.2012465Z,false,Boolean,77622155-52b6-441d-86ef-4c486b35dc15,String,true,Boolean
acs:77622155-52b6-441d-86ef-4c486b35dc15_00000029-40df-36ee-02c3-593a0d00ae82,51b5d94d-cf80-41cd-a607-072249ce6326,2026-09-11T08:45:19.9590491Z,false,Boolean,77622155-52b6-441d-86ef-4c486b35dc15,String,true,Boolean
acs:77622155-52b6-441d-86ef-4c486b35dc15_00000029-40df-3719-02c3-593a0d00ae83,a4ab6d67-d1df-4c59-a84a-e8b5ae144163,2026-09-11T08:52:09.507155Z,false,Boolean,77622155-52b6-441d-86ef-4c486b35dc15,String,true,Boolean
acs:77622155-52b6-441d-86ef-4c486b35dc15_00000029-40df-3742-02c3-593a0d00ae84,a28850d8-3734-49d3-84bb-062097cfca2c,2026-09-11T08:57:44.1887555Z,false,Boolean,77622155-52b6-441d-86ef-4c486b35dc15,String,true,Boolean
acs:77622155-52b6-441d-86ef-4c486b35dc15_00000029-40df-376d-02c3-593a0d00ae85,487ba104-6d32-4ebc-9619-3d4484f71b61,2026-09-11T08:49:29.8735541Z,false,Boolean,77622155-52b6-441d-86ef-4c486b35dc15,String,true,Boolean
acs:77622155-52b6-441d-86ef-4c486b35dc15_00000029-40df-3796-02c3-593a0d00ae86,333ceee9-371b-4ae3-afc3-c133833727f1,2026-09-11T08:52:20.4165678Z,false,Boolean,77622155-52b6-441d-86ef-4c486b35dc15,String,true,Boolean
acs:77622155-52b6-441d-86ef-4c486b35dc15_00000029-40df-37c1-02c3-593a0d00ae87,84c716c2-ef5a-4970-9343-ac547fca41a4,2026-09-11T08:48:57.8352707Z,false,Boolean,77622155-52b6-441d-86ef-4c486b35dc15,String,true,Boolean
acs:77622155-52b6-441d-86ef-4c486b35dc15_00000029-40df-37eb-02c3-593a0d00ae88,611de0cd-e53f-46f4-9b8f-333a53d3bb97,2026-09-11T08:52:29.8068234Z,false,Boolean,77622155-52b6-441d-86ef-4c486b35dc15,String,true,Boolean
acs:77622155-52b6-441d-86ef-4c486b35dc15_00000029-40df-3813-02c3-593a0d00ae89,533778e1-bf48-49cf-bb55-67fd8d3b073b,2026-09-11T08:55:53.8314779Z,false,Boolean,77622155-52b6-441d-86ef-4c486b35dc15,String,true,Boolean
acs:77622155-52b6-441d-86ef-4c486b35dc15_00000029-40df-383b-02c3-593a0d00ae8a,d07f87d2-92bf-45a5-8330-dd53056daf78,2026-09-11T08:52:01.5384524Z,false,Boolean,77622155-52b6-441d-86ef-4c486b35dc15,String,true,Boolean
acs:77622155-52b6-441d-86ef-4c486b35dc15_00000029-40df-3867-02c3-593a0d00ae8b,58898f34-74b2-4349-9653-059a46e6ea7e,2026-09-11T08:48:10.5607572Z,false,Boolean,77622155-52b6-441d-86ef-4c486b35dc15,String,true,Boolean
acs:77622155-52b6-441d-86ef-4c486b35dc15_00000029-40df-3893-02c3-593a0d00ae8c,70d0eedb-af74-433f-bc20-9b0c4247d244,2026-09-11T08:57:24.1825329Z,false,Boolean,77622155-52b6-441d-86ef-4c486b35dc15,String,true,Boolean
acs:77622155-52b6-441d-86ef-4c486b35dc15_00000029-40df-38bd-02c3-593a0d00ae8d,bf8f28bb-ffc1-4935-8e27-24d3339a77e1,2026-09-11T08:55:01.6448164Z,false,Boolean,77622155-52b6-441d-86ef-4c486b35dc15,String,true,Boolean
acs:77622155-52b6-441d-86ef-4c486b35dc15_00000029-40df-38e9-02c3-593a0d00ae8e,eea216b1-7928-4fe4-9361-a40f194dcfb0,2026-09-11T08:48:51.4787001Z,false,Boolean,77622155-52b6-441d-86ef-4c486b35dc15,String,true,Boolean
acs:77622155-52b6-441d-86ef-4c486b35dc15_00000029-40df-3914-02c3-593a0d00ae8f,3d26e21e-f994-4426-bd70-170554ae7b29,2026-09-11T08:55:37.8703088Z,false,Boolean,77622155-52b6-441d-86ef-4c486b35dc15,String,true,Boolean
acs:77622155-52b6-441d-86ef-4c486b35dc15_00000029-40df-3944-02c3-593a0d00ae90,5a824f95-a9be-493a-bca4-97c99f5085fc,2026-09-11T08:54:34.3596097Z,false,Boolean,77622155-52b6-441d-86ef-4c486b35dc15,String,true,Boolean
acs:77622155-52b6-441d-86ef-4c486b35dc15_00000029-40df-3983-02c3-593a0d00ae91,1416d380-b223-4c03-9f7b-765478f47766,2026-09-11T08:50:49.3196106Z,false,Boolean,77622155-52b6-441d-86ef-4c486b35dc15,String,true,Boolean
acs:77622155-52b6-441d-86ef-4c486b35dc15_00000029-40df-39c3-02c3-593a0d00ae92,5ccc54ab-8402-4658-9d75-d7003751b639,2026-09-11T08:48:24.9633174Z,false,Boolean,77622155-52b6-441d-86ef-4c486b35dc15,String,true,Boolean
acs:77622155-52b6-441d-86ef-4c486b35dc15_00000029-40df-39ea-02c3-593a0d00ae93,6d5d42ea-629d-4a28-b9d7-ab59d0f65eaa,2026-09-11T08:49:35.6370878Z,false,Boolean,77622155-52b6-441d-86ef-4c486b35dc15,String,true,Boolean
acs:77622155-52b6-441d-86ef-4c486b35dc15_00000029-40df-3a16-02c3-593a0d00ae94,f3d6ca02-01be-4c72-8c19-8d4486a937ab,2026-09-11T08:54:02.8788273Z,false,Boolean,77622155-52b6-441d-86ef-4c486b35dc15,String,true,Boolean
acs:77622155-52b6-441d-86ef-4c486b35dc15_00000029-40df-3a40-02c3-593a0d00ae95,95fa6713-a217-4524-9bc9-81816d974c42,2026-09-11T08:45:39.6044717Z,false,Boolean,77622155-52b6-441d-86ef-4c486b35dc15,String,true,Boolean
acs:77622155-52b6-441d-86ef-4c486b35dc15_00000029-40df-3a6e-02c3-593a0d00ae96,6a8cae89-3a61-489a-8260-7f0ed94b08f7,2026-09-11T08:53:08.4857323Z,false,Boolean,77622155-52b6-441d-86ef-4c486b35dc15,String,true,Boolean
acs:77622155-52b6-441d-86ef-4c486b35dc15_00000029-40df-3ae2-9ef3-3a3a0d00cbd5,357091ec-1663-4895-aa6f-7ea30d9aeaf6,2026-09-11T08:55:01.8556989Z,false,Boolean,77622155-52b6-441d-86ef-4c486b35dc15,String,true,Boolean
acs:77622155-52b6-441d-86ef-4c486b35dc15_00000029-40df-3b0c-9ef3-3a3a0d00cbd6,91261162-f420-479d-9ce8-8f9bd7390084,2026-09-11T08:55:12.4592371Z,false,Boolean,77622155-52b6-441d-86ef-4c486b35dc15,String,true,Boolean
acs:77622155-52b6-441d-86ef-4c486b35dc15_00000029-40df-3b37-9ef3-3a3a0d00cbd7,25319d7d-534f-40a5-a9ae-e42165d9c6ef,2026-09-11T08:54:26.2368918Z,false,Boolean,77622155-52b6-441d-86ef-4c486b35dc15,String,true,Boolean
acs:77622155-52b6-441d-86ef-4c486b35dc15_00000029-40df-3b60-9ef3-3a3a0d00cbd8,2ca48688-5cef-46c8-aa86-2e997252b035,2026-09-11T08:55:18.0114578Z,false,Boolean,77622155-52b6-441d-86ef-4c486b35dc15,String,true,Boolean
acs:77622155-52b6-441d-86ef-4c486b35dc15_00000029-40df-3b90-9ef3-3a3a0d00cbd9,06a5f4ea-e593-4635-92c2-b20e357d986e,2026-09-11T08:51:27.0605905Z,false,Boolean,77622155-52b6-441d-86ef-4c486b35dc15,String,true,Boolean
acs:77622155-52b6-441d-86ef-4c486b35dc15_00000029-40df-3bbc-9ef3-3a3a0d00cbda,c5424a13-6b85-415d-a082-82a49fd753e4,2026-09-11T08:46:39.9522123Z,false,Boolean,77622155-52b6-441d-86ef-4c486b35dc15,String,true,Boolean
acs:77622155-52b6-441d-86ef-4c486b35dc15_00000029-40df-3be7-9ef3-3a3a0d00cbdb,c6d98f3a-bcdb-413b-9be5-edef0bfaaa97,2026-09-11T08:47:37.9340742Z,false,Boolean,77622155-52b6-441d-86ef-4c486b35dc15,String,true,Boolean
acs:77622155-52b6-441d-86ef-4c486b35dc15_00000029-40df-3c18-9ef3-3a3a0d00cbdc,381c14bc-9f01-423f-a805-3fbc85ba0067,2026-09-11T08:55:07.7744994Z,false,Boolean,77622155-52b6-441d-86ef-4c486b35dc15,String,true,Boolean
acs:77622155-52b6-441d-86ef-4c486b35dc15_00000029-40df-3c43-9ef3-3a3a0d00cbdd,94c05757-f5aa-4449-b31c-8a01532580b2,2026-09-11T08:52:49.7341958Z,false,Boolean,77622155-52b6-441d-86ef-4c486b35dc15,String,true,Boolean
acs:77622155-52b6-441d-86ef-4c486b35dc15_00000029-40df-3c72-9ef3-3a3a0d00cbde,b4a3cb0c-7cd0-45f9-bc71-f1e4b8f9d8da,2026-09-11T08:58:31.434854Z,false,Boolean,77622155-52b6-441d-86ef-4c486b35dc15,String,true,Boolean
acs:77622155-52b6-441d-86ef-4c486b35dc15_00000029-40df-3c9e-9ef3-3a3a0d00cbdf,11f5cb7c-d4b2-4701-9c2f-06ee4ec778f1,2026-09-11T08:52:20.6504375Z,false,Boolean,77622155-52b6-441d-86ef-4c486b35dc15,String,true,Boolean
acs:77622155-52b6-441d-86ef-4c486b35dc15_00000029-40df-3cca-9ef3-3a3a0d00cbe0,a81e0651-ed32-404c-952a-b72a7e18120e,2026-09-11T08:54:04.6852236Z,false,Boolean,77622155-52b6-441d-86ef-4c486b35dc15,String,true,Boolean
acs:77622155-52b6-441d-86ef-4c486b35dc15_00000029-40df-3cf6-9ef3-3a3a0d00cbe1,baa439cf-ff82-4ebe-863c-f71787501126,2026-09-11T08:55:14.398251Z,false,Boolean,77622155-52b6-441d-86ef-4c486b35dc15,String,true,Boolean
acs:77622155-52b6-441d-86ef-4c486b35dc15_00000029-40df-3d1f-9ef3-3a3a0d00cbe2,d4891e57-d78c-43d4-bb6a-df20bcbee8f2,2026-09-11T08:58:28.0115665Z,false,Boolean,77622155-52b6-441d-86ef-4c486b35dc15,String,true,Boolean
acs:77622155-52b6-441d-86ef-4c486b35dc15_00000029-40df-3d47-9ef3-3a3a0d00cbe3,50ae580f-aa32-4b27-90ae-2bdf4190046c,2026-09-11T08:55:26.3826138Z,false,Boolean,77622155-52b6-441d-86ef-4c486b35dc15,String,true,Boolean
acs:77622155-52b6-441d-86ef-4c486b35dc15_00000029-40df-3d71-9ef3-3a3a0d00cbe4,93407582-490c-44c3-9f2d-ed22777eb98a,2026-09-11T08:45:31.9799017Z,false,Boolean,77622155-52b6-441d-86ef-4c486b35dc15,String,true,Boolean
acs:77622155-52b6-441d-86ef-4c486b35dc15_00000029-40df-3d9e-9ef3-3a3a0d00cbe5,26e7455c-8265-410e-a41c-557f0c01f541,2026-09-11T08:43:33.1683943Z,false,Boolean,77622155-52b6-441d-86ef-4c486b35dc15,String,true,Boolean
acs:77622155-52b6-441d-86ef-4c486b35dc15_00000029-40df-3dc9-9ef3-3a3a0d00cbe6,4f5e4881-79d7-4523-86eb-c6095de00bf6,2026-09-11T08:52:48.3270561Z,false,Boolean,77622155-52b6-441d-86ef-4c486b35dc15,String,true,Boolean
acs:77622155-52b6-441d-86ef-4c486b35dc15_00000029-40df-3df4-9ef3-3a3a0d00cbe7,742ab648-f5e2-40f1-a983-9679708ad30c,2026-09-11T08:45:34.3472126Z,false,Boolean,77622155-52b6-441d-86ef-4c486b35dc15,String,true,Boolean
acs:77622155-52b6-441d-86ef-4c486b35dc15_00000029-40df-3e2a-9ef3-3a3a0d00cbe8,9a6e3fea-9370-48a7-aa3d-ec3f6618c9b9,2026-09-11T08:52:41.1148611Z,false,Boolean,77622155-52b6-441d-86ef-4c486b35dc15,String,true,Boolean
acs:77622155-52b6-441d-86ef-4c486b35dc15_00000029-40df-3e52-9ef3-3a3a0d00cbe9,55d1ccab-0bdd-4760-8a8c-25026cc195ad,2026-09-11T08:48:45.0183412Z,false,Boolean,77622155-52b6-441d-86ef-4c486b35dc15,String,true,Boolean
acs:77622155-52b6-441d-86ef-4c486b35dc15_00000029-40df-3e7c-9ef3-3a3a0d00cbea,b690e040-5905-46dd-b143-db08b4e74903,2026-09-11T08:55:01.9736333Z,false,Boolean,77622155-52b6-441d-86ef-4c486b35dc15,String,true,Boolean
acs:77622155-52b6-441d-86ef-4c486b35dc15_00000029-40df-3ea5-9ef3-3a3a0d00cbeb,cdf7425d-e037-4a80-80a0-b3adda3b145c,2026-09-11T08:49:10.880899Z,false,Boolean,77622155-52b6-441d-86ef-4c486b35dc15,String,true,Boolean
acs:77622155-52b6-441d-86ef-4c486b35dc15_00000029-40df-3ecf-9ef3-3a3a0d00cbec,197b1adb-64af-4127-bcb4-63028d8ac9ce,2026-09-11T08:55:07.8544538Z,false,Boolean,77622155-52b6-441d-86ef-4c486b35dc15,String,true,Boolean
acs:77622155-52b6-441d-86ef-4c486b35dc15_00000029-40df-3efa-9ef3-3a3a0d00cbed,b01fd741-f384-47f0-a336-a8f041cec0e3,2026-09-11T08:55:52.5995655Z,false,Boolean,77622155-52b6-441d-86ef-4c486b35dc15,String,true,Boolean
acs:77622155-52b6-441d-86ef-4c486b35dc15_00000029-40df-3f25-9ef3-3a3a0d00cbee,fdf07689-0331-4341-a70a-0d3d85d683dc,2026-09-11T08:49:39.1903942Z,false,Boolean,77622155-52b6-441d-86ef-4c486b35dc15,String,true,Boolean
acs:77622155-52b6-441d-86ef-4c486b35dc15_00000029-40df-3f4e-9ef3-3a3a0d00cbef,c0fb3ba0-c6fc-4b02-8d89-b3286981b5a8,2026-09-11T08:54:16.5748652Z,false,Boolean,77622155-52b6-441d-86ef-4c486b35dc15,String,true,Boolean
acs:77622155-52b6-441d-86ef-4c486b35dc15_00000029-40df-3f77-9ef3-3a3a0d00cbf0,592046c4-b40d-48e7-950b-4851b9970054,2026-09-11T08:51:32.7513182Z,false,Boolean,77622155-52b6-441d-86ef-4c486b35dc15,String,true,Boolean
acs:77622155-52b6-441d-86ef-4c486b35dc15_00000029-40df-3fa2-9ef3-3a3a0d00cbf1,5ed35046-5dcd-4ce8-8ef8-9f8d3c041d31,2026-09-11T08:51:59.0562443Z,false,Boolean,77622155-52b6-441d-86ef-4c486b35dc15,String,true,Boolean
acs:77622155-52b6-441d-86ef-4c486b35dc15_00000029-40df-3fcd-9ef3-3a3a0d00cbf2,8e61a6b7-0e05-40dc-8100-06d38e72dc8c,2026-09-11T08:48:09.0169706Z,false,Boolean,77622155-52b6-441d-86ef-4c486b35dc15,String,true,Boolean
acs:77622155-52b6-441d-86ef-4c486b35dc15_00000029-40df-3ff5-9ef3-3a3a0d00cbf3,b8c67f8e-997e-4262-8eb9-281eebd03b50,2026-09-11T08:52:30.4114863Z,false,Boolean,77622155-52b6-441d-86ef-4c486b35dc15,String,true,Boolean
acs:77622155-52b6-441d-86ef-4c486b35dc15_00000029-40df-4023-9ef3-3a3a0d00cbf4,cbeb6bf6-e4f6-482f-9d1d-d5915dcc98d4,2026-09-11T08:53:04.9280613Z,false,Boolean,77622155-52b6-441d-86ef-4c486b35dc15,String,true,Boolean
acs:77622155-52b6-441d-86ef-4c486b35dc15_00000029-40df-404d-9ef3-3a3a0d00cbf5,1d853387-7549-49c1-aba2-4281be378b96,2026-09-11T08:55:12.3043237Z,false,Boolean,77622155-52b6-441d-86ef-4c486b35dc15,String,true,Boolean
acs:77622155-52b6-441d-86ef-4c486b35dc15_00000029-40df-407a-9ef3-3a3a0d00cbf6,5068674c-2396-4086-af21-6b976fce5dc4,2026-09-11T08:55:35.3693776Z,false,Boolean,77622155-52b6-441d-86ef-4c486b35dc15,String,true,Boolean
acs:77622155-52b6-441d-86ef-4c486b35dc15_00000029-40df-40a3-9ef3-3a3a0d00cbf7,2c52f111-e8c5-452c-838e-d97ff6cd7b83,2026-09-11T08:49:21.3186341Z,false,Boolean,77622155-52b6-441d-86ef-4c486b35dc15,String,true,Boolean
acs:77622155-52b6-441d-86ef-4c486b35dc15_00000029-40df-40d0-9ef3-3a3a0d00cbf8,242a11be-387d-497c-8efd-9cbec51da255,2026-09-11T08:46:00.2115803Z,false,Boolean,77622155-52b6-441d-86ef-4c486b35dc15,String,true,Boolean
acs:77622155-52b6-441d-86ef-4c486b35dc15_00000029-40df-40fa-9ef3-3a3a0d00cbf9,f80ca839-98ec-452a-8793-244df3265d03,2026-09-11T08:48:39.570134Z,false,Boolean,77622155-52b6-441d-86ef-4c486b35dc15,String,true,Boolean
acs:77622155-52b6-441d-86ef-4c486b35dc15_00000029-40df-4125-9ef3-3a3a0d00cbfa,a304626f-95e8-4680-bb3e-7a210f619de2,2026-09-11T08:53:15.0712933Z,false,Boolean,77622155-52b6-441d-86ef-4c486b35dc15,String,true,Boolean
acs:77622155-52b6-441d-86ef-4c486b35dc15_00000029-40df-414f-9ef3-3a3a0d00cbfb,5fd80698-1035-415c-b5df-9d4efb0b3383,2026-09-11T08:55:16.1651509Z,false,Boolean,77622155-52b6-441d-86ef-4c486b35dc15,String,true,Boolean
acs:77622155-52b6-441d-86ef-4c486b35dc15_00000029-40df-417a-9ef3-3a3a0d00cbfc,2b2c7511-6f4b-47d0-b886-e33567785655,2026-09-11T08:52:33.1099Z,false,Boolean,77622155-52b6-441d-86ef-4c486b35dc15,String,true,Boolean
acs:77622155-52b6-441d-86ef-4c486b35dc15_00000029-40df-41a3-9ef3-3a3a0d00cbfd,2661a270-cb5c-4f4e-86e1-7269a62e4f48,2026-09-11T08:55:22.2460444Z,false,Boolean,77622155-52b6-441d-86ef-4c486b35dc15,String,true,Boolean
acs:77622155-52b6-441d-86ef-4c486b35dc15_00000029-40df-41cd-9ef3-3a3a0d00cbfe,91fb6691-71fc-4696-94f4-6034563f85b2,2026-09-11T08:50:32.2749313Z,false,Boolean,77622155-52b6-441d-86ef-4c486b35dc15,String,true,Boolean
acs:77622155-52b6-441d-86ef-4c486b35dc15_00000029-40df-4246-02c3-593a0d00ae97,6a4d70cf-6668-41fa-b327-259826d6192e,2026-09-11T08:46:47.9888162Z,false,Boolean,77622155-52b6-441d-86ef-4c486b35dc15,String,true,Boolean
acs:77622155-52b6-441d-86ef-4c486b35dc15_00000029-40df-4271-02c3-593a0d00ae98,fccb7c63-b01e-4d20-ab40-a6db7a8a9a49,2026-09-11T08:54:10.4741152Z,false,Boolean,77622155-52b6-441d-86ef-4c486b35dc15,String,true,Boolean
acs:77622155-52b6-441d-86ef-4c486b35dc15_00000029-40df-429a-02c3-593a0d00ae99,92e3c144-166b-4003-81aa-07aac1657232,2026-09-11T08:51:56.0724842Z,false,Boolean,77622155-52b6-441d-86ef-4c486b35dc15,String,true,Boolean
acs:77622155-52b6-441d-86ef-4c486b35dc15_00000029-40df-42ef-7df7-3a3a0d00accb,b827c4d3-5c86-49fa-bd33-c7cf30f57a05,2026-09-11T08:57:57.0222212Z,false,Boolean,77622155-52b6-441d-86ef-4c486b35dc15,String,true,Boolean
acs:77622155-52b6-441d-86ef-4c486b35dc15_00000029-40df-4318-7df7-3a3a0d00accc,f107b8ff-e529-4e71-b0eb-cda8f40cddcf,2026-09-11T08:56:10.7464897Z,false,Boolean,77622155-52b6-441d-86ef-4c486b35dc15,String,true,Boolean
acs:77622155-52b6-441d-86ef-4c486b35dc15_00000029-40df-433f-7df7-3a3a0d00accd,5ce8f3a8-ba73-4afa-8bc5-64bf3e627d5a,2026-09-11T08:49:59.4467667Z,false,Boolean,77622155-52b6-441d-86ef-4c486b35dc15,String,true,Boolean
acs:77622155-52b6-441d-86ef-4c486b35dc15_00000029-40df-4368-7df7-3a3a0d00acce,14e9fd42-5e1e-427b-a671-3f43098bf88c,2026-09-11T08:52:21.0022416Z,false,Boolean,77622155-52b6-441d-86ef-4c486b35dc15,String,true,Boolean
acs:77622155-52b6-441d-86ef-4c486b35dc15_00000029-40df-4391-7df7-3a3a0d00accf,d882f204-a261-49b3-b27b-c01e97541209,2026-09-11T08:55:37.9962381Z,false,Boolean,77622155-52b6-441d-86ef-4c486b35dc15,String,true,Boolean
acs:77622155-52b6-441d-86ef-4c486b35dc15_00000029-40df-43b9-7df7-3a3a0d00acd0,364d5e59-0ba4-43c8-870d-492e86ebaaf7,2026-09-11T08:53:49.5699473Z,false,Boolean,77622155-52b6-441d-86ef-4c486b35dc15,String,true,Boolean
acs:77622155-52b6-441d-86ef-4c486b35dc15_00000029-40df-43e3-7df7-3a3a0d00acd1,173d79a7-844f-49ab-9948-e7e92f970802,2026-09-11T08:49:17.5969014Z,false,Boolean,77622155-52b6-441d-86ef-4c486b35dc15,String,true,Boolean
acs:77622155-52b6-441d-86ef-4c486b35dc15_00000029-40df-440c-7df7-3a3a0d00acd2,21d4116e-ee56-416f-9c4b-92937184ddb9,2026-09-11T08:46:14.4752313Z,false,Boolean,77622155-52b6-441d-86ef-4c486b35dc15,String,true,Boolean
acs:77622155-52b6-441d-86ef-4c486b35dc15_00000029-40df-4437-7df7-3a3a0d00acd3,49fe665e-7212-489c-b77e-8c1e6bb6c919,2026-09-11T08:45:52.0106973Z,false,Boolean,77622155-52b6-441d-86ef-4c486b35dc15,String,true,Boolean
acs:77622155-52b6-441d-86ef-4c486b35dc15_00000029-40df-4460-7df7-3a3a0d00acd4,de5ecb6a-196a-4f00-9b5a-b003b24e1cad,2026-09-11T08:50:04.3313903Z,false,Boolean,77622155-52b6-441d-86ef-4c486b35dc15,String,true,Boolean
acs:77622155-52b6-441d-86ef-4c486b35dc15_00000029-40df-4488-7df7-3a3a0d00acd5,8df6837b-81f9-4cd3-b993-c518119785ae,2026-09-11T08:51:08.5213864Z,false,Boolean,77622155-52b6-441d-86ef-4c486b35dc15,String,true,Boolean
acs:77622155-52b6-441d-86ef-4c486b35dc15_00000029-40df-44b1-7df7-3a3a0d00acd6,d0b9c72a-808f-4239-9695-13f8c0cb9057,2026-09-11T08:52:40.5238141Z,false,Boolean,77622155-52b6-441d-86ef-4c486b35dc15,String,true,Boolean
acs:77622155-52b6-441d-86ef-4c486b35dc15_00000029-40df-44d9-7df7-3a3a0d00acd7,34c41179-e601-4c4f-a841-c1e45044863e,2026-09-11T08:51:23.789291Z,false,Boolean,77622155-52b6-441d-86ef-4c486b35dc15,String,true,Boolean
acs:87af82c5-e0db-437c-b3bb-885c09da99ce_0000000d-ac05-3bf5-0e04-343a0d0062c4,,2026-09-11T08:58:17.8375971Z,true,Boolean,87af82c5-e0db-437c-b3bb-885c09da99ce,String,true,Boolean
acs:87af82c5-e0db-437c-b3bb-885c09da99ce_0000000d-ac05-3cce-0e04-343a0d0062c5,,2026-09-11T08:58:26.7387334Z,true,Boolean,87af82c5-e0db-437c-b3bb-885c09da99ce,String,true,Boolean
acs:87af82c5-e0db-437c-b3bb-885c09da99ce_0000000d-ac05-3d7c-0e04-343a0d0062c6,,2026-09-11T08:58:13.8075295Z,true,Boolean,87af82c5-e0db-437c-b3bb-885c09da99ce,String,true,Boolean
acs:87af82c5-e0db-437c-b3bb-885c09da99ce_0000000d-ac05-3e05-0e04-343a0d0062c7,,2026-09-11T08:58:23.0802924Z,true,Boolean,87af82c5-e0db-437c-b3bb-885c09da99ce,String,true,Boolean
acs:87af82c5-e0db-437c-b3bb-885c09da99ce_0000000d-ac05-3e8a-0e04-343a0d0062c8,,2026-09-11T08:57:08.5331904Z,true,Boolean,87af82c5-e0db-437c-b3bb-885c09da99ce,String,true,Boolean
acs:87af82c5-e0db-437c-b3bb-885c09da99ce_0000000d-ac05-3f25-0e04-343a0d0062c9,,2026-09-11T08:57:17.7771927Z,true,Boolean,87af82c5-e0db-437c-b3bb-885c09da99ce,String,true,Boolean
acs:87af82c5-e0db-437c-b3bb-885c09da99ce_0000000d-ac05-3fa4-0e04-343a0d0062ca,,2026-09-11T08:58:14.1489599Z,true,Boolean,87af82c5-e0db-437c-b3bb-885c09da99ce,String,true,Boolean
acs:87af82c5-e0db-437c-b3bb-885c09da99ce_0000000d-ac05-4044-0e04-343a0d0062cb,,2026-09-11T08:58:08.8530442Z,true,Boolean,87af82c5-e0db-437c-b3bb-885c09da99ce,String,true,Boolean
acs:87af82c5-e0db-437c-b3bb-885c09da99ce_0000000d-ac05-40d8-0e04-343a0d0062cc,,2026-09-11T08:57:01.1299618Z,true,Boolean,87af82c5-e0db-437c-b3bb-885c09da99ce,String,true,Boolean
acs:87af82c5-e0db-437c-b3bb-885c09da99ce_0000000d-ac05-415c-0e04-343a0d0062cd,,2026-09-11T08:58:19.910738Z,true,Boolean,87af82c5-e0db-437c-b3bb-885c09da99ce,String,true,Boolean
acs:87af82c5-e0db-437c-b3bb-885c09da99ce_0000000d-ac05-4254-0e04-343a0d0062ce,,2026-09-11T08:56:26.6502961Z,true,Boolean,87af82c5-e0db-437c-b3bb-885c09da99ce,String,true,Boolean
acs:87af82c5-e0db-437c-b3bb-885c09da99ce_0000000d-ac05-4394-0e04-343a0d0062cf,,2026-09-11T08:58:27.1571231Z,true,Boolean,87af82c5-e0db-437c-b3bb-885c09da99ce,String,true,Boolean
acs:87af82c5-e0db-437c-b3bb-885c09da99ce_0000000d-ac05-44c8-0e04-343a0d0062d0,,2026-09-11T08:58:23.6811741Z,true,Boolean,87af82c5-e0db-437c-b3bb-885c09da99ce,String,true,Boolean
acs:87af82c5-e0db-437c-b3bb-885c09da99ce_0000000d-ac05-45b7-0e04-343a0d0062d1,,2026-09-11T08:58:34.5544841Z,true,Boolean,87af82c5-e0db-437c-b3bb-885c09da99ce,String,true,Boolean
acs:87af82c5-e0db-437c-b3bb-885c09da99ce_0000000d-ac05-46da-0e04-343a0d0062d2,,2026-09-11T08:56:55.6244186Z,true,Boolean,87af82c5-e0db-437c-b3bb-885c09da99ce,String,true,Boolean
acs:87af82c5-e0db-437c-b3bb-885c09da99ce_0000000d-ac05-477c-0e04-343a0d0062d3,,2026-09-11T08:58:24.5067141Z,true,Boolean,87af82c5-e0db-437c-b3bb-885c09da99ce,String,true,Boolean
acs:87af82c5-e0db-437c-b3bb-885c09da99ce_0000000d-ac05-481b-0e04-343a0d0062d4,,2026-09-11T08:58:34.1956848Z,true,Boolean,87af82c5-e0db-437c-b3bb-885c09da99ce,String,true,Boolean
acs:87af82c5-e0db-437c-b3bb-885c09da99ce_0000000d-ac05-488e-0e04-343a0d0062d5,,2026-09-11T08:58:27.3639279Z,true,Boolean,87af82c5-e0db-437c-b3bb-885c09da99ce,String,true,Boolean
acs:87af82c5-e0db-437c-b3bb-885c09da99ce_0000000d-ac05-4944-0e04-343a0d0062d6,,2026-09-11T08:58:23.4136975Z,true,Boolean,87af82c5-e0db-437c-b3bb-885c09da99ce,String,true,Boolean
acs:87af82c5-e0db-437c-b3bb-885c09da99ce_0000000d-ac05-49c0-0e04-343a0d0062d7,,2026-09-11T08:57:40.5355921Z,true,Boolean,87af82c5-e0db-437c-b3bb-885c09da99ce,String,true,Boolean
acs:87af82c5-e0db-437c-b3bb-885c09da99ce_0000000d-ac05-4a64-0e04-343a0d0062d8,,2026-09-11T08:58:24.202885Z,true,Boolean,87af82c5-e0db-437c-b3bb-885c09da99ce,String,true,Boolean
acs:87af82c5-e0db-437c-b3bb-885c09da99ce_0000000d-ac05-4aea-0e04-343a0d0062d9,,2026-09-11T08:58:24.145915Z,true,Boolean,87af82c5-e0db-437c-b3bb-885c09da99ce,String,true,Boolean
acs:87af82c5-e0db-437c-b3bb-885c09da99ce_0000000d-ac05-4b6d-0e04-343a0d0062da,,2026-09-11T08:58:24.8740139Z,true,Boolean,87af82c5-e0db-437c-b3bb-885c09da99ce,String,true,Boolean
acs:87af82c5-e0db-437c-b3bb-885c09da99ce_0000000d-ac05-4c00-0e04-343a0d0062db,,2026-09-11T08:54:49.575851Z,true,Boolean,87af82c5-e0db-437c-b3bb-885c09da99ce,String,true,Boolean
acs:87af82c5-e0db-437c-b3bb-885c09da99ce_0000000d-ac05-4ccc-0e04-343a0d0062dc,,2026-09-11T08:57:37.7699387Z,true,Boolean,87af82c5-e0db-437c-b3bb-885c09da99ce,String,true,Boolean
acs:87af82c5-e0db-437c-b3bb-885c09da99ce_0000000d-ac05-4d65-0e04-343a0d0062dd,,2026-09-11T08:57:15.3814632Z,true,Boolean,87af82c5-e0db-437c-b3bb-885c09da99ce,String,true,Boolean
acs:87af82c5-e0db-437c-b3bb-885c09da99ce_0000000d-ac05-4dea-0e04-343a0d0062de,,2026-09-11T08:56:23.8399024Z,true,Boolean,87af82c5-e0db-437c-b3bb-885c09da99ce,String,true,Boolean
acs:87af82c5-e0db-437c-b3bb-885c09da99ce_0000000d-ac05-4e81-0e04-343a0d0062df,,2026-09-11T08:58:11.6299022Z,true,Boolean,87af82c5-e0db-437c-b3bb-885c09da99ce,String,true,Boolean
acs:87af82c5-e0db-437c-b3bb-885c09da99ce_0000000d-ac05-4ef8-0e04-343a0d0062e0,,2026-09-11T08:57:23.2507856Z,true,Boolean,87af82c5-e0db-437c-b3bb-885c09da99ce,String,true,Boolean
acs:87af82c5-e0db-437c-b3bb-885c09da99ce_0000000d-ac05-4f70-0e04-343a0d0062e1,,2026-09-11T08:56:50.0083279Z,true,Boolean,87af82c5-e0db-437c-b3bb-885c09da99ce,String,true,Boolean
acs:87af82c5-e0db-437c-b3bb-885c09da99ce_0000000d-ac05-4fee-0e04-343a0d0062e2,,2026-09-11T08:57:23.3707185Z,true,Boolean,87af82c5-e0db-437c-b3bb-885c09da99ce,String,true,Boolean
acs:87af82c5-e0db-437c-b3bb-885c09da99ce_0000000d-ac05-506c-0e04-343a0d0062e3,,2026-09-11T08:58:13.9134705Z,true,Boolean,87af82c5-e0db-437c-b3bb-885c09da99ce,String,true,Boolean
acs:87af82c5-e0db-437c-b3bb-885c09da99ce_0000000d-ac05-50f9-0e04-343a0d0062e4,,2026-09-11T08:58:34.2336637Z,true,Boolean,87af82c5-e0db-437c-b3bb-885c09da99ce,String,true,Boolean
acs:87af82c5-e0db-437c-b3bb-885c09da99ce_0000000d-ac05-5182-0e04-343a0d0062e5,,2026-09-11T08:57:37.8928696Z,true,Boolean,87af82c5-e0db-437c-b3bb-885c09da99ce,String,true,Boolean
acs:87af82c5-e0db-437c-b3bb-885c09da99ce_0000000d-ac05-5204-0e04-343a0d0062e6,,2026-09-11T08:57:08.8150334Z,true,Boolean,87af82c5-e0db-437c-b3bb-885c09da99ce,String,true,Boolean
acs:87af82c5-e0db-437c-b3bb-885c09da99ce_0000000d-ac05-52c2-0e04-343a0d0062e7,,2026-09-11T08:58:13.3237987Z,true,Boolean,87af82c5-e0db-437c-b3bb-885c09da99ce,String,true,Boolean
acs:87af82c5-e0db-437c-b3bb-885c09da99ce_0000000d-ac05-5353-0e04-343a0d0062e8,,2026-09-11T08:58:34.9022905Z,true,Boolean,87af82c5-e0db-437c-b3bb-885c09da99ce,String,true,Boolean
acs:87af82c5-e0db-437c-b3bb-885c09da99ce_0000000d-ac05-53ca-0e04-343a0d0062e9,,2026-09-11T08:58:19.2265747Z,true,Boolean,87af82c5-e0db-437c-b3bb-885c09da99ce,String,true,Boolean
acs:87af82c5-e0db-437c-b3bb-885c09da99ce_0000000d-ac05-543c-0e04-343a0d0062ea,,2026-09-11T08:58:33.679453Z,true,Boolean,87af82c5-e0db-437c-b3bb-885c09da99ce,String,true,Boolean
acs:87af82c5-e0db-437c-b3bb-885c09da99ce_0000000d-ac05-54d9-0e04-343a0d0062eb,,2026-09-11T08:58:17.4857929Z,true,Boolean,87af82c5-e0db-437c-b3bb-885c09da99ce,String,true,Boolean
acs:87af82c5-e0db-437c-b3bb-885c09da99ce_0000000d-ac05-5560-0e04-343a0d0062ec,,2026-09-11T08:58:09.2058541Z,true,Boolean,87af82c5-e0db-437c-b3bb-885c09da99ce,String,true,Boolean
acs:87af82c5-e0db-437c-b3bb-885c09da99ce_0000000d-ac05-55d3-0e04-343a0d0062ed,,2026-09-11T08:58:08.5424031Z,true,Boolean,87af82c5-e0db-437c-b3bb-885c09da99ce,String,true,Boolean
acs:87af82c5-e0db-437c-b3bb-885c09da99ce_0000000d-ac05-5653-0e04-343a0d0062ee,,2026-09-11T08:58:23.3317433Z,true,Boolean,87af82c5-e0db-437c-b3bb-885c09da99ce,String,true,Boolean
acs:87af82c5-e0db-437c-b3bb-885c09da99ce_0000000d-ac05-56ea-0e04-343a0d0062ef,,2026-09-11T08:58:13.5656641Z,true,Boolean,87af82c5-e0db-437c-b3bb-885c09da99ce,String,true,Boolean
acs:87af82c5-e0db-437c-b3bb-885c09da99ce_0000000d-ac05-5788-0e04-343a0d0062f0,,2026-09-11T08:58:23.8150998Z,true,Boolean,87af82c5-e0db-437c-b3bb-885c09da99ce,String,true,Boolean
acs:87af82c5-e0db-437c-b3bb-885c09da99ce_0000000d-ac05-5832-0e04-343a0d0062f1,,2026-09-11T08:57:18.060036Z,true,Boolean,87af82c5-e0db-437c-b3bb-885c09da99ce,String,true,Boolean
acs:87af82c5-e0db-437c-b3bb-885c09da99ce_0000000d-ac05-58b7-0e04-343a0d0062f2,,2026-09-11T08:56:29.2285784Z,true,Boolean,87af82c5-e0db-437c-b3bb-885c09da99ce,String,true,Boolean
acs:87af82c5-e0db-437c-b3bb-885c09da99ce_0000000d-ac05-595e-0e04-343a0d0062f3,,2026-09-11T08:58:19.5819216Z,true,Boolean,87af82c5-e0db-437c-b3bb-885c09da99ce,String,true,Boolean
acs:87af82c5-e0db-437c-b3bb-885c09da99ce_0000000d-ac05-59cd-0e04-343a0d0062f4,,2026-09-11T08:56:30.9575992Z,true,Boolean,87af82c5-e0db-437c-b3bb-885c09da99ce,String,true,Boolean
acs:87af82c5-e0db-437c-b3bb-885c09da99ce_0000000d-ac05-5ad0-0e04-343a0d0062f5,,2026-09-11T08:58:33.9768062Z,true,Boolean,87af82c5-e0db-437c-b3bb-885c09da99ce,String,true,Boolean
acs:9234729e-3dc8-4df6-888e-a5e8cc881d53_0000000c-43b9-7195-ec78-c93a0d003cfb,,2021-11-10T23:21:40.2546721Z,true,Boolean,9234729e-3dc8-4df6-888e-a5e8cc881d53,String,true,Boolean
acs:9234729e-3dc8-4df6-888e-a5e8cc881d53_0000000c-43b9-7478-ec78-c93a0d003cfc,,2021-11-10T23:21:40.2546721Z,true,Boolean,9234729e-3dc8-4df6-888e-a5e8cc881d53,String,true,Boolean
acs:9234729e-3dc8-4df6-888e-a5e8cc881d53_0000000c-43b9-7734-ec78-c93a0d003cfd,,2021-11-10T23:21:40.2546721Z,true,Boolean,9234729e-3dc8-4df6-888e-a5e8cc881d53,String,true,Boolean
acs:9234729e-3dc8-4df6-888e-a5e8cc881d53_0000000c-43b9-7e0a-7975-c93a0d00484b,,2021-11-10T23:21:40.2556717Z,true,Boolean,9234729e-3dc8-4df6-888e-a5e8cc881d53,String,true,Boolean
acs:9234729e-3dc8-4df6-888e-a5e8cc881d53_0000000c-43b9-80da-7975-c93a0d00484c,,2021-11-10T23:21:40.2556717Z,true,Boolean,9234729e-3dc8-4df6-888e-a5e8cc881d53,String,true,Boolean
acs:9234729e-3dc8-4df6-888e-a5e8cc881d53_0000000c-43b9-83ac-7975-c93a0d00484d,,2021-11-10T23:21:40.2576705Z,true,Boolean,9234729e-3dc8-4df6-888e-a5e8cc881d53,String,true,Boolean
acs:9234729e-3dc8-4df6-888e-a5e8cc881d53_0000000c-43b9-8bf2-9b76-c93a0d00394a,,2021-11-10T23:21:40.2566707Z,true,Boolean,9234729e-3dc8-4df6-888e-a5e8cc881d53,String,true,Boolean
acs:9234729e-3dc8-4df6-888e-a5e8cc881d53_0000000c-43b9-8eca-9b76-c93a0d00394b,,2021-11-10T23:21:40.2566707Z,true,Boolean,9234729e-3dc8-4df6-888e-a5e8cc881d53,String,true,Boolean
acs:9234729e-3dc8-4df6-888e-a5e8cc881d53_0000000c-43b9-918a-9b76-c93a0d00394c,,2021-11-10T23:21:40.2616674Z,true,Boolean,9234729e-3dc8-4df6-888e-a5e8cc881d53,String,true,Boolean
acs:9234729e-3dc8-4df6-888e-a5e8cc881d53_0000000c-43b9-946e-9b76-c93a0d00394d,,2021-11-10T23:21:40.2606684Z,true,Boolean,9234729e-3dc8-4df6-888e-a5e8cc881d53,String,true,Boolean
acs:9234729e-3dc8-4df6-888e-a5e8cc881d53_0000000c-a4ca-1279-6f75-c93a0d0002c6,,2021-11-10T23:21:40.2616674Z,true,Boolean,9234729e-3dc8-4df6-888e-a5e8cc881d53,String,true,Boolean
acs:9234729e-3dc8-4df6-888e-a5e8cc881d53_0000000c-a4ca-151e-6f75-c93a0d0002c7,,2021-11-10T23:21:40.2626669Z,true,Boolean,9234729e-3dc8-4df6-888e-a5e8cc881d53,String,true,Boolean
acs:9234729e-3dc8-4df6-888e-a5e8cc881d53_0000000c-a4ca-17f6-6f75-c93a0d0002c8,,2021-11-10T23:21:40.2636674Z,true,Boolean,9234729e-3dc8-4df6-888e-a5e8cc881d53,String,true,Boolean
acs:9234729e-3dc8-4df6-888e-a5e8cc881d53_0000000c-a4ca-1aad-6f75-c93a0d0002c9,,2021-11-10T23:21:40.2616674Z,true,Boolean,9234729e-3dc8-4df6-888e-a5e8cc881d53,String,true,Boolean
acs:9234729e-3dc8-4df6-888e-a5e8cc881d53_0000000c-a4ca-1d87-6f75-c93a0d0002ca,,2021-11-10T23:21:40.2626669Z,true,Boolean,9234729e-3dc8-4df6-888e-a5e8cc881d53,String,true,Boolean
acs:9234729e-3dc8-4df6-888e-a5e8cc881d53_0000000c-a4ca-2040-6f75-c93a0d0002cb,,2021-11-10T23:21:40.2686639Z,true,Boolean,9234729e-3dc8-4df6-888e-a5e8cc881d53,String,true,Boolean
acs:9234729e-3dc8-4df6-888e-a5e8cc881d53_0000000c-a4ca-279a-ec78-c93a0d00465f,,2021-11-10T23:21:40.2676651Z,true,Boolean,9234729e-3dc8-4df6-888e-a5e8cc881d53,String,true,Boolean
acs:9234729e-3dc8-4df6-888e-a5e8cc881d53_0000000c-a4ca-2d5f-6f75-c93a0d0002cc,,2021-11-10T23:21:40.266665Z,true,Boolean,9234729e-3dc8-4df6-888e-a5e8cc881d53,String,true,Boolean
acs:9234729e-3dc8-4df6-888e-a5e8cc881d53_0000000c-a4ca-302f-ec78-c93a0d004660,,2021-11-10T23:21:40.2676651Z,true,Boolean,9234729e-3dc8-4df6-888e-a5e8cc881d53,String,true,Boolean
acs:9234729e-3dc8-4df6-888e-a5e8cc881d53_0000000c-a4ca-3322-6f75-c93a0d0002cd,,2021-11-10T23:21:40.2696636Z,true,Boolean,9234729e-3dc8-4df6-888e-a5e8cc881d53,String,true,Boolean
acs:9234729e-3dc8-4df6-888e-a5e8cc881d53_0000000c-a4ca-35e9-ec78-c93a0d004661,,2021-11-10T23:21:40.2706622Z,true,Boolean,9234729e-3dc8-4df6-888e-a5e8cc881d53,String,true,Boolean
acs:9234729e-3dc8-4df6-888e-a5e8cc881d53_0000000c-a4ca-38ad-6f75-c93a0d0002ce,,2021-11-10T23:21:40.2716616Z,true,Boolean,9234729e-3dc8-4df6-888e-a5e8cc881d53,String,true,Boolean
acs:9234729e-3dc8-4df6-888e-a5e8cc881d53_0000000c-a4ca-3b47-ec78-c93a0d004662,,2021-11-10T23:21:40.2736608Z,true,Boolean,9234729e-3dc8-4df6-888e-a5e8cc881d53,String,true,Boolean
acs:9234729e-3dc8-4df6-888e-a5e8cc881d53_0000000c-a4ca-3e3a-6f75-c93a0d0002d0,,2021-11-10T23:21:40.2746615Z,true,Boolean,9234729e-3dc8-4df6-888e-a5e8cc881d53,String,true,Boolean
acs:9234729e-3dc8-4df6-888e-a5e8cc881d53_0000000c-a4ca-410e-ec78-c93a0d004663,,2021-11-10T23:21:40.2726611Z,true,Boolean,9234729e-3dc8-4df6-888e-a5e8cc881d53,String,true,Boolean
acs:9234729e-3dc8-4df6-888e-a5e8cc881d53_0000000c-a4ca-469a-6f75-c93a0d0002d1,,2021-11-10T23:21:40.2736608Z,true,Boolean,9234729e-3dc8-4df6-888e-a5e8cc881d53,String,true,Boolean
acs:9234729e-3dc8-4df6-888e-a5e8cc881d53_0000000c-a4ca-4961-6f75-c93a0d0002d2,,2021-11-10T23:21:40.2736608Z,true,Boolean,9234729e-3dc8-4df6-888e-a5e8cc881d53,String,true,Boolean
acs:9234729e-3dc8-4df6-888e-a5e8cc881d53_0000000c-a4ca-4c26-6f75-c93a0d0002d3,,2021-11-10T23:21:40.2766601Z,true,Boolean,9234729e-3dc8-4df6-888e-a5e8cc881d53,String,true,Boolean
acs:9234729e-3dc8-4df6-888e-a5e8cc881d53_0000000c-a4ca-4f0c-6f75-c93a0d0002d4,,2021-11-10T23:21:40.2776588Z,true,Boolean,9234729e-3dc8-4df6-888e-a5e8cc881d53,String,true,Boolean
acs:9234729e-3dc8-4df6-888e-a5e8cc881d53_0000000c-a4ca-51cd-6f75-c93a0d0002d6,,2021-11-10T23:21:40.2776588Z,true,Boolean,9234729e-3dc8-4df6-888e-a5e8cc881d53,String,true,Boolean
acs:9234729e-3dc8-4df6-888e-a5e8cc881d53_0000000c-a4ca-54a5-6f75-c93a0d0002d7,,2021-11-10T23:21:40.2756604Z,true,Boolean,9234729e-3dc8-4df6-888e-a5e8cc881d53,String,true,Boolean
acs:9234729e-3dc8-4df6-888e-a5e8cc881d53_0000000c-a4ca-5774-6f75-c93a0d0002d8,,2021-11-10T23:21:40.2786578Z,true,Boolean,9234729e-3dc8-4df6-888e-a5e8cc881d53,String,true,Boolean
acs:9234729e-3dc8-4df6-888e-a5e8cc881d53_0000000c-a4ca-5a48-6f75-c93a0d0002d9,,2021-11-10T23:21:40.2806564Z,true,Boolean,9234729e-3dc8-4df6-888e-a5e8cc881d53,String,true,Boolean
acs:9234729e-3dc8-4df6-888e-a5e8cc881d53_0000000c-a4ca-5d07-6f75-c93a0d0002da,,2021-11-10T23:21:40.2816564Z,true,Boolean,9234729e-3dc8-4df6-888e-a5e8cc881d53,String,true,Boolean
acs:9234729e-3dc8-4df6-888e-a5e8cc881d53_0000000c-a4ca-5fc6-6f75-c93a0d0002db,,2021-11-10T23:21:40.2816564Z,true,Boolean,9234729e-3dc8-4df6-888e-a5e8cc881d53,String,true,Boolean
acs:9234729e-3dc8-4df6-888e-a5e8cc881d53_0000000c-a4ca-6286-6f75-c93a0d0002dd,,2021-11-10T23:21:40.2816564Z,true,Boolean,9234729e-3dc8-4df6-888e-a5e8cc881d53,String,true,Boolean
acs:9234729e-3dc8-4df6-888e-a5e8cc881d53_0000000c-a4ca-6553-6f75-c93a0d0002df,,2021-11-10T23:21:40.2926512Z,true,Boolean,9234729e-3dc8-4df6-888e-a5e8cc881d53,String,true,Boolean
acs:9234729e-3dc8-4df6-888e-a5e8cc881d53_0000000c-a4ca-6826-6f75-c93a0d0002e0,,2021-11-10T23:21:40.2926512Z,true,Boolean,9234729e-3dc8-4df6-888e-a5e8cc881d53,String,true,Boolean
acs:9234729e-3dc8-4df6-888e-a5e8cc881d53_0000000c-a4ca-6ade-6f75-c93a0d0002e1,,2021-11-10T23:21:40.2936493Z,true,Boolean,9234729e-3dc8-4df6-888e-a5e8cc881d53,String,true,Boolean
acs:9234729e-3dc8-4df6-888e-a5e8cc881d53_0000000c-a4ca-6df1-6f75-c93a0d0002e2,,2021-11-10T23:21:40.2936493Z,true,Boolean,9234729e-3dc8-4df6-888e-a5e8cc881d53,String,true,Boolean
acs:9234729e-3dc8-4df6-888e-a5e8cc881d53_0000000c-a4ca-7097-6f75-c93a0d0002e3,,2021-11-10T23:21:40.2946504Z,true,Boolean,9234729e-3dc8-4df6-888e-a5e8cc881d53,String,true,Boolean
acs:9234729e-3dc8-4df6-888e-a5e8cc881d53_0000000c-a4ca-734e-6f75-c93a0d0002e4,,2021-11-10T23:21:40.2966494Z,true,Boolean,9234729e-3dc8-4df6-888e-a5e8cc881d53,String,true,Boolean
acs:9234729e-3dc8-4df6-888e-a5e8cc881d53_0000000c-a4ca-7607-6f75-c93a0d0002e5,,2021-11-10T23:21:40.2946504Z,true,Boolean,9234729e-3dc8-4df6-888e-a5e8cc881d53,String,true,Boolean
acs:9234729e-3dc8-4df6-888e-a5e8cc881d53_0000000c-a4ca-78a2-6f75-c93a0d0002e6,,2021-11-10T23:21:40.2956485Z,true,Boolean,9234729e-3dc8-4df6-888e-a5e8cc881d53,String,true,Boolean
acs:9234729e-3dc8-4df6-888e-a5e8cc881d53_0000000c-a4ca-7b72-6f75-c93a0d0002e7,,2021-11-10T23:21:40.2976479Z,true,Boolean,9234729e-3dc8-4df6-888e-a5e8cc881d53,String,true,Boolean
acs:9234729e-3dc8-4df6-888e-a5e8cc881d53_0000000c-a4ca-7e3b-6f75-c93a0d0002e8,,2021-11-10T23:21:40.2986468Z,true,Boolean,9234729e-3dc8-4df6-888e-a5e8cc881d53,String,true,Boolean
acs:9234729e-3dc8-4df6-888e-a5e8cc881d53_0000000c-a4ca-8103-6f75-c93a0d0002e9,,2021-11-10T23:21:40.3006454Z,true,Boolean,9234729e-3dc8-4df6-888e-a5e8cc881d53,String,true,Boolean
acs:9234729e-3dc8-4df6-888e-a5e8cc881d53_0000000c-a4ca-83d8-6f75-c93a0d0002ea,,2021-11-10T23:21:40.3016457Z,true,Boolean,9234729e-3dc8-4df6-888e-a5e8cc881d53,String,true,Boolean
acs:9234729e-3dc8-4df6-888e-a5e8cc881d53_0000000c-a4ca-8698-6f75-c93a0d0002eb,,2021-11-10T23:21:40.305643Z,true,Boolean,9234729e-3dc8-4df6-888e-a5e8cc881d53,String,true,Boolean
acs:9234729e-3dc8-4df6-888e-a5e8cc881d53_0000000c-a4ca-895f-6f75-c93a0d0002ec,,2021-11-10T23:21:40.3096401Z,true,Boolean,9234729e-3dc8-4df6-888e-a5e8cc881d53,String,true,Boolean
acs:9234729e-3dc8-4df6-888e-a5e8cc881d53_0000000c-a4ca-8c39-6f75-c93a0d0002ed,,2021-11-10T23:21:40.3096401Z,true,Boolean,9234729e-3dc8-4df6-888e-a5e8cc881d53,String,true,Boolean
acs:9234729e-3dc8-4df6-888e-a5e8cc881d53_0000000c-a4ca-8f47-6f75-c93a0d0002ef,,2021-11-10T23:21:40.3096401Z,true,Boolean,9234729e-3dc8-4df6-888e-a5e8cc881d53,String,true,Boolean
acs:9234729e-3dc8-4df6-888e-a5e8cc881d53_0000000c-a4ca-91f4-6f75-c93a0d0002f0,,2021-11-10T23:21:40.31164Z,true,Boolean,9234729e-3dc8-4df6-888e-a5e8cc881d53,String,true,Boolean
acs:9234729e-3dc8-4df6-888e-a5e8cc881d53_0000000c-a4ca-94af-6f75-c93a0d0002f1,,2021-11-10T23:21:40.3136383Z,true,Boolean,9234729e-3dc8-4df6-888e-a5e8cc881d53,String,true,Boolean
acs:9234729e-3dc8-4df6-888e-a5e8cc881d53_0000000c-a4ca-9768-6f75-c93a0d0002f2,,2021-11-10T23:21:40.3156375Z,true,Boolean,9234729e-3dc8-4df6-888e-a5e8cc881d53,String,true,Boolean
acs:9234729e-3dc8-4df6-888e-a5e8cc881d53_0000000c-a4ca-9a4d-6f75-c93a0d0002f3,,2021-11-10T23:21:40.3166368Z,true,Boolean,9234729e-3dc8-4df6-888e-a5e8cc881d53,String,true,Boolean
acs:9234729e-3dc8-4df6-888e-a5e8cc881d53_0000000c-a4ca-9d22-6f75-c93a0d0002f4,,2021-11-10T23:21:40.3216345Z,true,Boolean,9234729e-3dc8-4df6-888e-a5e8cc881d53,String,true,Boolean
acs:9234729e-3dc8-4df6-888e-a5e8cc881d53_0000000c-a4ca-9fe5-6f75-c93a0d0002f5,,2021-11-10T23:21:40.3226334Z,true,Boolean,9234729e-3dc8-4df6-888e-a5e8cc881d53,String,true,Boolean
acs:9234729e-3dc8-4df6-888e-a5e8cc881d53_0000000c-a4ca-a2ac-6f75-c93a0d0002f6,,2021-11-10T23:21:40.3246322Z,true,Boolean,9234729e-3dc8-4df6-888e-a5e8cc881d53,String,true,Boolean
acs:9234729e-3dc8-4df6-888e-a5e8cc881d53_0000000c-a4ca-a572-6f75-c93a0d0002f7,,2021-11-10T23:21:40.3276316Z,true,Boolean,9234729e-3dc8-4df6-888e-a5e8cc881d53,String,true,Boolean
acs:9234729e-3dc8-4df6-888e-a5e8cc881d53_0000000c-a4ca-a825-6f75-c93a0d0002f8,,2021-11-10T23:21:40.3296298Z,true,Boolean,9234729e-3dc8-4df6-888e-a5e8cc881d53,String,true,Boolean
acs:9234729e-3dc8-4df6-888e-a5e8cc881d53_0000000c-a4ca-ab0c-6f75-c93a0d0002f9,,2021-11-10T23:21:40.3326273Z,true,Boolean,9234729e-3dc8-4df6-888e-a5e8cc881d53,String,true,Boolean
acs:9234729e-3dc8-4df6-888e-a5e8cc881d53_0000000c-a4ca-adcf-6f75-c93a0d0002fa,,2021-11-10T23:21:40.3416226Z,true,Boolean,9234729e-3dc8-4df6-888e-a5e8cc881d53,String,true,Boolean
acs:9234729e-3dc8-4df6-888e-a5e8cc881d53_0000000c-a4ca-b092-6f75-c93a0d0002fb,,2021-11-10T23:21:40.3376241Z,true,Boolean,9234729e-3dc8-4df6-888e-a5e8cc881d53,String,true,Boolean
acs:9234729e-3dc8-4df6-888e-a5e8cc881d53_0000000c-a4ca-b340-6f75-c93a0d0002fc,,2021-11-10T23:21:40.3376241Z,true,Boolean,9234729e-3dc8-4df6-888e-a5e8cc881d53,String,true,Boolean
acs:9234729e-3dc8-4df6-888e-a5e8cc881d53_0000000c-a4ca-b5f3-6f75-c93a0d0002fd,,2021-11-10T23:21:40.3406239Z,true,Boolean,9234729e-3dc8-4df6-888e-a5e8cc881d53,String,true,Boolean
acs:9234729e-3dc8-4df6-888e-a5e8cc881d53_0000000c-a4ca-b8c0-6f75-c93a0d0002fe,,2021-11-10T23:21:40.3426218Z,true,Boolean,9234729e-3dc8-4df6-888e-a5e8cc881d53,String,true,Boolean
acs:9234729e-3dc8-4df6-888e-a5e8cc881d53_0000000c-a4ca-bf26-3b74-c93a0d0036bc,,2021-11-10T23:21:40.3456194Z,true,Boolean,9234729e-3dc8-4df6-888e-a5e8cc881d53,String,true,Boolean
acs:9234729e-3dc8-4df6-888e-a5e8cc881d53_0000000c-a4ca-c200-3b74-c93a0d0036bd,,2021-11-10T23:21:40.3506174Z,true,Boolean,9234729e-3dc8-4df6-888e-a5e8cc881d53,String,true,Boolean
acs:9234729e-3dc8-4df6-888e-a5e8cc881d53_0000000c-a4ca-c4d2-3b74-c93a0d0036bf,,2021-11-10T23:21:40.3536155Z,true,Boolean,9234729e-3dc8-4df6-888e-a5e8cc881d53,String,true,Boolean
acs:9234729e-3dc8-4df6-888e-a5e8cc881d53_0000000c-a4ca-c797-3b74-c93a0d0036c0,,2021-11-10T23:21:40.3536155Z,true,Boolean,9234729e-3dc8-4df6-888e-a5e8cc881d53,String,true,Boolean
acs:9234729e-3dc8-4df6-888e-a5e8cc881d53_0000000c-a4ca-ca42-3b74-c93a0d0036c1,,2021-11-10T23:21:40.3546152Z,true,Boolean,9234729e-3dc8-4df6-888e-a5e8cc881d53,String,true,Boolean
acs:9234729e-3dc8-4df6-888e-a5e8cc881d53_0000000c-a4ca-cd20-3b74-c93a0d0036c2,,2021-11-10T23:21:40.358612Z,true,Boolean,9234729e-3dc8-4df6-888e-a5e8cc881d53,String,true,Boolean
acs:9234729e-3dc8-4df6-888e-a5e8cc881d53_0000000c-a4ca-cfec-3b74-c93a0d0036c3,,2021-11-10T23:21:40.3616115Z,true,Boolean,9234729e-3dc8-4df6-888e-a5e8cc881d53,String,true,Boolean
acs:9234729e-3dc8-4df6-888e-a5e8cc881d53_0000000c-a4ca-d2ad-3b74-c93a0d0036c4,,2021-11-10T23:21:40.3626108Z,true,Boolean,9234729e-3dc8-4df6-888e-a5e8cc881d53,String,true,Boolean
acs:9234729e-3dc8-4df6-888e-a5e8cc881d53_0000000c-a4ca-d578-3b74-c93a0d0036c5,,2021-11-10T23:21:40.3676072Z,true,Boolean,9234729e-3dc8-4df6-888e-a5e8cc881d53,String,true,Boolean
acs:9234729e-3dc8-4df6-888e-a5e8cc881d53_0000000c-a4ca-d863-3b74-c93a0d0036c6,,2021-11-10T23:21:40.3686069Z,true,Boolean,9234729e-3dc8-4df6-888e-a5e8cc881d53,String,true,Boolean
acs:9234729e-3dc8-4df6-888e-a5e8cc881d53_0000000c-a4ca-db29-3b74-c93a0d0036c7,,2021-11-10T23:21:40.3696066Z,true,Boolean,9234729e-3dc8-4df6-888e-a5e8cc881d53,String,true,Boolean
acs:9234729e-3dc8-4df6-888e-a5e8cc881d53_0000000c-a4ca-de0d-3b74-c93a0d0036c8,,2021-11-10T23:21:40.372605Z,true,Boolean,9234729e-3dc8-4df6-888e-a5e8cc881d53,String,true,Boolean
acs:9234729e-3dc8-4df6-888e-a5e8cc881d53_0000000c-a4ca-e0d7-3b74-c93a0d0036c9,,2021-11-10T23:21:40.3746037Z,true,Boolean,9234729e-3dc8-4df6-888e-a5e8cc881d53,String,true,Boolean
acs:9234729e-3dc8-4df6-888e-a5e8cc881d53_0000000c-a4ca-e399-3b74-c93a0d0036ca,,2021-11-10T23:21:40.3815998Z,true,Boolean,9234729e-3dc8-4df6-888e-a5e8cc881d53,String,true,Boolean
acs:9234729e-3dc8-4df6-888e-a5e8cc881d53_0000000c-a4ca-e654-3b74-c93a0d0036cb,,2021-11-10T23:21:40.3825984Z,true,Boolean,9234729e-3dc8-4df6-888e-a5e8cc881d53,String,true,Boolean
acs:9234729e-3dc8-4df6-888e-a5e8cc881d53_0000000c-a4ca-ee69-ea7b-c93a0d00488e,,2021-11-10T23:21:40.383598Z,true,Boolean,9234729e-3dc8-4df6-888e-a5e8cc881d53,String,true,Boolean
acs:9234729e-3dc8-4df6-888e-a5e8cc881d53_0000000c-a4ca-f132-ea7b-c93a0d00488f,,2021-11-10T23:21:40.3855978Z,true,Boolean,9234729e-3dc8-4df6-888e-a5e8cc881d53,String,true,Boolean
acs:9234729e-3dc8-4df6-888e-a5e8cc881d53_0000000c-a4ca-f3ec-ea7b-c93a0d004890,,2021-11-10T23:21:40.3915937Z,true,Boolean,9234729e-3dc8-4df6-888e-a5e8cc881d53,String,true,Boolean
acs:9234729e-3dc8-4df6-888e-a5e8cc881d53_0000000c-a4ca-f6aa-ea7b-c93a0d004891,,2021-11-10T23:21:40.3955921Z,true,Boolean,9234729e-3dc8-4df6-888e-a5e8cc881d53,String,true,Boolean
acs:9234729e-3dc8-4df6-888e-a5e8cc881d53_0000000c-a4ca-f957-ea7b-c93a0d004892,,2021-11-10T23:21:40.3925931Z,true,Boolean,9234729e-3dc8-4df6-888e-a5e8cc881d53,String,true,Boolean
acs:9234729e-3dc8-4df6-888e-a5e8cc881d53_0000000c-a4ca-fc15-ea7b-c93a0d004893,,2021-11-10T23:21:40.3985891Z,true,Boolean,9234729e-3dc8-4df6-888e-a5e8cc881d53,String,true,Boolean
acs:9234729e-3dc8-4df6-888e-a5e8cc881d53_0000000c-a4ca-fec0-ea7b-c93a0d004894,,2021-11-10T23:21:40.3995892Z,true,Boolean,9234729e-3dc8-4df6-888e-a5e8cc881d53,String,true,Boolean
acs:9234729e-3dc8-4df6-888e-a5e8cc881d53_0000000c-a4cb-0196-ea7b-c93a0d004895,,2021-11-10T23:21:40.3995892Z,true,Boolean,9234729e-3dc8-4df6-888e-a5e8cc881d53,String,true,Boolean
acs:9234729e-3dc8-4df6-888e-a5e8cc881d53_0000000c-a4cb-044c-ea7b-c93a0d004896,,2021-11-10T23:21:40.4015885Z,true,Boolean,9234729e-3dc8-4df6-888e-a5e8cc881d53,String,true,Boolean
acs:9234729e-3dc8-4df6-888e-a5e8cc881d53_0000000c-a4cb-0c67-0172-c93a0d00251b,,2021-11-10T23:21:40.4025869Z,true,Boolean,9234729e-3dc8-4df6-888e-a5e8cc881d53,String,true,Boolean
acs:9234729e-3dc8-4df6-888e-a5e8cc881d53_0000000c-a4cb-0f44-0172-c93a0d00251c,,2021-11-10T23:21:40.4045857Z,true,Boolean,9234729e-3dc8-4df6-888e-a5e8cc881d53,String,true,Boolean
acs:9234729e-3dc8-4df6-888e-a5e8cc881d53_0000000c-a4cb-1203-0172-c93a0d00251d,,2021-11-10T23:21:40.4115826Z,true,Boolean,9234729e-3dc8-4df6-888e-a5e8cc881d53,String,true,Boolean
acs:9234729e-3dc8-4df6-888e-a5e8cc881d53_0000000c-a4cb-14d6-0172-c93a0d00251e,,2021-11-10T23:21:40.4125822Z,true,Boolean,9234729e-3dc8-4df6-888e-a5e8cc881d53,String,true,Boolean
acs:9234729e-3dc8-4df6-888e-a5e8cc881d53_0000000c-a4cb-1794-0172-c93a0d00251f,,2021-11-10T23:21:40.4115826Z,true,Boolean,9234729e-3dc8-4df6-888e-a5e8cc881d53,String,true,Boolean
acs:9234729e-3dc8-4df6-888e-a5e8cc881d53_0000000c-a4cb-1a4d-0172-c93a0d002520,,2021-11-10T23:21:40.4155795Z,true,Boolean,9234729e-3dc8-4df6-888e-a5e8cc881d53,String,true,Boolean
acs:9234729e-3dc8-4df6-888e-a5e8cc881d53_0000000c-a4cb-1d21-0172-c93a0d002521,,2021-11-10T23:21:40.4275737Z,true,Boolean,9234729e-3dc8-4df6-888e-a5e8cc881d53,String,true,Boolean
acs:9234729e-3dc8-4df6-888e-a5e8cc881d53_0000000c-a4cb-2009-0172-c93a0d002522,,2021-11-10T23:21:40.4185776Z,true,Boolean,9234729e-3dc8-4df6-888e-a5e8cc881d53,String,true,Boolean
acs:9234729e-3dc8-4df6-888e-a5e8cc881d53_0000000c-a4cb-2533-0172-c93a0d002523,,2021-11-10T23:21:40.4275737Z,true,Boolean,9234729e-3dc8-4df6-888e-a5e8cc881d53,String,true,Boolean
acs:97de5e21-1e04-494d-bd83-ddd63bbd9d8c_0000000c-43b9-5deb-d999-d93a0d008e7d,,2021-11-10T23:21:40.6774307Z,true,Boolean,97de5e21-1e04-494d-bd83-ddd63bbd9d8c,String,true,Boolean
acs:97de5e21-1e04-494d-bd83-ddd63bbd9d8c_0000000c-43b9-5f6d-d999-d93a0d008e7e,,2021-11-10T23:21:40.6774307Z,true,Boolean,97de5e21-1e04-494d-bd83-ddd63bbd9d8c,String,true,Boolean
acs:97de5e21-1e04-494d-bd83-ddd63bbd9d8c_0000000c-43b9-60f8-d999-d93a0d008e7f,,2021-11-10T23:21:40.6774307Z,true,Boolean,97de5e21-1e04-494d-bd83-ddd63bbd9d8c,String,true,Boolean
acs:97de5e21-1e04-494d-bd83-ddd63bbd9d8c_0000000c-43b9-6277-d999-d93a0d008e80,,2021-11-10T23:21:40.6774307Z,true,Boolean,97de5e21-1e04-494d-bd83-ddd63bbd9d8c,String,true,Boolean
acs:97de5e21-1e04-494d-bd83-ddd63bbd9d8c_0000000c-43b9-63f7-d999-d93a0d008e81,,2021-11-10T23:21:40.6774307Z,true,Boolean,97de5e21-1e04-494d-bd83-ddd63bbd9d8c,String,true,Boolean
acs:97de5e21-1e04-494d-bd83-ddd63bbd9d8c_0000000c-43b9-657c-d999-d93a0d008e82,,2021-11-10T23:21:40.6774307Z,true,Boolean,97de5e21-1e04-494d-bd83-ddd63bbd9d8c,String,true,Boolean
acs:97de5e21-1e04-494d-bd83-ddd63bbd9d8c_0000000c-43b9-6713-d999-d93a0d008e83,,2021-11-10T23:21:40.6784294Z,true,Boolean,97de5e21-1e04-494d-bd83-ddd63bbd9d8c,String,true,Boolean
acs:97de5e21-1e04-494d-bd83-ddd63bbd9d8c_0000000c-43b9-68a8-d999-d93a0d008e84,,2021-11-10T23:21:40.6784294Z,true,Boolean,97de5e21-1e04-494d-bd83-ddd63bbd9d8c,String,true,Boolean
acs:97de5e21-1e04-494d-bd83-ddd63bbd9d8c_0000000c-43b9-6a4b-d999-d93a0d008e85,,2021-11-10T23:21:40.6824276Z,true,Boolean,97de5e21-1e04-494d-bd83-ddd63bbd9d8c,String,true,Boolean
acs:97de5e21-1e04-494d-bd83-ddd63bbd9d8c_0000000c-43b9-6bdd-d999-d93a0d008e86,,2021-11-10T23:21:40.6834278Z,true,Boolean,97de5e21-1e04-494d-bd83-ddd63bbd9d8c,String,true,Boolean
acs:97de5e21-1e04-494d-bd83-ddd63bbd9d8c_0000000c-a4c9-4acd-0369-da3a0d00efe8,,2021-11-10T23:21:40.6834278Z,true,Boolean,97de5e21-1e04-494d-bd83-ddd63bbd9d8c,String,true,Boolean
acs:97de5e21-1e04-494d-bd83-ddd63bbd9d8c_0000000c-a4c9-4c94-0369-da3a0d00efe9,,2021-11-10T23:21:40.684427Z,true,Boolean,97de5e21-1e04-494d-bd83-ddd63bbd9d8c,String,true,Boolean
acs:97de5e21-1e04-494d-bd83-ddd63bbd9d8c_0000000c-a4c9-4e5e-0369-da3a0d00efea,,2021-11-10T23:21:40.684427Z,true,Boolean,97de5e21-1e04-494d-bd83-ddd63bbd9d8c,String,true,Boolean
acs:97de5e21-1e04-494d-bd83-ddd63bbd9d8c_0000000c-a4c9-5023-0369-da3a0d00efeb,,2021-11-10T23:21:40.6854264Z,true,Boolean,97de5e21-1e04-494d-bd83-ddd63bbd9d8c,String,true,Boolean
acs:97de5e21-1e04-494d-bd83-ddd63bbd9d8c_0000000c-a4c9-51cf-0369-da3a0d00efed,,2021-11-10T23:21:40.6854264Z,true,Boolean,97de5e21-1e04-494d-bd83-ddd63bbd9d8c,String,true,Boolean
acs:97de5e21-1e04-494d-bd83-ddd63bbd9d8c_0000000c-a4c9-5383-0369-da3a0d00efef,,2021-11-10T23:21:40.684427Z,true,Boolean,97de5e21-1e04-494d-bd83-ddd63bbd9d8c,String,true,Boolean
acs:97de5e21-1e04-494d-bd83-ddd63bbd9d8c_0000000c-a4c9-5a91-fa48-d93a0d004096,,2021-11-10T23:21:40.6854264Z,true,Boolean,97de5e21-1e04-494d-bd83-ddd63bbd9d8c,String,true,Boolean
acs:97de5e21-1e04-494d-bd83-ddd63bbd9d8c_0000000c-a4c9-5c9d-fa48-d93a0d004097,,2021-11-10T23:21:40.6894235Z,true,Boolean,97de5e21-1e04-494d-bd83-ddd63bbd9d8c,String,true,Boolean
acs:97de5e21-1e04-494d-bd83-ddd63bbd9d8c_0000000c-a4c9-5e97-fa48-d93a0d004099,,2021-11-10T23:21:40.6904235Z,true,Boolean,97de5e21-1e04-494d-bd83-ddd63bbd9d8c,String,true,Boolean
acs:97de5e21-1e04-494d-bd83-ddd63bbd9d8c_0000000c-a4c9-60a3-fa48-d93a0d00409b,,2021-11-10T23:21:40.6904235Z,true,Boolean,97de5e21-1e04-494d-bd83-ddd63bbd9d8c,String,true,Boolean
acs:97de5e21-1e04-494d-bd83-ddd63bbd9d8c_0000000c-a4c9-62b5-fa48-d93a0d00409c,,2021-11-10T23:21:40.6974185Z,true,Boolean,97de5e21-1e04-494d-bd83-ddd63bbd9d8c,String,true,Boolean
acs:97de5e21-1e04-494d-bd83-ddd63bbd9d8c_0000000c-a4c9-64c7-fa48-d93a0d00409d,,2021-11-10T23:21:40.6914224Z,true,Boolean,97de5e21-1e04-494d-bd83-ddd63bbd9d8c,String,true,Boolean
acs:97de5e21-1e04-494d-bd83-ddd63bbd9d8c_0000000c-a4c9-66c2-fa48-d93a0d00409e,,2021-11-10T23:21:40.6894235Z,true,Boolean,97de5e21-1e04-494d-bd83-ddd63bbd9d8c,String,true,Boolean
acs:97de5e21-1e04-494d-bd83-ddd63bbd9d8c_0000000c-a4c9-68c8-fa48-d93a0d00409f,,2021-11-10T23:21:40.6904235Z,true,Boolean,97de5e21-1e04-494d-bd83-ddd63bbd9d8c,String,true,Boolean
acs:97de5e21-1e04-494d-bd83-ddd63bbd9d8c_0000000c-a4c9-6ada-fa48-d93a0d0040a1,,2021-11-10T23:21:40.6914224Z,true,Boolean,97de5e21-1e04-494d-bd83-ddd63bbd9d8c,String,true,Boolean
acs:97de5e21-1e04-494d-bd83-ddd63bbd9d8c_0000000c-a4c9-6ce6-fa48-d93a0d0040a2,,2021-11-10T23:21:40.6964199Z,true,Boolean,97de5e21-1e04-494d-bd83-ddd63bbd9d8c,String,true,Boolean
acs:97de5e21-1e04-494d-bd83-ddd63bbd9d8c_0000000c-a4c9-6f0f-fa48-d93a0d0040a3,,2021-11-10T23:21:40.6954208Z,true,Boolean,97de5e21-1e04-494d-bd83-ddd63bbd9d8c,String,true,Boolean
acs:97de5e21-1e04-494d-bd83-ddd63bbd9d8c_0000000c-a4c9-710e-fa48-d93a0d0040a4,,2021-11-10T23:21:40.6984179Z,true,Boolean,97de5e21-1e04-494d-bd83-ddd63bbd9d8c,String,true,Boolean
acs:97de5e21-1e04-494d-bd83-ddd63bbd9d8c_0000000c-a4c9-730d-fa48-d93a0d0040a5,,2021-11-10T23:21:40.6964199Z,true,Boolean,97de5e21-1e04-494d-bd83-ddd63bbd9d8c,String,true,Boolean
acs:97de5e21-1e04-494d-bd83-ddd63bbd9d8c_0000000c-a4c9-7510-fa48-d93a0d0040a6,,2021-11-10T23:21:40.6974185Z,true,Boolean,97de5e21-1e04-494d-bd83-ddd63bbd9d8c,String,true,Boolean
acs:97de5e21-1e04-494d-bd83-ddd63bbd9d8c_0000000c-a4c9-7715-fa48-d93a0d0040a7,,2021-11-10T23:21:40.6984179Z,true,Boolean,97de5e21-1e04-494d-bd83-ddd63bbd9d8c,String,true,Boolean
acs:97de5e21-1e04-494d-bd83-ddd63bbd9d8c_0000000c-a4c9-78f5-fa48-d93a0d0040a8,,2021-11-10T23:21:40.6964199Z,true,Boolean,97de5e21-1e04-494d-bd83-ddd63bbd9d8c,String,true,Boolean
acs:97de5e21-1e04-494d-bd83-ddd63bbd9d8c_0000000c-a4c9-7b0e-fa48-d93a0d0040a9,,2021-11-10T23:21:40.6974185Z,true,Boolean,97de5e21-1e04-494d-bd83-ddd63bbd9d8c,String,true,Boolean
acs:97de5e21-1e04-494d-bd83-ddd63bbd9d8c_0000000c-a4c9-7cff-fa48-d93a0d0040aa,,2021-11-10T23:21:40.704415Z,true,Boolean,97de5e21-1e04-494d-bd83-ddd63bbd9d8c,String,true,Boolean
acs:97de5e21-1e04-494d-bd83-ddd63bbd9d8c_0000000c-a4c9-7ef8-fa48-d93a0d0040ab,,2021-11-10T23:21:40.704415Z,true,Boolean,97de5e21-1e04-494d-bd83-ddd63bbd9d8c,String,true,Boolean
acs:97de5e21-1e04-494d-bd83-ddd63bbd9d8c_0000000c-a4c9-810b-fa48-d93a0d0040ac,,2021-11-10T23:21:40.704415Z,true,Boolean,97de5e21-1e04-494d-bd83-ddd63bbd9d8c,String,true,Boolean
acs:97de5e21-1e04-494d-bd83-ddd63bbd9d8c_0000000c-a4c9-8309-fa48-d93a0d0040ad,,2021-11-10T23:21:40.7154098Z,true,Boolean,97de5e21-1e04-494d-bd83-ddd63bbd9d8c,String,true,Boolean
acs:97de5e21-1e04-494d-bd83-ddd63bbd9d8c_0000000c-a4c9-851e-fa48-d93a0d0040ae,,2021-11-10T23:21:40.7154098Z,true,Boolean,97de5e21-1e04-494d-bd83-ddd63bbd9d8c,String,true,Boolean
acs:97de5e21-1e04-494d-bd83-ddd63bbd9d8c_0000000c-a4c9-8734-fa48-d93a0d0040af,,2021-11-10T23:21:40.7154098Z,true,Boolean,97de5e21-1e04-494d-bd83-ddd63bbd9d8c,String,true,Boolean
acs:97de5e21-1e04-494d-bd83-ddd63bbd9d8c_0000000c-a4c9-8937-fa48-d93a0d0040b0,,2021-11-10T23:21:40.7144095Z,true,Boolean,97de5e21-1e04-494d-bd83-ddd63bbd9d8c,String,true,Boolean
acs:97de5e21-1e04-494d-bd83-ddd63bbd9d8c_0000000c-a4c9-8b53-fa48-d93a0d0040b1,,2021-11-10T23:21:40.7164079Z,true,Boolean,97de5e21-1e04-494d-bd83-ddd63bbd9d8c,String,true,Boolean
acs:97de5e21-1e04-494d-bd83-ddd63bbd9d8c_0000000c-a4c9-8d5b-fa48-d93a0d0040b2,,2021-11-10T23:21:40.717407Z,true,Boolean,97de5e21-1e04-494d-bd83-ddd63bbd9d8c,String,true,Boolean
acs:97de5e21-1e04-494d-bd83-ddd63bbd9d8c_0000000c-a4c9-8f62-fa48-d93a0d0040b3,,2021-11-10T23:21:40.7184068Z,true,Boolean,97de5e21-1e04-494d-bd83-ddd63bbd9d8c,String,true,Boolean
acs:97de5e21-1e04-494d-bd83-ddd63bbd9d8c_0000000c-a4c9-9163-fa48-d93a0d0040b4,,2021-11-10T23:21:40.7304001Z,true,Boolean,97de5e21-1e04-494d-bd83-ddd63bbd9d8c,String,true,Boolean
acs:97de5e21-1e04-494d-bd83-ddd63bbd9d8c_0000000c-a4c9-9394-fa48-d93a0d0040b5,,2021-11-10T23:21:40.723404Z,true,Boolean,97de5e21-1e04-494d-bd83-ddd63bbd9d8c,String,true,Boolean
acs:97de5e21-1e04-494d-bd83-ddd63bbd9d8c_0000000c-a4c9-95a6-fa48-d93a0d0040b6,,2021-11-10T23:21:40.7224048Z,true,Boolean,97de5e21-1e04-494d-bd83-ddd63bbd9d8c,String,true,Boolean
acs:97de5e21-1e04-494d-bd83-ddd63bbd9d8c_0000000c-a4c9-979f-fa48-d93a0d0040b8,,2021-11-10T23:21:40.723404Z,true,Boolean,97de5e21-1e04-494d-bd83-ddd63bbd9d8c,String,true,Boolean
acs:97de5e21-1e04-494d-bd83-ddd63bbd9d8c_0000000c-a4c9-99aa-fa48-d93a0d0040b9,,2021-11-10T23:21:40.723404Z,true,Boolean,97de5e21-1e04-494d-bd83-ddd63bbd9d8c,String,true,Boolean
acs:97de5e21-1e04-494d-bd83-ddd63bbd9d8c_0000000c-a4c9-9bd8-fa48-d93a0d0040ba,,2021-11-10T23:21:40.723404Z,true,Boolean,97de5e21-1e04-494d-bd83-ddd63bbd9d8c,String,true,Boolean
acs:97de5e21-1e04-494d-bd83-ddd63bbd9d8c_0000000c-a4c9-9de1-fa48-d93a0d0040bb,,2021-11-10T23:21:40.723404Z,true,Boolean,97de5e21-1e04-494d-bd83-ddd63bbd9d8c,String,true,Boolean
acs:97de5e21-1e04-494d-bd83-ddd63bbd9d8c_0000000c-a4c9-9fff-fa48-d93a0d0040bc,,2021-11-10T23:21:40.7284011Z,true,Boolean,97de5e21-1e04-494d-bd83-ddd63bbd9d8c,String,true,Boolean
acs:97de5e21-1e04-494d-bd83-ddd63bbd9d8c_0000000c-a4c9-a219-fa48-d93a0d0040be,,2021-11-10T23:21:40.7274018Z,true,Boolean,97de5e21-1e04-494d-bd83-ddd63bbd9d8c,String,true,Boolean
acs:97de5e21-1e04-494d-bd83-ddd63bbd9d8c_0000000c-a4c9-a438-fa48-d93a0d0040bf,,2021-11-10T23:21:40.7274018Z,true,Boolean,97de5e21-1e04-494d-bd83-ddd63bbd9d8c,String,true,Boolean
acs:97de5e21-1e04-494d-bd83-ddd63bbd9d8c_0000000c-a4c9-a647-fa48-d93a0d0040c0,,2021-11-10T23:21:40.7274018Z,true,Boolean,97de5e21-1e04-494d-bd83-ddd63bbd9d8c,String,true,Boolean
acs:97de5e21-1e04-494d-bd83-ddd63bbd9d8c_0000000c-a4c9-a84e-fa48-d93a0d0040c1,,2021-11-10T23:21:40.7274018Z,true,Boolean,97de5e21-1e04-494d-bd83-ddd63bbd9d8c,String,true,Boolean
acs:97de5e21-1e04-494d-bd83-ddd63bbd9d8c_0000000c-a4c9-aa65-fa48-d93a0d0040c2,,2021-11-10T23:21:40.7274018Z,true,Boolean,97de5e21-1e04-494d-bd83-ddd63bbd9d8c,String,true,Boolean
acs:97de5e21-1e04-494d-bd83-ddd63bbd9d8c_0000000c-a4c9-ac6b-fa48-d93a0d0040c5,,2021-11-10T23:21:40.7284011Z,true,Boolean,97de5e21-1e04-494d-bd83-ddd63bbd9d8c,String,true,Boolean
acs:97de5e21-1e04-494d-bd83-ddd63bbd9d8c_0000000c-a4c9-aeb3-fa48-d93a0d0040cb,,2021-11-10T23:21:40.7284011Z,true,Boolean,97de5e21-1e04-494d-bd83-ddd63bbd9d8c,String,true,Boolean
acs:97de5e21-1e04-494d-bd83-ddd63bbd9d8c_0000000c-a4c9-b0a5-fa48-d93a0d0040cc,,2021-11-10T23:21:40.7294005Z,true,Boolean,97de5e21-1e04-494d-bd83-ddd63bbd9d8c,String,true,Boolean
acs:97de5e21-1e04-494d-bd83-ddd63bbd9d8c_0000000c-a4c9-b2b1-fa48-d93a0d0040cd,,2021-11-10T23:21:40.7343977Z,true,Boolean,97de5e21-1e04-494d-bd83-ddd63bbd9d8c,String,true,Boolean
acs:97de5e21-1e04-494d-bd83-ddd63bbd9d8c_0000000c-a4c9-b4a5-fa48-d93a0d0040ce,,2021-11-10T23:21:40.7353967Z,true,Boolean,97de5e21-1e04-494d-bd83-ddd63bbd9d8c,String,true,Boolean
acs:97de5e21-1e04-494d-bd83-ddd63bbd9d8c_0000000c-a4c9-b68b-fa48-d93a0d0040cf,,2021-11-10T23:21:40.7343977Z,true,Boolean,97de5e21-1e04-494d-bd83-ddd63bbd9d8c,String,true,Boolean
acs:97de5e21-1e04-494d-bd83-ddd63bbd9d8c_0000000c-a4c9-b886-fa48-d93a0d0040d0,,2021-11-10T23:21:40.7353967Z,true,Boolean,97de5e21-1e04-494d-bd83-ddd63bbd9d8c,String,true,Boolean
acs:97de5e21-1e04-494d-bd83-ddd63bbd9d8c_0000000c-a4c9-bab1-fa48-d93a0d0040d1,,2021-11-10T23:21:40.7353967Z,true,Boolean,97de5e21-1e04-494d-bd83-ddd63bbd9d8c,String,true,Boolean
acs:97de5e21-1e04-494d-bd83-ddd63bbd9d8c_0000000c-a4c9-bcbc-fa48-d93a0d0040d2,,2021-11-10T23:21:40.7403948Z,true,Boolean,97de5e21-1e04-494d-bd83-ddd63bbd9d8c,String,true,Boolean
acs:97de5e21-1e04-494d-bd83-ddd63bbd9d8c_0000000c-a4c9-bec6-fa48-d93a0d0040d3,,2021-11-10T23:21:40.7433925Z,true,Boolean,97de5e21-1e04-494d-bd83-ddd63bbd9d8c,String,true,Boolean
acs:97de5e21-1e04-494d-bd83-ddd63bbd9d8c_0000000c-a4c9-c0da-fa48-d93a0d0040d4,,2021-11-10T23:21:40.7453915Z,true,Boolean,97de5e21-1e04-494d-bd83-ddd63bbd9d8c,String,true,Boolean
acs:97de5e21-1e04-494d-bd83-ddd63bbd9d8c_0000000c-a4c9-c2d1-fa48-d93a0d0040d5,,2021-11-10T23:21:40.7443923Z,true,Boolean,97de5e21-1e04-494d-bd83-ddd63bbd9d8c,String,true,Boolean
acs:97de5e21-1e04-494d-bd83-ddd63bbd9d8c_0000000c-a4c9-c4d7-fa48-d93a0d0040d6,,2021-11-10T23:21:40.7473904Z,true,Boolean,97de5e21-1e04-494d-bd83-ddd63bbd9d8c,String,true,Boolean
acs:97de5e21-1e04-494d-bd83-ddd63bbd9d8c_0000000c-a4c9-c6e4-fa48-d93a0d0040d7,,2021-11-10T23:21:40.7503892Z,true,Boolean,97de5e21-1e04-494d-bd83-ddd63bbd9d8c,String,true,Boolean
acs:97de5e21-1e04-494d-bd83-ddd63bbd9d8c_0000000c-a4c9-c8f6-fa48-d93a0d0040d8,,2021-11-10T23:21:40.7523872Z,true,Boolean,97de5e21-1e04-494d-bd83-ddd63bbd9d8c,String,true,Boolean
acs:97de5e21-1e04-494d-bd83-ddd63bbd9d8c_0000000c-a4c9-cb18-fa48-d93a0d0040d9,,2021-11-10T23:21:40.7543863Z,true,Boolean,97de5e21-1e04-494d-bd83-ddd63bbd9d8c,String,true,Boolean
acs:97de5e21-1e04-494d-bd83-ddd63bbd9d8c_0000000c-a4c9-cd23-fa48-d93a0d0040da,,2021-11-10T23:21:40.7633809Z,true,Boolean,97de5e21-1e04-494d-bd83-ddd63bbd9d8c,String,true,Boolean
acs:97de5e21-1e04-494d-bd83-ddd63bbd9d8c_0000000c-a4c9-cf44-fa48-d93a0d0040db,,2021-11-10T23:21:40.7603828Z,true,Boolean,97de5e21-1e04-494d-bd83-ddd63bbd9d8c,String,true,Boolean
acs:97de5e21-1e04-494d-bd83-ddd63bbd9d8c_0000000c-a4c9-d150-fa48-d93a0d0040dc,,2021-11-10T23:21:40.761382Z,true,Boolean,97de5e21-1e04-494d-bd83-ddd63bbd9d8c,String,true,Boolean
acs:97de5e21-1e04-494d-bd83-ddd63bbd9d8c_0000000c-a4c9-d383-fa48-d93a0d0040dd,,2021-11-10T23:21:40.7623817Z,true,Boolean,97de5e21-1e04-494d-bd83-ddd63bbd9d8c,String,true,Boolean
acs:97de5e21-1e04-494d-bd83-ddd63bbd9d8c_0000000c-a4c9-d576-fa48-d93a0d0040de,,2021-11-10T23:21:40.7683786Z,true,Boolean,97de5e21-1e04-494d-bd83-ddd63bbd9d8c,String,true,Boolean
acs:97de5e21-1e04-494d-bd83-ddd63bbd9d8c_0000000c-a4c9-d791-fa48-d93a0d0040df,,2021-11-10T23:21:40.7683786Z,true,Boolean,97de5e21-1e04-494d-bd83-ddd63bbd9d8c,String,true,Boolean
acs:97de5e21-1e04-494d-bd83-ddd63bbd9d8c_0000000c-a4c9-d9bd-fa48-d93a0d0040e0,,2021-11-10T23:21:40.7733754Z,true,Boolean,97de5e21-1e04-494d-bd83-ddd63bbd9d8c,String,true,Boolean
acs:97de5e21-1e04-494d-bd83-ddd63bbd9d8c_0000000c-a4c9-dbd2-fa48-d93a0d0040e1,,2021-11-10T23:21:40.7743755Z,true,Boolean,97de5e21-1e04-494d-bd83-ddd63bbd9d8c,String,true,Boolean
acs:97de5e21-1e04-494d-bd83-ddd63bbd9d8c_0000000c-a4c9-ddb8-fa48-d93a0d0040e2,,2021-11-10T23:21:40.7763741Z,true,Boolean,97de5e21-1e04-494d-bd83-ddd63bbd9d8c,String,true,Boolean
acs:97de5e21-1e04-494d-bd83-ddd63bbd9d8c_0000000c-a4c9-dfbf-fa48-d93a0d0040e3,,2021-11-10T23:21:40.7803715Z,true,Boolean,97de5e21-1e04-494d-bd83-ddd63bbd9d8c,String,true,Boolean
acs:97de5e21-1e04-494d-bd83-ddd63bbd9d8c_0000000c-a4c9-e1df-fa48-d93a0d0040e4,,2021-11-10T23:21:40.7803715Z,true,Boolean,97de5e21-1e04-494d-bd83-ddd63bbd9d8c,String,true,Boolean
acs:97de5e21-1e04-494d-bd83-ddd63bbd9d8c_0000000c-a4c9-e3e6-fa48-d93a0d0040e5,,2021-11-10T23:21:40.7853694Z,true,Boolean,97de5e21-1e04-494d-bd83-ddd63bbd9d8c,String,true,Boolean
acs:97de5e21-1e04-494d-bd83-ddd63bbd9d8c_0000000c-a4c9-e5fa-fa48-d93a0d0040e6,,2021-11-10T23:21:40.786368Z,true,Boolean,97de5e21-1e04-494d-bd83-ddd63bbd9d8c,String,true,Boolean
acs:97de5e21-1e04-494d-bd83-ddd63bbd9d8c_0000000c-a4c9-e81e-fa48-d93a0d0040e7,,2021-11-10T23:21:40.7873671Z,true,Boolean,97de5e21-1e04-494d-bd83-ddd63bbd9d8c,String,true,Boolean
acs:97de5e21-1e04-494d-bd83-ddd63bbd9d8c_0000000c-a4c9-ea4f-fa48-d93a0d0040e8,,2021-11-10T23:21:40.7933641Z,true,Boolean,97de5e21-1e04-494d-bd83-ddd63bbd9d8c,String,true,Boolean
acs:97de5e21-1e04-494d-bd83-ddd63bbd9d8c_0000000c-a4c9-ec52-fa48-d93a0d0040e9,,2021-11-10T23:21:40.7943639Z,true,Boolean,97de5e21-1e04-494d-bd83-ddd63bbd9d8c,String,true,Boolean
acs:97de5e21-1e04-494d-bd83-ddd63bbd9d8c_0000000c-a4c9-ee69-fa48-d93a0d0040ea,,2021-11-10T23:21:40.7933641Z,true,Boolean,97de5e21-1e04-494d-bd83-ddd63bbd9d8c,String,true,Boolean
acs:97de5e21-1e04-494d-bd83-ddd63bbd9d8c_0000000c-a4c9-f076-fa48-d93a0d0040eb,,2021-11-10T23:21:40.8013592Z,true,Boolean,97de5e21-1e04-494d-bd83-ddd63bbd9d8c,String,true,Boolean
acs:97de5e21-1e04-494d-bd83-ddd63bbd9d8c_0000000c-a4c9-f281-fa48-d93a0d0040ec,,2021-11-10T23:21:40.802361Z,true,Boolean,97de5e21-1e04-494d-bd83-ddd63bbd9d8c,String,true,Boolean
acs:97de5e21-1e04-494d-bd83-ddd63bbd9d8c_0000000c-a4c9-f477-fa48-d93a0d0040ed,,2021-11-10T23:21:40.8013592Z,true,Boolean,97de5e21-1e04-494d-bd83-ddd63bbd9d8c,String,true,Boolean
acs:97de5e21-1e04-494d-bd83-ddd63bbd9d8c_0000000c-a4c9-f694-fa48-d93a0d0040ef,,2021-11-10T23:21:40.8033598Z,true,Boolean,97de5e21-1e04-494d-bd83-ddd63bbd9d8c,String,true,Boolean
acs:97de5e21-1e04-494d-bd83-ddd63bbd9d8c_0000000c-a4c9-f887-fa48-d93a0d0040f0,,2021-11-10T23:21:40.8073568Z,true,Boolean,97de5e21-1e04-494d-bd83-ddd63bbd9d8c,String,true,Boolean
acs:97de5e21-1e04-494d-bd83-ddd63bbd9d8c_0000000c-a4c9-fa82-fa48-d93a0d0040f1,,2021-11-10T23:21:40.8093549Z,true,Boolean,97de5e21-1e04-494d-bd83-ddd63bbd9d8c,String,true,Boolean
acs:97de5e21-1e04-494d-bd83-ddd63bbd9d8c_0000000c-a4c9-fc96-fa48-d93a0d0040f2,,2021-11-10T23:21:40.8103553Z,true,Boolean,97de5e21-1e04-494d-bd83-ddd63bbd9d8c,String,true,Boolean
acs:97de5e21-1e04-494d-bd83-ddd63bbd9d8c_0000000c-a4c9-fea3-fa48-d93a0d0040f3,,2021-11-10T23:21:40.8153519Z,true,Boolean,97de5e21-1e04-494d-bd83-ddd63bbd9d8c,String,true,Boolean
acs:97de5e21-1e04-494d-bd83-ddd63bbd9d8c_0000000c-a4ca-00b0-fa48-d93a0d0040f4,,2021-11-10T23:21:40.816353Z,true,Boolean,97de5e21-1e04-494d-bd83-ddd63bbd9d8c,String,true,Boolean
acs:97de5e21-1e04-494d-bd83-ddd63bbd9d8c_0000000c-a4ca-06d2-d999-d93a0d00218f,,2021-11-10T23:21:40.816353Z,true,Boolean,97de5e21-1e04-494d-bd83-ddd63bbd9d8c,String,true,Boolean
acs:97de5e21-1e04-494d-bd83-ddd63bbd9d8c_0000000c-a4ca-0cad-0369-da3a0d00f003,,2021-11-10T23:21:40.8233471Z,true,Boolean,97de5e21-1e04-494d-bd83-ddd63bbd9d8c,String,true,Boolean
acs:ab486470-0dba-4345-aeab-c2fa5ee6e7ec_0000000c-43b9-063e-e806-6b3a0d007e74,,2021-11-10T23:21:40.9272876Z,true,Boolean,ab486470-0dba-4345-aeab-c2fa5ee6e7ec,String,true,Boolean
acs:ab486470-0dba-4345-aeab-c2fa5ee6e7ec_0000000c-43b9-084d-e806-6b3a0d007e76,,2021-11-10T23:21:40.9272876Z,true,Boolean,ab486470-0dba-4345-aeab-c2fa5ee6e7ec,String,true,Boolean
acs:ab486470-0dba-4345-aeab-c2fa5ee6e7ec_0000000c-43b9-0a47-e806-6b3a0d007e77,,2021-11-10T23:21:40.9272876Z,true,Boolean,ab486470-0dba-4345-aeab-c2fa5ee6e7ec,String,true,Boolean
acs:ab486470-0dba-4345-aeab-c2fa5ee6e7ec_0000000c-43b9-0c51-e806-6b3a0d007e78,,2021-11-10T23:21:40.9382811Z,true,Boolean,ab486470-0dba-4345-aeab-c2fa5ee6e7ec,String,true,Boolean
acs:ab486470-0dba-4345-aeab-c2fa5ee6e7ec_0000000c-43b9-0e6d-e806-6b3a0d007e7a,,2021-11-10T23:21:40.9272876Z,true,Boolean,ab486470-0dba-4345-aeab-c2fa5ee6e7ec,String,true,Boolean
acs:ab486470-0dba-4345-aeab-c2fa5ee6e7ec_0000000c-43b9-108a-e806-6b3a0d007e7b,,2021-11-10T23:21:40.9272876Z,true,Boolean,ab486470-0dba-4345-aeab-c2fa5ee6e7ec,String,true,Boolean
acs:ab486470-0dba-4345-aeab-c2fa5ee6e7ec_0000000c-43b9-1299-e806-6b3a0d007e7c,,2021-11-10T23:21:40.9282866Z,true,Boolean,ab486470-0dba-4345-aeab-c2fa5ee6e7ec,String,true,Boolean
acs:ab486470-0dba-4345-aeab-c2fa5ee6e7ec_0000000c-43b9-149b-e806-6b3a0d007e7d,,2021-11-10T23:21:40.9282866Z,true,Boolean,ab486470-0dba-4345-aeab-c2fa5ee6e7ec,String,true,Boolean
acs:ab486470-0dba-4345-aeab-c2fa5ee6e7ec_0000000c-43b9-16b2-e806-6b3a0d007e7e,,2021-11-10T23:21:40.9332845Z,true,Boolean,ab486470-0dba-4345-aeab-c2fa5ee6e7ec,String,true,Boolean
acs:ab486470-0dba-4345-aeab-c2fa5ee6e7ec_0000000c-43b9-18db-e806-6b3a0d007e7f,,2021-11-10T23:21:40.9332845Z,true,Boolean,ab486470-0dba-4345-aeab-c2fa5ee6e7ec,String,true,Boolean
acs:ab486470-0dba-4345-aeab-c2fa5ee6e7ec_0000000c-a4c6-8d30-e806-6b3a0d0040f5,,2021-11-10T23:21:40.9332845Z,true,Boolean,ab486470-0dba-4345-aeab-c2fa5ee6e7ec,String,true,Boolean
acs:ab486470-0dba-4345-aeab-c2fa5ee6e7ec_0000000c-a4c6-90c0-e806-6b3a0d0040f6,,2021-11-10T23:21:40.934284Z,true,Boolean,ab486470-0dba-4345-aeab-c2fa5ee6e7ec,String,true,Boolean
acs:ab486470-0dba-4345-aeab-c2fa5ee6e7ec_0000000c-a4c6-927d-e806-6b3a0d0040f7,,2021-11-10T23:21:40.934284Z,true,Boolean,ab486470-0dba-4345-aeab-c2fa5ee6e7ec,String,true,Boolean
acs:ab486470-0dba-4345-aeab-c2fa5ee6e7ec_0000000c-a4c6-942e-e806-6b3a0d0040f8,,2021-11-10T23:21:40.934284Z,true,Boolean,ab486470-0dba-4345-aeab-c2fa5ee6e7ec,String,true,Boolean
acs:ab486470-0dba-4345-aeab-c2fa5ee6e7ec_0000000c-a4c6-95dc-e806-6b3a0d0040f9,,2021-11-10T23:21:40.934284Z,true,Boolean,ab486470-0dba-4345-aeab-c2fa5ee6e7ec,String,true,Boolean
acs:ab486470-0dba-4345-aeab-c2fa5ee6e7ec_0000000c-a4c6-978a-e806-6b3a0d0040fa,,2021-11-10T23:21:40.934284Z,true,Boolean,ab486470-0dba-4345-aeab-c2fa5ee6e7ec,String,true,Boolean
acs:ab486470-0dba-4345-aeab-c2fa5ee6e7ec_0000000c-a4c6-9946-e806-6b3a0d0040fb,,2021-11-10T23:21:40.9392803Z,true,Boolean,ab486470-0dba-4345-aeab-c2fa5ee6e7ec,String,true,Boolean
acs:ab486470-0dba-4345-aeab-c2fa5ee6e7ec_0000000c-a4c6-9af1-e806-6b3a0d0040fd,,2021-11-10T23:21:40.9392803Z,true,Boolean,ab486470-0dba-4345-aeab-c2fa5ee6e7ec,String,true,Boolean
acs:ab486470-0dba-4345-aeab-c2fa5ee6e7ec_0000000c-a4c6-9c9e-e806-6b3a0d0040fe,,2021-11-10T23:21:40.9392803Z,true,Boolean,ab486470-0dba-4345-aeab-c2fa5ee6e7ec,String,true,Boolean
acs:ab486470-0dba-4345-aeab-c2fa5ee6e7ec_0000000c-a4c6-9e4e-e806-6b3a0d0040ff,,2021-11-10T23:21:40.9392803Z,true,Boolean,ab486470-0dba-4345-aeab-c2fa5ee6e7ec,String,true,Boolean
acs:ab486470-0dba-4345-aeab-c2fa5ee6e7ec_0000000c-a4c6-a007-e806-6b3a0d004100,,2021-11-10T23:21:40.9402805Z,true,Boolean,ab486470-0dba-4345-aeab-c2fa5ee6e7ec,String,true,Boolean
acs:ab486470-0dba-4345-aeab-c2fa5ee6e7ec_0000000c-a4c6-a1db-e806-6b3a0d004101,,2021-11-10T23:21:40.9422793Z,true,Boolean,ab486470-0dba-4345-aeab-c2fa5ee6e7ec,String,true,Boolean
acs:ab486470-0dba-4345-aeab-c2fa5ee6e7ec_0000000c-a4c6-a390-e806-6b3a0d004102,,2021-11-10T23:21:40.9422793Z,true,Boolean,ab486470-0dba-4345-aeab-c2fa5ee6e7ec,String,true,Boolean
acs:ab486470-0dba-4345-aeab-c2fa5ee6e7ec_0000000c-a4c6-a54f-e806-6b3a0d004106,,2021-11-10T23:21:40.9422793Z,true,Boolean,ab486470-0dba-4345-aeab-c2fa5ee6e7ec,String,true,Boolean
acs:ab486470-0dba-4345-aeab-c2fa5ee6e7ec_0000000c-a4c6-a717-e806-6b3a0d004107,,2021-11-10T23:21:40.944279Z,true,Boolean,ab486470-0dba-4345-aeab-c2fa5ee6e7ec,String,true,Boolean
acs:ab486470-0dba-4345-aeab-c2fa5ee6e7ec_0000000c-a4c6-a8e2-e806-6b3a0d004108,,2021-11-10T23:21:40.944279Z,true,Boolean,ab486470-0dba-4345-aeab-c2fa5ee6e7ec,String,true,Boolean
acs:ab486470-0dba-4345-aeab-c2fa5ee6e7ec_0000000c-a4c6-aaa4-e806-6b3a0d004109,,2021-11-10T23:21:40.9482761Z,true,Boolean,ab486470-0dba-4345-aeab-c2fa5ee6e7ec,String,true,Boolean
acs:ab486470-0dba-4345-aeab-c2fa5ee6e7ec_0000000c-a4c6-ac82-e806-6b3a0d00410b,,2021-11-10T23:21:40.9462772Z,true,Boolean,ab486470-0dba-4345-aeab-c2fa5ee6e7ec,String,true,Boolean
acs:ab486470-0dba-4345-aeab-c2fa5ee6e7ec_0000000c-a4c6-ae4b-e806-6b3a0d00410c,,2021-11-10T23:21:40.9472765Z,true,Boolean,ab486470-0dba-4345-aeab-c2fa5ee6e7ec,String,true,Boolean
acs:ab486470-0dba-4345-aeab-c2fa5ee6e7ec_0000000c-a4c6-affb-e806-6b3a0d00410d,,2021-11-10T23:21:40.9472765Z,true,Boolean,ab486470-0dba-4345-aeab-c2fa5ee6e7ec,String,true,Boolean
acs:ab486470-0dba-4345-aeab-c2fa5ee6e7ec_0000000c-a4c6-b1ca-e806-6b3a0d00410e,,2021-11-10T23:21:40.9482761Z,true,Boolean,ab486470-0dba-4345-aeab-c2fa5ee6e7ec,String,true,Boolean
acs:ab486470-0dba-4345-aeab-c2fa5ee6e7ec_0000000c-a4c6-b3a7-e806-6b3a0d00410f,,2021-11-10T23:21:40.9482761Z,true,Boolean,ab486470-0dba-4345-aeab-c2fa5ee6e7ec,String,true,Boolean
acs:ab486470-0dba-4345-aeab-c2fa5ee6e7ec_0000000c-a4c6-b589-e806-6b3a0d004110,,2021-11-10T23:21:40.9492751Z,true,Boolean,ab486470-0dba-4345-aeab-c2fa5ee6e7ec,String,true,Boolean
acs:ab486470-0dba-4345-aeab-c2fa5ee6e7ec_0000000c-a4c6-b785-e806-6b3a0d004111,,2021-11-10T23:21:40.9532736Z,true,Boolean,ab486470-0dba-4345-aeab-c2fa5ee6e7ec,String,true,Boolean
acs:ab486470-0dba-4345-aeab-c2fa5ee6e7ec_0000000c-a4c6-b96c-e806-6b3a0d004112,,2021-11-10T23:21:40.9542725Z,true,Boolean,ab486470-0dba-4345-aeab-c2fa5ee6e7ec,String,true,Boolean
acs:ab486470-0dba-4345-aeab-c2fa5ee6e7ec_0000000c-a4c6-bb25-e806-6b3a0d004113,,2021-11-10T23:21:40.9542725Z,true,Boolean,ab486470-0dba-4345-aeab-c2fa5ee6e7ec,String,true,Boolean
acs:ab486470-0dba-4345-aeab-c2fa5ee6e7ec_0000000c-a4c6-bd19-e806-6b3a0d004114,,2021-11-10T23:21:40.9522734Z,true,Boolean,ab486470-0dba-4345-aeab-c2fa5ee6e7ec,String,true,Boolean
acs:ab486470-0dba-4345-aeab-c2fa5ee6e7ec_0000000c-a4c6-bee0-e806-6b3a0d004115,,2021-11-10T23:21:40.9672646Z,true,Boolean,ab486470-0dba-4345-aeab-c2fa5ee6e7ec,String,true,Boolean
acs:ab486470-0dba-4345-aeab-c2fa5ee6e7ec_0000000c-a4c6-c0c7-e806-6b3a0d004116,,2021-11-10T23:21:40.9682643Z,true,Boolean,ab486470-0dba-4345-aeab-c2fa5ee6e7ec,String,true,Boolean
acs:ab486470-0dba-4345-aeab-c2fa5ee6e7ec_0000000c-a4c6-c2ba-e806-6b3a0d004117,,2021-11-10T23:21:40.9672646Z,true,Boolean,ab486470-0dba-4345-aeab-c2fa5ee6e7ec,String,true,Boolean
acs:ab486470-0dba-4345-aeab-c2fa5ee6e7ec_0000000c-a4c6-c48e-e806-6b3a0d004119,,2021-11-10T23:21:40.9702634Z,true,Boolean,ab486470-0dba-4345-aeab-c2fa5ee6e7ec,String,true,Boolean
acs:ab486470-0dba-4345-aeab-c2fa5ee6e7ec_0000000c-a4c6-c649-e806-6b3a0d00411a,,2021-11-10T23:21:40.9692633Z,true,Boolean,ab486470-0dba-4345-aeab-c2fa5ee6e7ec,String,true,Boolean
acs:ab486470-0dba-4345-aeab-c2fa5ee6e7ec_0000000c-a4c6-c826-e806-6b3a0d00411b,,2021-11-10T23:21:40.9682643Z,true,Boolean,ab486470-0dba-4345-aeab-c2fa5ee6e7ec,String,true,Boolean
acs:ab486470-0dba-4345-aeab-c2fa5ee6e7ec_0000000c-a4c6-c9ff-e806-6b3a0d00411c,,2021-11-10T23:21:40.9682643Z,true,Boolean,ab486470-0dba-4345-aeab-c2fa5ee6e7ec,String,true,Boolean
acs:ab486470-0dba-4345-aeab-c2fa5ee6e7ec_0000000c-a4c6-cbdd-e806-6b3a0d00411d,,2021-11-10T23:21:40.9692633Z,true,Boolean,ab486470-0dba-4345-aeab-c2fa5ee6e7ec,String,true,Boolean
acs:ab486470-0dba-4345-aeab-c2fa5ee6e7ec_0000000c-a4c6-cdc9-e806-6b3a0d00411e,,2021-11-10T23:21:40.9742622Z,true,Boolean,ab486470-0dba-4345-aeab-c2fa5ee6e7ec,String,true,Boolean
acs:ab486470-0dba-4345-aeab-c2fa5ee6e7ec_0000000c-a4c6-cfa3-e806-6b3a0d00411f,,2021-11-10T23:21:40.973262Z,true,Boolean,ab486470-0dba-4345-aeab-c2fa5ee6e7ec,String,true,Boolean
acs:ab486470-0dba-4345-aeab-c2fa5ee6e7ec_0000000c-a4c6-d168-e806-6b3a0d004121,,2021-11-10T23:21:40.9752605Z,true,Boolean,ab486470-0dba-4345-aeab-c2fa5ee6e7ec,String,true,Boolean
acs:ab486470-0dba-4345-aeab-c2fa5ee6e7ec_0000000c-a4c6-d513-9d0c-6b3a0d008139,,2021-11-10T23:21:40.9762599Z,true,Boolean,ab486470-0dba-4345-aeab-c2fa5ee6e7ec,String,true,Boolean
acs:ab486470-0dba-4345-aeab-c2fa5ee6e7ec_0000000c-a4c6-d703-e806-6b3a0d004124,,2021-11-10T23:21:40.9742622Z,true,Boolean,ab486470-0dba-4345-aeab-c2fa5ee6e7ec,String,true,Boolean
acs:ab486470-0dba-4345-aeab-c2fa5ee6e7ec_0000000c-a4c6-d8cd-e806-6b3a0d004125,,2021-11-10T23:21:40.9742622Z,true,Boolean,ab486470-0dba-4345-aeab-c2fa5ee6e7ec,String,true,Boolean
acs:ab486470-0dba-4345-aeab-c2fa5ee6e7ec_0000000c-a4c6-dbf7-9d0c-6b3a0d00813c,,2021-11-10T23:21:40.9752605Z,true,Boolean,ab486470-0dba-4345-aeab-c2fa5ee6e7ec,String,true,Boolean
acs:ab486470-0dba-4345-aeab-c2fa5ee6e7ec_0000000c-a4c6-ddc3-e806-6b3a0d004126,,2021-11-10T23:21:40.9802571Z,true,Boolean,ab486470-0dba-4345-aeab-c2fa5ee6e7ec,String,true,Boolean
acs:ab486470-0dba-4345-aeab-c2fa5ee6e7ec_0000000c-a4c6-dfb0-e806-6b3a0d004127,,2021-11-10T23:21:40.9782586Z,true,Boolean,ab486470-0dba-4345-aeab-c2fa5ee6e7ec,String,true,Boolean
acs:ab486470-0dba-4345-aeab-c2fa5ee6e7ec_0000000c-a4c6-e194-e806-6b3a0d004128,,2021-11-10T23:21:40.9792575Z,true,Boolean,ab486470-0dba-4345-aeab-c2fa5ee6e7ec,String,true,Boolean
acs:ab486470-0dba-4345-aeab-c2fa5ee6e7ec_0000000c-a4c6-e366-e806-6b3a0d004129,,2021-11-10T23:21:40.9792575Z,true,Boolean,ab486470-0dba-4345-aeab-c2fa5ee6e7ec,String,true,Boolean
acs:ab486470-0dba-4345-aeab-c2fa5ee6e7ec_0000000c-a4c6-e9a9-3003-6b3a0d0077e9,,2021-11-10T23:21:40.9802571Z,true,Boolean,ab486470-0dba-4345-aeab-c2fa5ee6e7ec,String,true,Boolean
acs:ab486470-0dba-4345-aeab-c2fa5ee6e7ec_0000000c-a4c6-eb9b-3003-6b3a0d0077ea,,2021-11-10T23:21:40.9802571Z,true,Boolean,ab486470-0dba-4345-aeab-c2fa5ee6e7ec,String,true,Boolean
acs:ab486470-0dba-4345-aeab-c2fa5ee6e7ec_0000000c-a4c6-ed64-3003-6b3a0d0077eb,,2021-11-10T23:21:40.9822562Z,true,Boolean,ab486470-0dba-4345-aeab-c2fa5ee6e7ec,String,true,Boolean
acs:ab486470-0dba-4345-aeab-c2fa5ee6e7ec_0000000c-a4c6-ef29-3003-6b3a0d0077ec,,2021-11-10T23:21:40.9822562Z,true,Boolean,ab486470-0dba-4345-aeab-c2fa5ee6e7ec,String,true,Boolean
acs:ab486470-0dba-4345-aeab-c2fa5ee6e7ec_0000000c-a4c6-f0eb-3003-6b3a0d0077ed,,2021-11-10T23:21:40.9832559Z,true,Boolean,ab486470-0dba-4345-aeab-c2fa5ee6e7ec,String,true,Boolean
acs:ab486470-0dba-4345-aeab-c2fa5ee6e7ec_0000000c-a4c6-f2cb-3003-6b3a0d0077ee,,2021-11-10T23:21:40.9882531Z,true,Boolean,ab486470-0dba-4345-aeab-c2fa5ee6e7ec,String,true,Boolean
acs:ab486470-0dba-4345-aeab-c2fa5ee6e7ec_0000000c-a4c6-f4b3-3003-6b3a0d0077ef,,2021-11-10T23:21:40.990252Z,true,Boolean,ab486470-0dba-4345-aeab-c2fa5ee6e7ec,String,true,Boolean
acs:ab486470-0dba-4345-aeab-c2fa5ee6e7ec_0000000c-a4c6-f698-3003-6b3a0d0077f0,,2021-11-10T23:21:40.9912522Z,true,Boolean,ab486470-0dba-4345-aeab-c2fa5ee6e7ec,String,true,Boolean
acs:ab486470-0dba-4345-aeab-c2fa5ee6e7ec_0000000c-a4c6-f869-3003-6b3a0d0077f1,,2021-11-10T23:21:41.015237Z,true,Boolean,ab486470-0dba-4345-aeab-c2fa5ee6e7ec,String,true,Boolean
acs:ab486470-0dba-4345-aeab-c2fa5ee6e7ec_0000000c-a4c6-fa2e-3003-6b3a0d0077f2,,2021-11-10T23:21:40.9962484Z,true,Boolean,ab486470-0dba-4345-aeab-c2fa5ee6e7ec,String,true,Boolean
acs:ab486470-0dba-4345-aeab-c2fa5ee6e7ec_0000000c-a4c6-fbf2-3003-6b3a0d0077f3,,2021-11-10T23:21:41.0022458Z,true,Boolean,ab486470-0dba-4345-aeab-c2fa5ee6e7ec,String,true,Boolean
acs:ab486470-0dba-4345-aeab-c2fa5ee6e7ec_0000000c-a4c6-fdc8-3003-6b3a0d0077f4,,2021-11-10T23:21:41.0042433Z,true,Boolean,ab486470-0dba-4345-aeab-c2fa5ee6e7ec,String,true,Boolean
acs:ab486470-0dba-4345-aeab-c2fa5ee6e7ec_0000000c-a4c6-ffb1-3003-6b3a0d0077f5,,2021-11-10T23:21:41.0042433Z,true,Boolean,ab486470-0dba-4345-aeab-c2fa5ee6e7ec,String,true,Boolean
acs:ab486470-0dba-4345-aeab-c2fa5ee6e7ec_0000000c-a4c7-018e-3003-6b3a0d0077f6,,2021-11-10T23:21:41.0062427Z,true,Boolean,ab486470-0dba-4345-aeab-c2fa5ee6e7ec,String,true,Boolean
acs:ab486470-0dba-4345-aeab-c2fa5ee6e7ec_0000000c-a4c7-0353-3003-6b3a0d0077f7,,2021-11-10T23:21:41.0062427Z,true,Boolean,ab486470-0dba-4345-aeab-c2fa5ee6e7ec,String,true,Boolean
acs:ab486470-0dba-4345-aeab-c2fa5ee6e7ec_0000000c-a4c7-0519-3003-6b3a0d0077f8,,2021-11-10T23:21:41.0122391Z,true,Boolean,ab486470-0dba-4345-aeab-c2fa5ee6e7ec,String,true,Boolean
acs:ab486470-0dba-4345-aeab-c2fa5ee6e7ec_0000000c-a4c7-06f1-3003-6b3a0d0077f9,,2021-11-10T23:21:41.0132384Z,true,Boolean,ab486470-0dba-4345-aeab-c2fa5ee6e7ec,String,true,Boolean
acs:ab486470-0dba-4345-aeab-c2fa5ee6e7ec_0000000c-a4c7-08ce-3003-6b3a0d0077fa,,2021-11-10T23:21:41.0142375Z,true,Boolean,ab486470-0dba-4345-aeab-c2fa5ee6e7ec,String,true,Boolean
acs:ab486470-0dba-4345-aeab-c2fa5ee6e7ec_0000000c-a4c7-0aa9-3003-6b3a0d0077fb,,2021-11-10T23:21:41.0222339Z,true,Boolean,ab486470-0dba-4345-aeab-c2fa5ee6e7ec,String,true,Boolean
acs:ab486470-0dba-4345-aeab-c2fa5ee6e7ec_0000000c-a4c7-0c63-3003-6b3a0d0077fc,,2021-11-10T23:21:41.0232328Z,true,Boolean,ab486470-0dba-4345-aeab-c2fa5ee6e7ec,String,true,Boolean
acs:ab486470-0dba-4345-aeab-c2fa5ee6e7ec_0000000c-a4c7-0e53-3003-6b3a0d0077fd,,2021-11-10T23:21:41.0232328Z,true,Boolean,ab486470-0dba-4345-aeab-c2fa5ee6e7ec,String,true,Boolean
acs:ab486470-0dba-4345-aeab-c2fa5ee6e7ec_0000000c-a4c7-101c-3003-6b3a0d0077fe,,2021-11-10T23:21:41.0252314Z,true,Boolean,ab486470-0dba-4345-aeab-c2fa5ee6e7ec,String,true,Boolean
acs:ab486470-0dba-4345-aeab-c2fa5ee6e7ec_0000000c-a4c7-11e6-3003-6b3a0d0077ff,,2021-11-10T23:21:41.0272308Z,true,Boolean,ab486470-0dba-4345-aeab-c2fa5ee6e7ec,String,true,Boolean
acs:ab486470-0dba-4345-aeab-c2fa5ee6e7ec_0000000c-a4c7-13a1-3003-6b3a0d007801,,2021-11-10T23:21:41.0362254Z,true,Boolean,ab486470-0dba-4345-aeab-c2fa5ee6e7ec,String,true,Boolean
acs:ab486470-0dba-4345-aeab-c2fa5ee6e7ec_0000000c-a4c7-1551-3003-6b3a0d007802,,2021-11-10T23:21:41.0332267Z,true,Boolean,ab486470-0dba-4345-aeab-c2fa5ee6e7ec,String,true,Boolean
acs:ab486470-0dba-4345-aeab-c2fa5ee6e7ec_0000000c-a4c7-1729-3003-6b3a0d007803,,2021-11-10T23:21:41.0352255Z,true,Boolean,ab486470-0dba-4345-aeab-c2fa5ee6e7ec,String,true,Boolean
acs:ab486470-0dba-4345-aeab-c2fa5ee6e7ec_0000000c-a4c7-18ce-3003-6b3a0d007806,,2021-11-10T23:21:41.0372252Z,true,Boolean,ab486470-0dba-4345-aeab-c2fa5ee6e7ec,String,true,Boolean
acs:ab486470-0dba-4345-aeab-c2fa5ee6e7ec_0000000c-a4c7-1ab4-3003-6b3a0d007807,,2021-11-10T23:21:41.0432211Z,true,Boolean,ab486470-0dba-4345-aeab-c2fa5ee6e7ec,String,true,Boolean
acs:ab486470-0dba-4345-aeab-c2fa5ee6e7ec_0000000c-a4c7-1c68-3003-6b3a0d007808,,2021-11-10T23:21:41.0432211Z,true,Boolean,ab486470-0dba-4345-aeab-c2fa5ee6e7ec,String,true,Boolean
acs:ab486470-0dba-4345-aeab-c2fa5ee6e7ec_0000000c-a4c7-1e39-3003-6b3a0d007809,,2021-11-10T23:21:41.0442207Z,true,Boolean,ab486470-0dba-4345-aeab-c2fa5ee6e7ec,String,true,Boolean
acs:ab486470-0dba-4345-aeab-c2fa5ee6e7ec_0000000c-a4c7-2005-3003-6b3a0d00780a,,2021-11-10T23:21:41.0472188Z,true,Boolean,ab486470-0dba-4345-aeab-c2fa5ee6e7ec,String,true,Boolean
acs:ab486470-0dba-4345-aeab-c2fa5ee6e7ec_0000000c-a4c7-21ec-3003-6b3a0d00780b,,2021-11-10T23:21:41.0512183Z,true,Boolean,ab486470-0dba-4345-aeab-c2fa5ee6e7ec,String,true,Boolean
acs:ab486470-0dba-4345-aeab-c2fa5ee6e7ec_0000000c-a4c7-23c5-3003-6b3a0d00780c,,2021-11-10T23:21:41.0552148Z,true,Boolean,ab486470-0dba-4345-aeab-c2fa5ee6e7ec,String,true,Boolean
acs:ab486470-0dba-4345-aeab-c2fa5ee6e7ec_0000000c-a4c7-2586-3003-6b3a0d00780d,,2021-11-10T23:21:41.0542148Z,true,Boolean,ab486470-0dba-4345-aeab-c2fa5ee6e7ec,String,true,Boolean
acs:ab486470-0dba-4345-aeab-c2fa5ee6e7ec_0000000c-a4c7-276f-3003-6b3a0d00780e,,2021-11-10T23:21:41.058214Z,true,Boolean,ab486470-0dba-4345-aeab-c2fa5ee6e7ec,String,true,Boolean
acs:ab486470-0dba-4345-aeab-c2fa5ee6e7ec_0000000c-a4c7-294f-3003-6b3a0d00780f,,2021-11-10T23:21:41.0642098Z,true,Boolean,ab486470-0dba-4345-aeab-c2fa5ee6e7ec,String,true,Boolean
acs:ab486470-0dba-4345-aeab-c2fa5ee6e7ec_0000000c-a4c7-2b24-3003-6b3a0d007810,,2021-11-10T23:21:41.0652087Z,true,Boolean,ab486470-0dba-4345-aeab-c2fa5ee6e7ec,String,true,Boolean
acs:ab486470-0dba-4345-aeab-c2fa5ee6e7ec_0000000c-a4c7-2cfa-3003-6b3a0d007811,,2021-11-10T23:21:41.0652087Z,true,Boolean,ab486470-0dba-4345-aeab-c2fa5ee6e7ec,String,true,Boolean
acs:ab486470-0dba-4345-aeab-c2fa5ee6e7ec_0000000c-a4c7-2ebf-3003-6b3a0d007812,,2021-11-10T23:21:41.0652087Z,true,Boolean,ab486470-0dba-4345-aeab-c2fa5ee6e7ec,String,true,Boolean
acs:ab486470-0dba-4345-aeab-c2fa5ee6e7ec_0000000c-a4c7-3090-3003-6b3a0d007813,,2021-11-10T23:21:41.0712058Z,true,Boolean,ab486470-0dba-4345-aeab-c2fa5ee6e7ec,String,true,Boolean
acs:ab486470-0dba-4345-aeab-c2fa5ee6e7ec_0000000c-a4c7-3279-3003-6b3a0d007814,,2021-11-10T23:21:41.0732049Z,true,Boolean,ab486470-0dba-4345-aeab-c2fa5ee6e7ec,String,true,Boolean
acs:ab486470-0dba-4345-aeab-c2fa5ee6e7ec_0000000c-a4c7-342d-3003-6b3a0d007815,,2021-11-10T23:21:41.0732049Z,true,Boolean,ab486470-0dba-4345-aeab-c2fa5ee6e7ec,String,true,Boolean
acs:ab486470-0dba-4345-aeab-c2fa5ee6e7ec_0000000c-a4c7-3657-e806-6b3a0d00412e,,2021-11-10T23:21:41.0762031Z,true,Boolean,ab486470-0dba-4345-aeab-c2fa5ee6e7ec,String,true,Boolean
acs:ab486470-0dba-4345-aeab-c2fa5ee6e7ec_0000000c-a4c7-3833-e806-6b3a0d00412f,,2021-11-10T23:21:41.0792005Z,true,Boolean,ab486470-0dba-4345-aeab-c2fa5ee6e7ec,String,true,Boolean
acs:d856987b-c2ab-4e72-b479-19a793ed0887_0000000c-43b9-9db6-7975-c93a0d00484e,,2026-09-11T08:58:31.3768875Z,true,Boolean,d856987b-c2ab-4e72-b479-19a793ed0887,String,true,Boolean
acs:d856987b-c2ab-4e72-b479-19a793ed0887_0000000c-43b9-a0a1-7975-c93a0d00484f,,2026-09-11T08:55:06.4907321Z,true,Boolean,d856987b-c2ab-4e72-b479-19a793ed0887,String,true,Boolean
acs:d856987b-c2ab-4e72-b479-19a793ed0887_0000000c-43b9-a394-7975-c93a0d004851,,2026-09-11T08:58:38.1725682Z,true,Boolean,d856987b-c2ab-4e72-b479-19a793ed0887,String,true,Boolean
acs:d856987b-c2ab-4e72-b479-19a793ed0887_0000000c-43b9-a678-7975-c93a0d004852,,2026-09-11T08:51:31.6927458Z,true,Boolean,d856987b-c2ab-4e72-b479-19a793ed0887,String,true,Boolean
acs:d856987b-c2ab-4e72-b479-19a793ed0887_0000000c-43b9-a980-7975-c93a0d004853,,2026-09-11T08:57:23.3557262Z,true,Boolean,d856987b-c2ab-4e72-b479-19a793ed0887,String,true,Boolean
acs:d856987b-c2ab-4e72-b479-19a793ed0887_0000000c-43b9-ac8f-7975-c93a0d004854,,2026-09-11T08:58:09.706575Z,false,Boolean,d856987b-c2ab-4e72-b479-19a793ed0887,String,true,Boolean
acs:d856987b-c2ab-4e72-b479-19a793ed0887_0000000c-43b9-af83-7975-c93a0d004855,,2026-09-11T08:56:20.8836698Z,true,Boolean,d856987b-c2ab-4e72-b479-19a793ed0887,String,true,Boolean
acs:d856987b-c2ab-4e72-b479-19a793ed0887_0000000c-43b9-b27c-7975-c93a0d004856,,2026-09-11T08:56:45.856582Z,true,Boolean,d856987b-c2ab-4e72-b479-19a793ed0887,String,true,Boolean
acs:d856987b-c2ab-4e72-b479-19a793ed0887_0000000c-43b9-b56c-7975-c93a0d004857,,2026-09-11T08:58:21.3668919Z,true,Boolean,d856987b-c2ab-4e72-b479-19a793ed0887,String,true,Boolean
acs:d856987b-c2ab-4e72-b479-19a793ed0887_0000000c-43b9-bece-d071-c93a0d00b96e,,2026-09-11T08:53:35.6382061Z,true,Boolean,d856987b-c2ab-4e72-b479-19a793ed0887,String,true,Boolean
acs:d856987b-c2ab-4e72-b479-19a793ed0887_0000000c-a4cb-2a1c-ec78-c93a0d004666,,2026-09-11T08:58:22.8004481Z,false,Boolean,d856987b-c2ab-4e72-b479-19a793ed0887,String,true,Boolean
acs:d856987b-c2ab-4e72-b479-19a793ed0887_0000000c-a4cb-2cbf-ec78-c93a0d004667,,2026-09-11T08:57:17.392264Z,true,Boolean,d856987b-c2ab-4e72-b479-19a793ed0887,String,true,Boolean
acs:d856987b-c2ab-4e72-b479-19a793ed0887_0000000c-a4cb-2f52-ec78-c93a0d004668,,2026-09-11T08:58:03.8835524Z,true,Boolean,d856987b-c2ab-4e72-b479-19a793ed0887,String,true,Boolean
acs:d856987b-c2ab-4e72-b479-19a793ed0887_0000000c-a4cb-33f9-ec78-c93a0d004669,,2026-09-11T08:58:36.5230711Z,true,Boolean,d856987b-c2ab-4e72-b479-19a793ed0887,String,true,Boolean
acs:d856987b-c2ab-4e72-b479-19a793ed0887_0000000c-a4cb-3882-ec78-c93a0d00466a,,2026-09-11T08:49:07.3305486Z,true,Boolean,d856987b-c2ab-4e72-b479-19a793ed0887,String,true,Boolean
acs:d856987b-c2ab-4e72-b479-19a793ed0887_0000000c-a4cb-3b06-ec78-c93a0d00466c,,2026-09-11T08:56:59.0694964Z,true,Boolean,d856987b-c2ab-4e72-b479-19a793ed0887,String,true,Boolean
acs:d856987b-c2ab-4e72-b479-19a793ed0887_0000000c-a4cb-3da5-ec78-c93a0d00466d,,2026-09-11T08:55:31.2214677Z,true,Boolean,d856987b-c2ab-4e72-b479-19a793ed0887,String,true,Boolean
acs:d856987b-c2ab-4e72-b479-19a793ed0887_0000000c-a4cb-42a8-8975-c93a0d004e08,,2026-09-11T08:56:22.5294569Z,true,Boolean,d856987b-c2ab-4e72-b479-19a793ed0887,String,true,Boolean
acs:d856987b-c2ab-4e72-b479-19a793ed0887_0000000c-a4cb-4538-ec78-c93a0d00466e,,2026-09-11T08:56:20.1092892Z,true,Boolean,d856987b-c2ab-4e72-b479-19a793ed0887,String,true,Boolean
acs:d856987b-c2ab-4e72-b479-19a793ed0887_0000000c-a4cb-479a-8975-c93a0d004e09,,2026-09-11T08:58:34.1427141Z,false,Boolean,d856987b-c2ab-4e72-b479-19a793ed0887,String,true,Boolean
acs:d856987b-c2ab-4e72-b479-19a793ed0887_0000000c-a4cb-49f4-ec78-c93a0d00466f,,2026-09-11T08:58:04.929694Z,true,Boolean,d856987b-c2ab-4e72-b479-19a793ed0887,String,true,Boolean
acs:d856987b-c2ab-4e72-b479-19a793ed0887_0000000c-a4cb-4cd7-8975-c93a0d004e0e,,2026-09-11T08:58:31.6597286Z,false,Boolean,d856987b-c2ab-4e72-b479-19a793ed0887,String,true,Boolean
acs:d856987b-c2ab-4e72-b479-19a793ed0887_0000000c-a4cb-4f4d-ec78-c93a0d004671,,2026-09-11T08:56:42.6905219Z,true,Boolean,d856987b-c2ab-4e72-b479-19a793ed0887,String,true,Boolean
acs:d856987b-c2ab-4e72-b479-19a793ed0887_0000000c-a4cb-51c8-8975-c93a0d004e0f,,2026-09-11T08:52:27.5151714Z,true,Boolean,d856987b-c2ab-4e72-b479-19a793ed0887,String,true,Boolean
acs:d856987b-c2ab-4e72-b479-19a793ed0887_0000000c-a4cb-5450-ec78-c93a0d004672,,2026-09-11T08:56:49.9383671Z,true,Boolean,d856987b-c2ab-4e72-b479-19a793ed0887,String,true,Boolean
acs:d856987b-c2ab-4e72-b479-19a793ed0887_0000000c-a4cb-56e1-8975-c93a0d004e10,,2026-09-11T08:58:36.0312744Z,false,Boolean,d856987b-c2ab-4e72-b479-19a793ed0887,String,true,Boolean
acs:d856987b-c2ab-4e72-b479-19a793ed0887_0000000c-a4cb-5964-ec78-c93a0d004673,,2026-09-11T08:54:54.0560351Z,true,Boolean,d856987b-c2ab-4e72-b479-19a793ed0887,String,true,Boolean
acs:d856987b-c2ab-4e72-b479-19a793ed0887_0000000c-a4cb-5bfb-8975-c93a0d004e11,,2026-09-11T08:53:55.8560823Z,true,Boolean,d856987b-c2ab-4e72-b479-19a793ed0887,String,true,Boolean
acs:d856987b-c2ab-4e72-b479-19a793ed0887_0000000c-a4cb-5e7c-ec78-c93a0d004674,,2026-09-11T08:58:22.994341Z,false,Boolean,d856987b-c2ab-4e72-b479-19a793ed0887,String,true,Boolean
acs:d856987b-c2ab-4e72-b479-19a793ed0887_0000000c-a4cb-6335-8975-c93a0d004e12,,2026-09-11T08:58:41.5003081Z,true,Boolean,d856987b-c2ab-4e72-b479-19a793ed0887,String,true,Boolean
acs:d856987b-c2ab-4e72-b479-19a793ed0887_0000000c-a4cb-65be-ec78-c93a0d004675,,2026-09-11T08:58:34.8033454Z,true,Boolean,d856987b-c2ab-4e72-b479-19a793ed0887,String,true,Boolean
acs:d856987b-c2ab-4e72-b479-19a793ed0887_0000000c-a4cb-6858-8975-c93a0d004e13,,2026-09-11T08:57:41.2344608Z,true,Boolean,d856987b-c2ab-4e72-b479-19a793ed0887,String,true,Boolean
acs:d856987b-c2ab-4e72-b479-19a793ed0887_0000000c-a4cb-6ae2-ec78-c93a0d004676,,2026-09-11T08:57:36.9268499Z,true,Boolean,d856987b-c2ab-4e72-b479-19a793ed0887,String,true,Boolean
acs:d856987b-c2ab-4e72-b479-19a793ed0887_0000000c-a4cb-6d6e-8975-c93a0d004e14,,2026-09-11T08:57:55.0971648Z,false,Boolean,d856987b-c2ab-4e72-b479-19a793ed0887,String,true,Boolean
acs:d856987b-c2ab-4e72-b479-19a793ed0887_0000000c-a4cb-7004-ec78-c93a0d004677,,2026-09-11T08:57:53.1160584Z,true,Boolean,d856987b-c2ab-4e72-b479-19a793ed0887,String,true,Boolean
acs:d856987b-c2ab-4e72-b479-19a793ed0887_0000000c-a4cb-7299-8975-c93a0d004e15,,2026-09-11T08:58:36.5390614Z,true,Boolean,d856987b-c2ab-4e72-b479-19a793ed0887,String,true,Boolean
acs:d856987b-c2ab-4e72-b479-19a793ed0887_0000000c-a4cb-752b-ec78-c93a0d004678,,2026-09-11T08:57:34.0769071Z,true,Boolean,d856987b-c2ab-4e72-b479-19a793ed0887,String,true,Boolean
acs:d856987b-c2ab-4e72-b479-19a793ed0887_0000000c-a4cb-77bc-8975-c93a0d004e16,,2026-09-11T08:57:10.1298461Z,true,Boolean,d856987b-c2ab-4e72-b479-19a793ed0887,String,true,Boolean
acs:d856987b-c2ab-4e72-b479-19a793ed0887_0000000c-a4cb-7a5c-ec78-c93a0d004679,,2026-09-11T08:58:36.161202Z,true,Boolean,d856987b-c2ab-4e72-b479-19a793ed0887,String,true,Boolean
acs:d856987b-c2ab-4e72-b479-19a793ed0887_0000000c-a4cb-7ce2-8975-c93a0d004e17,,2026-09-11T08:57:39.2387429Z,true,Boolean,d856987b-c2ab-4e72-b479-19a793ed0887,String,true,Boolean
acs:d856987b-c2ab-4e72-b479-19a793ed0887_0000000c-a4cb-7f5b-ec78-c93a0d00467a,,2026-09-11T08:58:29.8406951Z,true,Boolean,d856987b-c2ab-4e72-b479-19a793ed0887,String,true,Boolean
acs:d856987b-c2ab-4e72-b479-19a793ed0887_0000000c-a4cb-81d9-8975-c93a0d004e18,,2026-09-11T08:55:14.1483904Z,true,Boolean,d856987b-c2ab-4e72-b479-19a793ed0887,String,true,Boolean
acs:d856987b-c2ab-4e72-b479-19a793ed0887_0000000c-a4cb-8463-ec78-c93a0d00467b,,2026-09-11T08:58:32.4755476Z,true,Boolean,d856987b-c2ab-4e72-b479-19a793ed0887,String,true,Boolean
acs:d856987b-c2ab-4e72-b479-19a793ed0887_0000000c-a4cb-86ed-8975-c93a0d004e19,,2026-09-11T08:58:37.8521935Z,true,Boolean,d856987b-c2ab-4e72-b479-19a793ed0887,String,true,Boolean
acs:d856987b-c2ab-4e72-b479-19a793ed0887_0000000c-a4cb-8968-ec78-c93a0d00467c,,2026-09-11T08:56:20.6150074Z,true,Boolean,d856987b-c2ab-4e72-b479-19a793ed0887,String,true,Boolean
acs:d856987b-c2ab-4e72-b479-19a793ed0887_0000000c-a4cb-8bfb-8975-c93a0d004e1a,,2026-09-11T08:57:14.7156496Z,true,Boolean,d856987b-c2ab-4e72-b479-19a793ed0887,String,true,Boolean
acs:d856987b-c2ab-4e72-b479-19a793ed0887_0000000c-a4cb-8e80-ec78-c93a0d00467d,,2026-09-11T08:58:32.5340805Z,false,Boolean,d856987b-c2ab-4e72-b479-19a793ed0887,String,true,Boolean
acs:d856987b-c2ab-4e72-b479-19a793ed0887_0000000c-a4cb-911c-8975-c93a0d004e1b,,2026-09-11T08:58:28.3723664Z,false,Boolean,d856987b-c2ab-4e72-b479-19a793ed0887,String,true,Boolean
acs:d856987b-c2ab-4e72-b479-19a793ed0887_0000000c-a4cb-93cd-ec78-c93a0d00467e,,2026-09-11T08:57:25.3466537Z,true,Boolean,d856987b-c2ab-4e72-b479-19a793ed0887,String,true,Boolean
acs:d856987b-c2ab-4e72-b479-19a793ed0887_0000000c-a4cb-964e-8975-c93a0d004e1c,,2026-09-11T08:57:17.759203Z,true,Boolean,d856987b-c2ab-4e72-b479-19a793ed0887,String,true,Boolean
acs:d856987b-c2ab-4e72-b479-19a793ed0887_0000000c-a4cb-98df-ec78-c93a0d00467f,,2026-09-11T08:57:34.6909854Z,true,Boolean,d856987b-c2ab-4e72-b479-19a793ed0887,String,true,Boolean
acs:d856987b-c2ab-4e72-b479-19a793ed0887_0000000c-a4cb-9b6f-8975-c93a0d004e1d,,2026-09-11T08:57:19.3276003Z,true,Boolean,d856987b-c2ab-4e72-b479-19a793ed0887,String,true,Boolean
acs:d856987b-c2ab-4e72-b479-19a793ed0887_0000000c-a4cb-9e4c-ec78-c93a0d004680,,2026-09-11T08:57:52.0393876Z,true,Boolean,d856987b-c2ab-4e72-b479-19a793ed0887,String,true,Boolean
acs:d856987b-c2ab-4e72-b479-19a793ed0887_0000000c-a4cb-a0d6-8975-c93a0d004e1e,,2026-09-11T08:54:02.2002061Z,true,Boolean,d856987b-c2ab-4e72-b479-19a793ed0887,String,true,Boolean
acs:d856987b-c2ab-4e72-b479-19a793ed0887_0000000c-a4cb-a356-ec78-c93a0d004681,,2026-09-11T08:56:44.3666897Z,true,Boolean,d856987b-c2ab-4e72-b479-19a793ed0887,String,true,Boolean
acs:d856987b-c2ab-4e72-b479-19a793ed0887_0000000c-a4cb-a5e3-8975-c93a0d004e1f,,2026-09-11T08:54:33.5249286Z,true,Boolean,d856987b-c2ab-4e72-b479-19a793ed0887,String,true,Boolean
acs:d856987b-c2ab-4e72-b479-19a793ed0887_0000000c-a4cb-a862-ec78-c93a0d004682,,2026-09-11T08:58:35.6954629Z,false,Boolean,d856987b-c2ab-4e72-b479-19a793ed0887,String,true,Boolean
acs:d856987b-c2ab-4e72-b479-19a793ed0887_0000000c-a4cb-aafa-8975-c93a0d004e20,,2026-09-11T08:58:35.7864109Z,true,Boolean,d856987b-c2ab-4e72-b479-19a793ed0887,String,true,Boolean
acs:d856987b-c2ab-4e72-b479-19a793ed0887_0000000c-a4cb-ad9f-ec78-c93a0d004684,,2026-09-11T08:57:57.1531479Z,false,Boolean,d856987b-c2ab-4e72-b479-19a793ed0887,String,true,Boolean
acs:d856987b-c2ab-4e72-b479-19a793ed0887_0000000c-a4cb-b028-8975-c93a0d004e21,,2026-09-11T08:55:04.2707827Z,true,Boolean,d856987b-c2ab-4e72-b479-19a793ed0887,String,true,Boolean
acs:d856987b-c2ab-4e72-b479-19a793ed0887_0000000c-a4cb-b2c3-ec78-c93a0d004685,,2026-09-11T08:58:33.9021658Z,true,Boolean,d856987b-c2ab-4e72-b479-19a793ed0887,String,true,Boolean
acs:d856987b-c2ab-4e72-b479-19a793ed0887_0000000c-a4cb-b557-8975-c93a0d004e22,,2026-09-11T08:57:42.0390126Z,true,Boolean,d856987b-c2ab-4e72-b479-19a793ed0887,String,true,Boolean
acs:d856987b-c2ab-4e72-b479-19a793ed0887_0000000c-a4cb-b7b7-ec78-c93a0d004686,,2026-09-11T08:58:29.9162598Z,true,Boolean,d856987b-c2ab-4e72-b479-19a793ed0887,String,true,Boolean
acs:d856987b-c2ab-4e72-b479-19a793ed0887_0000000c-a4cb-ba4c-8975-c93a0d004e23,,2026-09-11T08:58:24.7445262Z,true,Boolean,d856987b-c2ab-4e72-b479-19a793ed0887,String,true,Boolean
acs:d856987b-c2ab-4e72-b479-19a793ed0887_0000000c-a4cb-bce3-ec78-c93a0d004687,,2026-09-11T08:58:21.8316328Z,false,Boolean,d856987b-c2ab-4e72-b479-19a793ed0887,String,true,Boolean
acs:d856987b-c2ab-4e72-b479-19a793ed0887_0000000c-a4cb-bf73-8975-c93a0d004e24,,2026-09-11T08:58:35.6264998Z,false,Boolean,d856987b-c2ab-4e72-b479-19a793ed0887,String,true,Boolean
acs:d856987b-c2ab-4e72-b479-19a793ed0887_0000000c-a4cb-c1f1-ec78-c93a0d004688,,2026-09-11T08:58:34.0137854Z,false,Boolean,d856987b-c2ab-4e72-b479-19a793ed0887,String,true,Boolean
acs:d856987b-c2ab-4e72-b479-19a793ed0887_0000000c-a4cb-c45c-8975-c93a0d004e25,,2026-09-11T08:53:54.2534255Z,true,Boolean,d856987b-c2ab-4e72-b479-19a793ed0887,String,true,Boolean
acs:d856987b-c2ab-4e72-b479-19a793ed0887_0000000c-a4cb-c6ec-ec78-c93a0d004689,,2026-09-11T08:57:15.0876277Z,true,Boolean,d856987b-c2ab-4e72-b479-19a793ed0887,String,true,Boolean
acs:d856987b-c2ab-4e72-b479-19a793ed0887_0000000c-a4cb-c976-8975-c93a0d004e26,,2026-09-11T08:58:15.2773311Z,true,Boolean,d856987b-c2ab-4e72-b479-19a793ed0887,String,true,Boolean
acs:d856987b-c2ab-4e72-b479-19a793ed0887_0000000c-a4cb-cc0a-ec78-c93a0d00468a,,2026-09-11T08:58:18.1274358Z,true,Boolean,d856987b-c2ab-4e72-b479-19a793ed0887,String,true,Boolean
acs:d856987b-c2ab-4e72-b479-19a793ed0887_0000000c-a4cb-ce8d-8975-c93a0d004e27,,2026-09-11T08:58:35.0182265Z,false,Boolean,d856987b-c2ab-4e72-b479-19a793ed0887,String,true,Boolean
acs:d856987b-c2ab-4e72-b479-19a793ed0887_0000000c-a4cb-d11a-ec78-c93a0d00468b,,2026-09-11T08:58:24.5456924Z,false,Boolean,d856987b-c2ab-4e72-b479-19a793ed0887,String,true,Boolean
acs:d856987b-c2ab-4e72-b479-19a793ed0887_0000000c-a4cb-d395-8975-c93a0d004e28,,2026-09-11T08:58:21.2979303Z,true,Boolean,d856987b-c2ab-4e72-b479-19a793ed0887,String,true,Boolean
acs:d856987b-c2ab-4e72-b479-19a793ed0887_0000000c-a4cb-d618-ec78-c93a0d00468c,,2026-09-11T08:57:16.4380999Z,true,Boolean,d856987b-c2ab-4e72-b479-19a793ed0887,String,true,Boolean
acs:d856987b-c2ab-4e72-b479-19a793ed0887_0000000c-a4cb-d898-8975-c93a0d004e29,,2026-09-11T08:58:37.9217076Z,false,Boolean,d856987b-c2ab-4e72-b479-19a793ed0887,String,true,Boolean
acs:d856987b-c2ab-4e72-b479-19a793ed0887_0000000c-a4cb-db02-ec78-c93a0d00468d,,2026-09-11T08:56:52.4209638Z,false,Boolean,d856987b-c2ab-4e72-b479-19a793ed0887,String,true,Boolean
acs:d856987b-c2ab-4e72-b479-19a793ed0887_0000000c-a4cb-dd84-8975-c93a0d004e2a,,2026-09-11T08:58:08.6783274Z,false,Boolean,d856987b-c2ab-4e72-b479-19a793ed0887,String,true,Boolean
acs:d856987b-c2ab-4e72-b479-19a793ed0887_0000000c-a4cb-dfe2-ec78-c93a0d00468e,,2026-09-11T08:53:36.7054588Z,true,Boolean,d856987b-c2ab-4e72-b479-19a793ed0887,String,true,Boolean
acs:d856987b-c2ab-4e72-b479-19a793ed0887_0000000c-a4cb-e257-8975-c93a0d004e2b,,2026-09-11T08:56:52.4109694Z,true,Boolean,d856987b-c2ab-4e72-b479-19a793ed0887,String,true,Boolean
acs:d856987b-c2ab-4e72-b479-19a793ed0887_0000000c-a4cb-e4dc-ec78-c93a0d00468f,,2026-09-11T08:53:27.6237537Z,true,Boolean,d856987b-c2ab-4e72-b479-19a793ed0887,String,true,Boolean
acs:d856987b-c2ab-4e72-b479-19a793ed0887_0000000c-a4cb-e775-8975-c93a0d004e2c,,2026-09-11T08:57:11.849965Z,true,Boolean,d856987b-c2ab-4e72-b479-19a793ed0887,String,true,Boolean
acs:d856987b-c2ab-4e72-b479-19a793ed0887_0000000c-a4cb-ea05-ec78-c93a0d004690,,2026-09-11T08:58:20.9471256Z,true,Boolean,d856987b-c2ab-4e72-b479-19a793ed0887,String,true,Boolean
acs:d856987b-c2ab-4e72-b479-19a793ed0887_0000000c-a4cb-ec99-8975-c93a0d004e2d,,2026-09-11T08:57:59.6656428Z,true,Boolean,d856987b-c2ab-4e72-b479-19a793ed0887,String,true,Boolean
acs:d856987b-c2ab-4e72-b479-19a793ed0887_0000000c-a4cb-ef19-ec78-c93a0d004691,,2026-09-11T08:57:37.6669954Z,true,Boolean,d856987b-c2ab-4e72-b479-19a793ed0887,String,true,Boolean
acs:d856987b-c2ab-4e72-b479-19a793ed0887_0000000c-a4cb-f19a-8975-c93a0d004e2e,,2026-09-11T08:58:23.2412026Z,false,Boolean,d856987b-c2ab-4e72-b479-19a793ed0887,String,true,Boolean
acs:d856987b-c2ab-4e72-b479-19a793ed0887_0000000c-a4cb-f41c-ec78-c93a0d004692,,2026-09-11T08:55:48.7791402Z,true,Boolean,d856987b-c2ab-4e72-b479-19a793ed0887,String,true,Boolean
acs:d856987b-c2ab-4e72-b479-19a793ed0887_0000000c-a4cb-f6ab-8975-c93a0d004e2f,,2026-09-11T08:56:45.3512893Z,true,Boolean,d856987b-c2ab-4e72-b479-19a793ed0887,String,true,Boolean
acs:d856987b-c2ab-4e72-b479-19a793ed0887_0000000c-a4cb-f929-ec78-c93a0d004693,,2026-09-11T08:57:44.3766508Z,true,Boolean,d856987b-c2ab-4e72-b479-19a793ed0887,String,true,Boolean
acs:d856987b-c2ab-4e72-b479-19a793ed0887_0000000c-a4cb-fbc0-8975-c93a0d004e30,,2026-09-11T08:54:36.6237997Z,true,Boolean,d856987b-c2ab-4e72-b479-19a793ed0887,String,true,Boolean
acs:d856987b-c2ab-4e72-b479-19a793ed0887_0000000c-a4cb-fe33-ec78-c93a0d004694,,2026-09-11T08:54:02.2381854Z,true,Boolean,d856987b-c2ab-4e72-b479-19a793ed0887,String,true,Boolean
acs:d856987b-c2ab-4e72-b479-19a793ed0887_0000000c-a4cc-00d0-8975-c93a0d004e31,,2026-09-11T08:58:40.5838186Z,false,Boolean,d856987b-c2ab-4e72-b479-19a793ed0887,String,true,Boolean
acs:d856987b-c2ab-4e72-b479-19a793ed0887_0000000c-a4cc-0364-ec78-c93a0d004695,,2026-09-11T08:54:17.357429Z,true,Boolean,d856987b-c2ab-4e72-b479-19a793ed0887,String,true,Boolean
acs:d856987b-c2ab-4e72-b479-19a793ed0887_0000000c-a4cc-0600-8975-c93a0d004e32,,2026-09-11T08:58:33.5505242Z,false,Boolean,d856987b-c2ab-4e72-b479-19a793ed0887,String,true,Boolean
acs:d856987b-c2ab-4e72-b479-19a793ed0887_0000000c-a4cc-0878-ec78-c93a0d004696,,2026-09-11T08:56:18.5316029Z,true,Boolean,d856987b-c2ab-4e72-b479-19a793ed0887,String,true,Boolean
acs:d856987b-c2ab-4e72-b479-19a793ed0887_0000000c-a4cc-0af2-8975-c93a0d004e33,,2026-09-11T08:56:52.4559446Z,true,Boolean,d856987b-c2ab-4e72-b479-19a793ed0887,String,true,Boolean
acs:d856987b-c2ab-4e72-b479-19a793ed0887_0000000c-a4cc-0d85-ec78-c93a0d004697,,2026-09-11T08:57:28.4266121Z,true,Boolean,d856987b-c2ab-4e72-b479-19a793ed0887,String,true,Boolean
acs:d856987b-c2ab-4e72-b479-19a793ed0887_0000000c-a4cc-101a-8975-c93a0d004e34,,2026-09-11T08:57:17.0627526Z,true,Boolean,d856987b-c2ab-4e72-b479-19a793ed0887,String,true,Boolean
acs:d856987b-c2ab-4e72-b479-19a793ed0887_0000000c-a4cc-12a4-ec78-c93a0d004698,,2026-09-11T08:56:04.9683706Z,true,Boolean,d856987b-c2ab-4e72-b479-19a793ed0887,String,true,Boolean
acs:d856987b-c2ab-4e72-b479-19a793ed0887_0000000c-a4cc-152b-8975-c93a0d004e36,,2026-09-11T08:56:37.1883183Z,true,Boolean,d856987b-c2ab-4e72-b479-19a793ed0887,String,true,Boolean
acs:d856987b-c2ab-4e72-b479-19a793ed0887_0000001b-fcd5-65de-0c6a-c93a0d005c3d,,2026-09-11T08:58:36.9105624Z,true,Boolean,d856987b-c2ab-4e72-b479-19a793ed0887,String,true,Boolean
acs:d856987b-c2ab-4e72-b479-19a793ed0887_0000001b-fcd5-67a4-a06e-c93a0d005254,,2026-09-11T08:57:56.8091642Z,true,Boolean,d856987b-c2ab-4e72-b479-19a793ed0887,String,true,Boolean
acs:d856987b-c2ab-4e72-b479-19a793ed0887_0000001b-fcd5-6871-0c6a-c93a0d005c3e,,2026-09-11T08:57:23.7661296Z,true,Boolean,d856987b-c2ab-4e72-b479-19a793ed0887,String,true,Boolean
acs:d856987b-c2ab-4e72-b479-19a793ed0887_0000001b-fcd5-6936-a06e-c93a0d005255,,2026-09-11T08:57:34.4438949Z,true,Boolean,d856987b-c2ab-4e72-b479-19a793ed0887,String,true,Boolean
acs:d856987b-c2ab-4e72-b479-19a793ed0887_0000001b-fcd5-69fe-0c6a-c93a0d005c3f,,2026-09-11T08:50:42.5059935Z,true,Boolean,d856987b-c2ab-4e72-b479-19a793ed0887,String,true,Boolean
acs:d856987b-c2ab-4e72-b479-19a793ed0887_0000001b-fcd5-6ad7-a06e-c93a0d005256,,2026-09-11T08:56:20.5200603Z,true,Boolean,d856987b-c2ab-4e72-b479-19a793ed0887,String,true,Boolean
acs:d856987b-c2ab-4e72-b479-19a793ed0887_0000001b-fcd5-6b9a-0c6a-c93a0d005c40,,2026-09-11T08:58:36.1552062Z,true,Boolean,d856987b-c2ab-4e72-b479-19a793ed0887,String,true,Boolean
acs:d856987b-c2ab-4e72-b479-19a793ed0887_0000001b-fcd5-6c6a-a06e-c93a0d005257,,2026-09-11T08:58:24.3428054Z,true,Boolean,d856987b-c2ab-4e72-b479-19a793ed0887,String,true,Boolean
acs:d856987b-c2ab-4e72-b479-19a793ed0887_0000001b-fcd5-6d35-0c6a-c93a0d005c41,,2026-09-11T08:58:41.2704363Z,false,Boolean,d856987b-c2ab-4e72-b479-19a793ed0887,String,true,Boolean
acs:d856987b-c2ab-4e72-b479-19a793ed0887_0000001b-fcd5-6e04-a06e-c93a0d005259,,2026-09-11T08:58:25.7625187Z,true,Boolean,d856987b-c2ab-4e72-b479-19a793ed0887,String,true,Boolean
acs:d856987b-c2ab-4e72-b479-19a793ed0887_0000001b-fcd5-6ec9-0c6a-c93a0d005c42,,2026-09-11T08:57:45.6975332Z,true,Boolean,d856987b-c2ab-4e72-b479-19a793ed0887,String,true,Boolean
acs:d856987b-c2ab-4e72-b479-19a793ed0887_0000001b-fcd5-6f85-a06e-c93a0d00525a,,2026-09-11T08:57:35.0487861Z,true,Boolean,d856987b-c2ab-4e72-b479-19a793ed0887,String,true,Boolean
acs:d856987b-c2ab-4e72-b479-19a793ed0887_0000001b-fcd5-7035-0c6a-c93a0d005c43,,2026-09-11T08:57:56.1175506Z,false,Boolean,d856987b-c2ab-4e72-b479-19a793ed0887,String,true,Boolean
acs:d856987b-c2ab-4e72-b479-19a793ed0887_0000001b-fcd5-70e9-a06e-c93a0d00525b,,2026-09-11T08:57:51.174721Z,true,Boolean,d856987b-c2ab-4e72-b479-19a793ed0887,String,true,Boolean
acs:d856987b-c2ab-4e72-b479-19a793ed0887_0000001b-fcd5-71a1-0c6a-c93a0d005c44,,2026-09-11T08:57:45.1868179Z,true,Boolean,d856987b-c2ab-4e72-b479-19a793ed0887,String,true,Boolean
acs:d856987b-c2ab-4e72-b479-19a793ed0887_0000001b-fcd5-725b-a06e-c93a0d00525c,,2026-09-11T08:57:45.0758798Z,true,Boolean,d856987b-c2ab-4e72-b479-19a793ed0887,String,true,Boolean
acs:d856987b-c2ab-4e72-b479-19a793ed0887_0000001b-fcd5-7315-0c6a-c93a0d005c45,,2026-09-11T08:56:57.5714432Z,true,Boolean,d856987b-c2ab-4e72-b479-19a793ed0887,String,true,Boolean
acs:d856987b-c2ab-4e72-b479-19a793ed0887_0000001b-fcd5-73da-a06e-c93a0d00525d,,2026-09-11T08:58:22.4676335Z,true,Boolean,d856987b-c2ab-4e72-b479-19a793ed0887,String,true,Boolean
acs:d856987b-c2ab-4e72-b479-19a793ed0887_0000001b-fcd5-7494-0c6a-c93a0d005c48,,2026-09-11T08:57:15.6653048Z,true,Boolean,d856987b-c2ab-4e72-b479-19a793ed0887,String,true,Boolean
acs:d856987b-c2ab-4e72-b479-19a793ed0887_0000001b-fcd5-7555-a06e-c93a0d00525e,,2026-09-11T08:57:33.688124Z,true,Boolean,d856987b-c2ab-4e72-b479-19a793ed0887,String,true,Boolean
acs:d856987b-c2ab-4e72-b479-19a793ed0887_0000001b-fcd5-7601-0c6a-c93a0d005c49,,2026-09-11T08:52:47.6017632Z,true,Boolean,d856987b-c2ab-4e72-b479-19a793ed0887,String,true,Boolean
acs:d856987b-c2ab-4e72-b479-19a793ed0887_0000001b-fcd5-76c2-a06e-c93a0d00525f,,2026-09-11T08:58:19.4130061Z,true,Boolean,d856987b-c2ab-4e72-b479-19a793ed0887,String,true,Boolean
acs:d856987b-c2ab-4e72-b479-19a793ed0887_0000001b-fcd5-776f-0c6a-c93a0d005c4a,,2026-09-11T08:58:40.2736307Z,false,Boolean,d856987b-c2ab-4e72-b479-19a793ed0887,String,true,Boolean
acs:d856987b-c2ab-4e72-b479-19a793ed0887_0000001b-fcd5-7829-a06e-c93a0d005260,,2026-09-11T08:58:43.0647274Z,true,Boolean,d856987b-c2ab-4e72-b479-19a793ed0887,String,true,Boolean
acs:d856987b-c2ab-4e72-b479-19a793ed0887_0000001b-fcd5-78dc-0c6a-c93a0d005c4b,,2026-09-11T08:56:11.0972936Z,true,Boolean,d856987b-c2ab-4e72-b479-19a793ed0887,String,true,Boolean
acs:d856987b-c2ab-4e72-b479-19a793ed0887_00000022-2187-dc33-ef27-63bd4560df93,,2026-09-11T08:58:26.4658854Z,true,Boolean,d856987b-c2ab-4e72-b479-19a793ed0887,String,true,Boolean
acs:d856987b-c2ab-4e72-b479-19a793ed0887_00000022-2187-e103-c126-63bd4560e751,,2026-09-11T08:58:25.3447513Z,false,Boolean,d856987b-c2ab-4e72-b479-19a793ed0887,String,true,Boolean
acs:d856987b-c2ab-4e72-b479-19a793ed0887_00000022-2187-e52b-952b-63bd4560ed43,,2026-09-11T08:58:35.2377161Z,false,Boolean,d856987b-c2ab-4e72-b479-19a793ed0887,String,true,Boolean
acs:d856987b-c2ab-4e72-b479-19a793ed0887_00000022-2187-e958-952b-63bd4560ed45,,2026-09-11T08:58:36.6277203Z,false,Boolean,d856987b-c2ab-4e72-b479-19a793ed0887,String,true,Boolean
acs:d856987b-c2ab-4e72-b479-19a793ed0887_00000022-2187-ed74-c126-63bd4560e753,,2026-09-11T08:58:23.3181596Z,false,Boolean,d856987b-c2ab-4e72-b479-19a793ed0887,String,true,Boolean
acs:d856987b-c2ab-4e72-b479-19a793ed0887_00000022-2187-ef13-c126-63bd4560e754,,2026-09-11T08:56:39.4724102Z,true,Boolean,d856987b-c2ab-4e72-b479-19a793ed0887,String,true,Boolean
acs:d856987b-c2ab-4e72-b479-19a793ed0887_00000022-2187-f323-ef27-63bd4560df97,,2026-09-11T08:56:41.8125508Z,true,Boolean,d856987b-c2ab-4e72-b479-19a793ed0887,String,true,Boolean
acs:d856987b-c2ab-4e72-b479-19a793ed0887_00000022-2187-f828-fa27-63bd4560ef1c,,2026-09-11T08:55:04.4216992Z,true,Boolean,d856987b-c2ab-4e72-b479-19a793ed0887,String,true,Boolean
acs:d856987b-c2ab-4e72-b479-19a793ed0887_00000022-2187-f9d8-9b2a-63bd4560d9d4,,2026-09-11T08:57:41.9870415Z,false,Boolean,d856987b-c2ab-4e72-b479-19a793ed0887,String,true,Boolean
acs:d856987b-c2ab-4e72-b479-19a793ed0887_00000022-2187-fb86-9b2a-63bd4560d9d6,,2026-09-11T08:58:34.2686435Z,true,Boolean,d856987b-c2ab-4e72-b479-19a793ed0887,String,true,Boolean
acs:d856987b-c2ab-4e72-b479-19a793ed0887_00000022-2187-fd35-9b2a-63bd4560d9d7,,2026-09-11T08:57:22.9869321Z,true,Boolean,d856987b-c2ab-4e72-b479-19a793ed0887,String,true,Boolean
acs:d856987b-c2ab-4e72-b479-19a793ed0887_00000022-2187-ffbe-9b2a-63bd4560d9d8,,2026-09-11T08:57:11.4481892Z,true,Boolean,d856987b-c2ab-4e72-b479-19a793ed0887,String,true,Boolean
acs:d856987b-c2ab-4e72-b479-19a793ed0887_00000022-2188-015b-ef27-63bd4560df9a,,2026-09-11T08:56:59.6451754Z,true,Boolean,d856987b-c2ab-4e72-b479-19a793ed0887,String,true,Boolean
acs:d856987b-c2ab-4e72-b479-19a793ed0887_00000022-2188-02fd-9b2a-63bd4560d9d9,,2026-09-11T08:54:37.2014776Z,true,Boolean,d856987b-c2ab-4e72-b479-19a793ed0887,String,true,Boolean
acs:d856987b-c2ab-4e72-b479-19a793ed0887_00000022-2188-05ab-ef27-63bd4560df9b,,2026-09-11T08:56:00.493159Z,true,Boolean,d856987b-c2ab-4e72-b479-19a793ed0887,String,true,Boolean
acs:d856987b-c2ab-4e72-b479-19a793ed0887_00000022-2188-075f-9b2a-63bd4560d9db,,2026-09-11T08:56:44.7216402Z,true,Boolean,d856987b-c2ab-4e72-b479-19a793ed0887,String,true,Boolean
acs:d856987b-c2ab-4e72-b479-19a793ed0887_00000022-2188-0909-ef27-63bd4560df9c,,2026-09-11T08:56:52.0395785Z,true,Boolean,d856987b-c2ab-4e72-b479-19a793ed0887,String,true,Boolean
acs:d856987b-c2ab-4e72-b479-19a793ed0887_00000022-2188-0aba-fa27-63bd4560ef20,,2026-09-11T08:58:32.6690154Z,false,Boolean,d856987b-c2ab-4e72-b479-19a793ed0887,String,true,Boolean
acs:d856987b-c2ab-4e72-b479-19a793ed0887_00000022-2188-0c83-9b2a-63bd4560d9dd,,2026-09-11T08:57:12.8005484Z,true,Boolean,d856987b-c2ab-4e72-b479-19a793ed0887,String,true,Boolean
acs:d856987b-c2ab-4e72-b479-19a793ed0887_00000022-2188-0e27-ef27-63bd4560df9d,,2026-09-11T08:57:16.0637465Z,true,Boolean,d856987b-c2ab-4e72-b479-19a793ed0887,String,true,Boolean
acs:d856987b-c2ab-4e72-b479-19a793ed0887_00000022-2188-0fe8-fa27-63bd4560ef21,,2026-09-11T08:58:30.5379145Z,true,Boolean,d856987b-c2ab-4e72-b479-19a793ed0887,String,true,Boolean
acs:d856987b-c2ab-4e72-b479-19a793ed0887_00000022-2188-119f-9b2a-63bd4560d9de,,2026-09-11T08:58:31.5088124Z,false,Boolean,d856987b-c2ab-4e72-b479-19a793ed0887,String,true,Boolean
acs:d856987b-c2ab-4e72-b479-19a793ed0887_00000022-2188-133a-9b2a-63bd4560d9df,,2026-09-11T08:56:12.9600811Z,true,Boolean,d856987b-c2ab-4e72-b479-19a793ed0887,String,true,Boolean
acs:d856987b-c2ab-4e72-b479-19a793ed0887_00000022-2188-1502-ef27-63bd4560df9e,,2026-09-11T08:58:34.158705Z,false,Boolean,d856987b-c2ab-4e72-b479-19a793ed0887,String,true,Boolean
acs:d856987b-c2ab-4e72-b479-19a793ed0887_00000022-2188-16ab-9b2a-63bd4560d9e1,,2026-09-11T08:56:37.0044206Z,true,Boolean,d856987b-c2ab-4e72-b479-19a793ed0887,String,true,Boolean
acs:d856987b-c2ab-4e72-b479-19a793ed0887_00000022-2188-1867-fa27-63bd4560ef22,,2026-09-11T08:58:23.2452003Z,true,Boolean,d856987b-c2ab-4e72-b479-19a793ed0887,String,true,Boolean
acs:d856987b-c2ab-4e72-b479-19a793ed0887_00000022-2188-1a11-9b2a-63bd4560d9e3,,2026-09-11T08:56:46.4068281Z,true,Boolean,d856987b-c2ab-4e72-b479-19a793ed0887,String,true,Boolean
acs:d856987b-c2ab-4e72-b479-19a793ed0887_00000022-2188-1f03-fa27-63bd4560ef23,,2026-09-11T08:57:37.6440079Z,true,Boolean,d856987b-c2ab-4e72-b479-19a793ed0887,String,true,Boolean
acs:d856987b-c2ab-4e72-b479-19a793ed0887_00000022-2188-20b1-952b-63bd4560ed4d,,2026-09-11T08:58:23.7921125Z,false,Boolean,d856987b-c2ab-4e72-b479-19a793ed0887,String,true,Boolean
acs:d856987b-c2ab-4e72-b479-19a793ed0887_00000022-2188-224b-fa27-63bd4560ef24,,2026-09-11T08:56:34.2213278Z,true,Boolean,d856987b-c2ab-4e72-b479-19a793ed0887,String,true,Boolean
acs:d856987b-c2ab-4e72-b479-19a793ed0887_00000022-2188-23f1-952b-63bd4560ed4f,,2026-09-11T08:57:23.3937057Z,true,Boolean,d856987b-c2ab-4e72-b479-19a793ed0887,String,true,Boolean
acs:d856987b-c2ab-4e72-b479-19a793ed0887_00000022-2188-2590-c126-63bd4560e75a,,2026-09-11T08:53:10.1841498Z,true,Boolean,d856987b-c2ab-4e72-b479-19a793ed0887,String,true,Boolean
acs:d856987b-c2ab-4e72-b479-19a793ed0887_00000022-2188-2737-c126-63bd4560e75b,,2026-09-11T08:57:44.7064674Z,true,Boolean,d856987b-c2ab-4e72-b479-19a793ed0887,String,true,Boolean
acs:d856987b-c2ab-4e72-b479-19a793ed0887_00000022-2188-28e7-9b2a-63bd4560d9e6,,2026-09-11T08:58:27.3759213Z,false,Boolean,d856987b-c2ab-4e72-b479-19a793ed0887,String,true,Boolean
acs:d856987b-c2ab-4e72-b479-19a793ed0887_00000022-2188-2a80-ef27-63bd4560dfa4,,2026-09-11T08:57:53.1400448Z,true,Boolean,d856987b-c2ab-4e72-b479-19a793ed0887,String,true,Boolean
acs:d856987b-c2ab-4e72-b479-19a793ed0887_00000022-2188-2c2f-fa27-63bd4560ef28,,2026-09-11T08:57:12.2188728Z,true,Boolean,d856987b-c2ab-4e72-b479-19a793ed0887,String,true,Boolean
acs:d856987b-c2ab-4e72-b479-19a793ed0887_00000022-2188-2dd0-ef27-63bd4560dfa6,,2026-09-11T08:56:57.2206388Z,true,Boolean,d856987b-c2ab-4e72-b479-19a793ed0887,String,true,Boolean
acs:d856987b-c2ab-4e72-b479-19a793ed0887_00000022-2188-2f6e-fa27-63bd4560ef2a,,2026-09-11T08:57:35.0917624Z,true,Boolean,d856987b-c2ab-4e72-b479-19a793ed0887,String,true,Boolean
acs:d856987b-c2ab-4e72-b479-19a793ed0887_00000022-2188-3103-ef27-63bd4560dfa7,,2026-09-11T08:57:51.5390282Z,true,Boolean,d856987b-c2ab-4e72-b479-19a793ed0887,String,true,Boolean
acs:d856987b-c2ab-4e72-b479-19a793ed0887_00000022-2188-32b6-9b2a-63bd4560d9e7,,2026-09-11T08:55:47.7852227Z,true,Boolean,d856987b-c2ab-4e72-b479-19a793ed0887,String,true,Boolean
acs:d856987b-c2ab-4e72-b479-19a793ed0887_00000022-2188-344a-ef27-63bd4560dfa9,,2026-09-11T08:55:16.1901368Z,true,Boolean,d856987b-c2ab-4e72-b479-19a793ed0887,String,true,Boolean
acs:d856987b-c2ab-4e72-b479-19a793ed0887_00000022-304c-659b-952b-63bd45601f29,,2026-09-11T08:58:35.936327Z,false,Boolean,d856987b-c2ab-4e72-b479-19a793ed0887,String,true,Boolean
acs:d856987b-c2ab-4e72-b479-19a793ed0887_00000022-304c-67d9-952b-63bd45601f2a,,2026-09-11T08:56:39.8811821Z,true,Boolean,d856987b-c2ab-4e72-b479-19a793ed0887,String,true,Boolean
acs:d856987b-c2ab-4e72-b479-19a793ed0887_00000022-304c-693b-952b-63bd45601f2b,,2026-09-11T08:57:15.2115579Z,true,Boolean,d856987b-c2ab-4e72-b479-19a793ed0887,String,true,Boolean
acs:d856987b-c2ab-4e72-b479-19a793ed0887_00000022-304c-6ac1-952b-63bd45601f2c,,2026-09-11T08:56:52.8697231Z,true,Boolean,d856987b-c2ab-4e72-b479-19a793ed0887,String,true,Boolean
acs:d856987b-c2ab-4e72-b479-19a793ed0887_00000022-304c-6c34-952b-63bd45601f2e,,2026-09-11T08:55:57.2325675Z,true,Boolean,d856987b-c2ab-4e72-b479-19a793ed0887,String,true,Boolean
acs:d856987b-c2ab-4e72-b479-19a793ed0887_00000022-304c-6d80-952b-63bd45601f2f,,2026-09-11T08:57:44.244725Z,false,Boolean,d856987b-c2ab-4e72-b479-19a793ed0887,String,true,Boolean
acs:d856987b-c2ab-4e72-b479-19a793ed0887_00000022-304c-6eca-952b-63bd45601f33,,2026-09-11T08:57:25.7254432Z,true,Boolean,d856987b-c2ab-4e72-b479-19a793ed0887,String,true,Boolean
acs:d856987b-c2ab-4e72-b479-19a793ed0887_00000022-304c-7062-952b-63bd45601f36,,2026-09-11T08:54:50.5523181Z,true,Boolean,d856987b-c2ab-4e72-b479-19a793ed0887,String,true,Boolean
acs:d856987b-c2ab-4e72-b479-19a793ed0887_00000022-304c-72e8-ef27-63bd456013db,,2026-09-11T08:54:41.1842531Z,true,Boolean,d856987b-c2ab-4e72-b479-19a793ed0887,String,true,Boolean
acs:d856987b-c2ab-4e72-b479-19a793ed0887_00000022-304c-76e4-ef27-63bd456013dd,,2026-09-11T08:57:53.8686386Z,true,Boolean,d856987b-c2ab-4e72-b479-19a793ed0887,String,true,Boolean
acs:d856987b-c2ab-4e72-b479-19a793ed0887_00000022-304c-783a-ef27-63bd456013de,,2026-09-11T08:58:36.6676979Z,false,Boolean,d856987b-c2ab-4e72-b479-19a793ed0887,String,true,Boolean
acs:d856987b-c2ab-4e72-b479-19a793ed0887_00000022-304c-7997-ef27-63bd456013df,,2026-09-11T08:58:19.8167907Z,true,Boolean,d856987b-c2ab-4e72-b479-19a793ed0887,String,true,Boolean
acs:d856987b-c2ab-4e72-b479-19a793ed0887_00000022-304c-7ae9-ef27-63bd456013e0,,2026-09-11T08:57:18.9608045Z,true,Boolean,d856987b-c2ab-4e72-b479-19a793ed0887,String,true,Boolean
acs:d856987b-c2ab-4e72-b479-19a793ed0887_00000022-304c-7c48-ef27-63bd456013e1,,2026-09-11T08:54:41.1642642Z,true,Boolean,d856987b-c2ab-4e72-b479-19a793ed0887,String,true,Boolean
acs:d856987b-c2ab-4e72-b479-19a793ed0887_00000022-304c-7da1-ef27-63bd456013e2,,2026-09-11T08:55:04.4486835Z,true,Boolean,d856987b-c2ab-4e72-b479-19a793ed0887,String,true,Boolean
acs:d856987b-c2ab-4e72-b479-19a793ed0887_00000022-304c-7f17-ef27-63bd456013e3,,2026-09-11T08:58:41.1485043Z,true,Boolean,d856987b-c2ab-4e72-b479-19a793ed0887,String,true,Boolean
acs:d856987b-c2ab-4e72-b479-19a793ed0887_00000022-304c-8082-ef27-63bd456013e4,,2026-09-11T08:58:42.7299141Z,false,Boolean,d856987b-c2ab-4e72-b479-19a793ed0887,String,true,Boolean
acs:d856987b-c2ab-4e72-b479-19a793ed0887_00000022-304c-81ec-ef27-63bd456013e5,,2026-09-11T08:57:41.6342381Z,true,Boolean,d856987b-c2ab-4e72-b479-19a793ed0887,String,true,Boolean
acs:d856987b-c2ab-4e72-b479-19a793ed0887_00000022-304c-8374-ef27-63bd456013e6,,2026-09-11T08:54:31.2337834Z,true,Boolean,d856987b-c2ab-4e72-b479-19a793ed0887,String,true,Boolean
acs:d856987b-c2ab-4e72-b479-19a793ed0887_00000022-304c-84d0-ef27-63bd456013e7,,2026-09-11T08:58:21.0320796Z,false,Boolean,d856987b-c2ab-4e72-b479-19a793ed0887,String,true,Boolean
acs:d856987b-c2ab-4e72-b479-19a793ed0887_00000022-304c-8620-ef27-63bd456013e8,,2026-09-11T08:57:14.3598401Z,true,Boolean,d856987b-c2ab-4e72-b479-19a793ed0887,String,true,Boolean
acs:d856987b-c2ab-4e72-b479-19a793ed0887_00000022-304c-8776-ef27-63bd456013e9,,2026-09-11T08:57:59.2946005Z,true,Boolean,d856987b-c2ab-4e72-b479-19a793ed0887,String,true,Boolean
acs:d856987b-c2ab-4e72-b479-19a793ed0887_00000022-304c-88c4-ef27-63bd456013eb,,2026-09-11T08:58:20.5353897Z,true,Boolean,d856987b-c2ab-4e72-b479-19a793ed0887,String,true,Boolean
acs:d856987b-c2ab-4e72-b479-19a793ed0887_00000022-304c-8a1a-ef27-63bd456013ec,,2026-09-11T08:57:52.2842492Z,true,Boolean,d856987b-c2ab-4e72-b479-19a793ed0887,String,true,Boolean
acs:d856987b-c2ab-4e72-b479-19a793ed0887_00000022-304c-8b83-ef27-63bd456013ed,,2026-09-11T08:54:14.4033828Z,true,Boolean,d856987b-c2ab-4e72-b479-19a793ed0887,String,true,Boolean
acs:d856987b-c2ab-4e72-b479-19a793ed0887_00000022-304c-8cd3-ef27-63bd456013ee,,2026-09-11T08:57:53.4568689Z,true,Boolean,d856987b-c2ab-4e72-b479-19a793ed0887,String,true,Boolean
acs:d856987b-c2ab-4e72-b479-19a793ed0887_00000022-304c-8e22-ef27-63bd456013ef,,2026-09-11T08:58:27.5438276Z,false,Boolean,d856987b-c2ab-4e72-b479-19a793ed0887,String,true,Boolean
acs:d856987b-c2ab-4e72-b479-19a793ed0887_00000022-304c-8f85-ef27-63bd456013f1,,2026-09-11T08:57:18.9747968Z,true,Boolean,d856987b-c2ab-4e72-b479-19a793ed0887,String,true,Boolean
acs:d856987b-c2ab-4e72-b479-19a793ed0887_00000022-304c-90d4-ef27-63bd456013f2,,2026-09-11T08:58:15.5842674Z,true,Boolean,d856987b-c2ab-4e72-b479-19a793ed0887,String,true,Boolean
acs:d856987b-c2ab-4e72-b479-19a793ed0887_00000022-304c-921b-ef27-63bd456013f3,,2026-09-11T08:57:26.4469013Z,true,Boolean,d856987b-c2ab-4e72-b479-19a793ed0887,String,true,Boolean
acs:d856987b-c2ab-4e72-b479-19a793ed0887_00000022-304c-9381-ef27-63bd456013f4,,2026-09-11T08:56:17.3861317Z,true,Boolean,d856987b-c2ab-4e72-b479-19a793ed0887,String,true,Boolean
acs:d856987b-c2ab-4e72-b479-19a793ed0887_00000022-304c-94d2-ef27-63bd456013f5,,2026-09-11T08:58:21.5507911Z,false,Boolean,d856987b-c2ab-4e72-b479-19a793ed0887,String,true,Boolean
acs:d856987b-c2ab-4e72-b479-19a793ed0887_00000022-304c-9638-ef27-63bd456013f6,,2026-09-11T08:57:56.5812917Z,false,Boolean,d856987b-c2ab-4e72-b479-19a793ed0887,String,true,Boolean
acs:d856987b-c2ab-4e72-b479-19a793ed0887_00000022-304c-97c9-ef27-63bd456013f7,,2026-09-11T08:58:32.0744973Z,true,Boolean,d856987b-c2ab-4e72-b479-19a793ed0887,String,true,Boolean
acs:d856987b-c2ab-4e72-b479-19a793ed0887_00000022-304c-992c-ef27-63bd456013f9,,2026-09-11T08:57:53.5128372Z,true,Boolean,d856987b-c2ab-4e72-b479-19a793ed0887,String,true,Boolean
acs:d856987b-c2ab-4e72-b479-19a793ed0887_00000022-304c-9a9b-ef27-63bd456013fa,,2026-09-11T08:57:33.7480904Z,true,Boolean,d856987b-c2ab-4e72-b479-19a793ed0887,String,true,Boolean
acs:d856987b-c2ab-4e72-b479-19a793ed0887_00000022-304c-9bf7-ef27-63bd456013fc,,2026-09-11T08:58:26.4678844Z,false,Boolean,d856987b-c2ab-4e72-b479-19a793ed0887,String,true,Boolean
acs:d856987b-c2ab-4e72-b479-19a793ed0887_00000022-304c-9d55-ef27-63bd456013fd,,2026-09-11T08:58:36.340102Z,false,Boolean,d856987b-c2ab-4e72-b479-19a793ed0887,String,true,Boolean
acs:d856987b-c2ab-4e72-b479-19a793ed0887_00000022-304c-9ea6-ef27-63bd456013fe,,2026-09-11T08:53:40.3665943Z,true,Boolean,d856987b-c2ab-4e72-b479-19a793ed0887,String,true,Boolean
acs:d856987b-c2ab-4e72-b479-19a793ed0887_00000022-304c-9fe4-ef27-63bd456013ff,,2026-09-11T08:58:38.2395295Z,true,Boolean,d856987b-c2ab-4e72-b479-19a793ed0887,String,true,Boolean
acs:d856987b-c2ab-4e72-b479-19a793ed0887_00000022-304c-a13f-ef27-63bd45601401,,2026-09-11T08:53:29.5078047Z,true,Boolean,d856987b-c2ab-4e72-b479-19a793ed0887,String,true,Boolean
acs:d856987b-c2ab-4e72-b479-19a793ed0887_00000022-304c-a287-ef27-63bd45601402,,2026-09-11T08:55:07.2417969Z,true,Boolean,d856987b-c2ab-4e72-b479-19a793ed0887,String,true,Boolean
acs:d856987b-c2ab-4e72-b479-19a793ed0887_00000022-304c-a3ce-ef27-63bd45601405,,2026-09-11T08:58:40.7986993Z,true,Boolean,d856987b-c2ab-4e72-b479-19a793ed0887,String,true,Boolean
acs:d856987b-c2ab-4e72-b479-19a793ed0887_00000022-304c-a531-ef27-63bd45601406,,2026-09-11T08:57:09.5241835Z,true,Boolean,d856987b-c2ab-4e72-b479-19a793ed0887,String,true,Boolean
acs:d856987b-c2ab-4e72-b479-19a793ed0887_00000022-304c-a688-ef27-63bd45601408,,2026-09-11T08:58:30.2990464Z,true,Boolean,d856987b-c2ab-4e72-b479-19a793ed0887,String,true,Boolean
acs:d856987b-c2ab-4e72-b479-19a793ed0887_00000022-304c-a7c4-ef27-63bd45601409,,2026-09-11T08:53:39.4271176Z,true,Boolean,d856987b-c2ab-4e72-b479-19a793ed0887,String,true,Boolean
acs:d856987b-c2ab-4e72-b479-19a793ed0887_00000022-304c-a91d-ef27-63bd4560140a,,2026-09-11T08:56:42.3637036Z,true,Boolean,d856987b-c2ab-4e72-b479-19a793ed0887,String,true,Boolean
acs:d856987b-c2ab-4e72-b479-19a793ed0887_00000022-304c-aa6a-ef27-63bd4560140b,,2026-09-11T08:57:52.8669265Z,true,Boolean,d856987b-c2ab-4e72-b479-19a793ed0887,String,true,Boolean
acs:d856987b-c2ab-4e72-b479-19a793ed0887_00000022-304c-abb0-ef27-63bd4560140c,,2026-09-11T08:57:51.5690115Z,true,Boolean,d856987b-c2ab-4e72-b479-19a793ed0887,String,true,Boolean
acs:d856987b-c2ab-4e72-b479-19a793ed0887_00000022-304c-ad0b-ef27-63bd4560140d,,2026-09-11T08:57:34.6949832Z,true,Boolean,d856987b-c2ab-4e72-b479-19a793ed0887,String,true,Boolean
acs:d856987b-c2ab-4e72-b479-19a793ed0887_00000022-304c-ae55-ef27-63bd4560140f,,2026-09-11T08:56:47.9618788Z,true,Boolean,d856987b-c2ab-4e72-b479-19a793ed0887,String,true,Boolean
acs:d856987b-c2ab-4e72-b479-19a793ed0887_00000022-304c-af9e-ef27-63bd45601411,,2026-09-11T08:57:51.9414406Z,true,Boolean,d856987b-c2ab-4e72-b479-19a793ed0887,String,true,Boolean
acs:d856987b-c2ab-4e72-b479-19a793ed0887_00000022-304c-b0ff-ef27-63bd45601412,,2026-09-11T08:57:18.1589803Z,true,Boolean,d856987b-c2ab-4e72-b479-19a793ed0887,String,true,Boolean
acs:d856987b-c2ab-4e72-b479-19a793ed0887_00000022-304c-b269-ef27-63bd45601413,,2026-09-11T08:54:49.1864163Z,true,Boolean,d856987b-c2ab-4e72-b479-19a793ed0887,String,true,Boolean
acs:d856987b-c2ab-4e72-b479-19a793ed0887_00000022-304c-b3ca-ef27-63bd45601414,,2026-09-11T08:57:13.3598089Z,true,Boolean,d856987b-c2ab-4e72-b479-19a793ed0887,String,true,Boolean
acs:d856987b-c2ab-4e72-b479-19a793ed0887_00000022-304c-b50b-ef27-63bd45601415,,2026-09-11T08:57:57.2131143Z,true,Boolean,d856987b-c2ab-4e72-b479-19a793ed0887,String,true,Boolean
acs:d856987b-c2ab-4e72-b479-19a793ed0887_00000022-304c-b657-ef27-63bd45601417,,2026-09-11T08:57:14.0050379Z,true,Boolean,d856987b-c2ab-4e72-b479-19a793ed0887,String,true,Boolean
acs:d856987b-c2ab-4e72-b479-19a793ed0887_00000022-304c-b7ef-ef27-63bd45601418,,2026-09-11T08:57:04.6839076Z,true,Boolean,d856987b-c2ab-4e72-b479-19a793ed0887,String,true,Boolean
acs:d856987b-c2ab-4e72-b479-19a793ed0887_00000022-304c-ba43-ef27-63bd45601419,,2026-09-11T08:56:47.1894534Z,true,Boolean,d856987b-c2ab-4e72-b479-19a793ed0887,String,true,Boolean
acs:d856987b-c2ab-4e72-b479-19a793ed0887_00000022-304c-be17-ef27-63bd4560141c,,2026-09-11T08:57:52.744993Z,true,Boolean,d856987b-c2ab-4e72-b479-19a793ed0887,String,true,Boolean
acs:d856987b-c2ab-4e72-b479-19a793ed0887_00000022-304c-bf67-ef27-63bd4560141d,,2026-09-11T08:57:14.684666Z,true,Boolean,d856987b-c2ab-4e72-b479-19a793ed0887,String,true,Boolean
acs:d856987b-c2ab-4e72-b479-19a793ed0887_00000022-304c-c0b4-ef27-63bd4560141e,,2026-09-11T08:56:24.1817119Z,true,Boolean,d856987b-c2ab-4e72-b479-19a793ed0887,String,true,Boolean
acs:d856987b-c2ab-4e72-b479-19a793ed0887_00000022-304c-c1fd-ef27-63bd45601420,,2026-09-11T08:57:52.4461597Z,true,Boolean,d856987b-c2ab-4e72-b479-19a793ed0887,String,true,Boolean
acs:d856987b-c2ab-4e72-b479-19a793ed0887_00000022-304c-c33d-ef27-63bd45601422,,2026-09-11T08:54:15.4342256Z,true,Boolean,d856987b-c2ab-4e72-b479-19a793ed0887,String,true,Boolean
acs:d856987b-c2ab-4e72-b479-19a793ed0887_00000022-304c-c70b-ef27-63bd45601423,,2026-09-11T08:58:34.3915749Z,true,Boolean,d856987b-c2ab-4e72-b479-19a793ed0887,String,true,Boolean
acs:d856987b-c2ab-4e72-b479-19a793ed0887_00000022-304c-c85b-ef27-63bd45601424,,2026-09-11T08:57:15.2965105Z,true,Boolean,d856987b-c2ab-4e72-b479-19a793ed0887,String,true,Boolean
acs:d856987b-c2ab-4e72-b479-19a793ed0887_00000022-304c-c9b2-ef27-63bd45601425,,2026-09-11T08:53:28.7842079Z,true,Boolean,d856987b-c2ab-4e72-b479-19a793ed0887,String,true,Boolean
acs:d856987b-c2ab-4e72-b479-19a793ed0887_00000022-304c-cb04-ef27-63bd45601426,,2026-09-11T08:58:04.2843289Z,true,Boolean,d856987b-c2ab-4e72-b479-19a793ed0887,String,true,Boolean
acs:d856987b-c2ab-4e72-b479-19a793ed0887_00000022-304c-cc56-ef27-63bd45601427,,2026-09-11T08:54:04.3993827Z,true,Boolean,d856987b-c2ab-4e72-b479-19a793ed0887,String,true,Boolean
acs:d856987b-c2ab-4e72-b479-19a793ed0887_00000022-304c-cda8-ef27-63bd45601428,,2026-09-11T08:56:28.4918504Z,true,Boolean,d856987b-c2ab-4e72-b479-19a793ed0887,String,true,Boolean
acs:d856987b-c2ab-4e72-b479-19a793ed0887_00000022-304c-cef3-ef27-63bd45601429,,2026-09-11T08:58:22.8444235Z,true,Boolean,d856987b-c2ab-4e72-b479-19a793ed0887,String,true,Boolean
acs:d856987b-c2ab-4e72-b479-19a793ed0887_00000022-304c-d04f-ef27-63bd4560142a,,2026-09-11T08:58:23.4682929Z,false,Boolean,d856987b-c2ab-4e72-b479-19a793ed0887,String,true,Boolean
acs:d856987b-c2ab-4e72-b479-19a793ed0887_00000022-304c-d1c6-ef27-63bd4560142b,,2026-09-11T08:58:19.0686632Z,false,Boolean,d856987b-c2ab-4e72-b479-19a793ed0887,String,true,Boolean
acs:d856987b-c2ab-4e72-b479-19a793ed0887_00000022-304c-d341-ef27-63bd4560142c,,2026-09-11T08:55:23.9534745Z,true,Boolean,d856987b-c2ab-4e72-b479-19a793ed0887,String,true,Boolean
acs:d856987b-c2ab-4e72-b479-19a793ed0887_00000022-304c-d496-ef27-63bd4560142d,,2026-09-11T08:58:37.6291618Z,false,Boolean,d856987b-c2ab-4e72-b479-19a793ed0887,String,true,Boolean
acs:d856987b-c2ab-4e72-b479-19a793ed0887_00000022-304c-d606-ef27-63bd4560142e,,2026-09-11T08:58:34.6214472Z,true,Boolean,d856987b-c2ab-4e72-b479-19a793ed0887,String,true,Boolean
acs:d856987b-c2ab-4e72-b479-19a793ed0887_00000022-304c-d762-ef27-63bd4560142f,,2026-09-11T08:58:35.1737523Z,false,Boolean,d856987b-c2ab-4e72-b479-19a793ed0887,String,true,Boolean
acs:d856987b-c2ab-4e72-b479-19a793ed0887_00000022-304c-d8fd-ef27-63bd45601430,,2026-09-11T08:56:37.8199669Z,true,Boolean,d856987b-c2ab-4e72-b479-19a793ed0887,String,true,Boolean
acs:d856987b-c2ab-4e72-b479-19a793ed0887_00000022-304c-da5d-ef27-63bd45601431,,2026-09-11T08:57:34.2880793Z,true,Boolean,d856987b-c2ab-4e72-b479-19a793ed0887,String,true,Boolean
acs:d856987b-c2ab-4e72-b479-19a793ed0887_00000022-304c-dbca-ef27-63bd45601432,,2026-09-11T08:58:20.6726725Z,false,Boolean,d856987b-c2ab-4e72-b479-19a793ed0887,String,true,Boolean
acs:d856987b-c2ab-4e72-b479-19a793ed0887_00000022-304c-dd43-ef27-63bd45601433,,2026-09-11T08:57:51.0797745Z,true,Boolean,d856987b-c2ab-4e72-b479-19a793ed0887,String,true,Boolean
acs:d856987b-c2ab-4e72-b479-19a793ed0887_00000022-304c-de83-ef27-63bd45601434,,2026-09-11T08:57:55.0701798Z,true,Boolean,d856987b-c2ab-4e72-b479-19a793ed0887,String,true,Boolean
acs:d856987b-c2ab-4e72-b479-19a793ed0887_00000022-304c-dff6-ef27-63bd45601436,,2026-09-11T08:55:04.0166353Z,true,Boolean,d856987b-c2ab-4e72-b479-19a793ed0887,String,true,Boolean
acs:d856987b-c2ab-4e72-b479-19a793ed0887_00000022-304c-e15f-ef27-63bd45601437,,2026-09-11T08:58:34.4395481Z,false,Boolean,d856987b-c2ab-4e72-b479-19a793ed0887,String,true,Boolean
acs:d856987b-c2ab-4e72-b479-19a793ed0887_00000022-304c-e2a2-ef27-63bd45601439,,2026-09-11T08:58:30.1901075Z,true,Boolean,d856987b-c2ab-4e72-b479-19a793ed0887,String,true,Boolean
acs:d856987b-c2ab-4e72-b479-19a793ed0887_00000022-304c-e406-ef27-63bd4560143a,,2026-09-11T08:58:31.7456808Z,true,Boolean,d856987b-c2ab-4e72-b479-19a793ed0887,String,true,Boolean
acs:d856987b-c2ab-4e72-b479-19a793ed0887_00000022-304c-e580-ef27-63bd4560143b,,2026-09-11T08:58:41.6882034Z,false,Boolean,d856987b-c2ab-4e72-b479-19a793ed0887,String,true,Boolean
acs:d856987b-c2ab-4e72-b479-19a793ed0887_00000022-304c-e6f5-ef27-63bd4560143c,,2026-09-11T08:58:18.050478Z,false,Boolean,d856987b-c2ab-4e72-b479-19a793ed0887,String,true,Boolean
acs:d856987b-c2ab-4e72-b479-19a793ed0887_00000022-304c-e895-ef27-63bd4560143e,,2026-09-11T08:57:13.2203141Z,true,Boolean,d856987b-c2ab-4e72-b479-19a793ed0887,String,true,Boolean
acs:d856987b-c2ab-4e72-b479-19a793ed0887_00000022-304c-ea02-ef27-63bd45601440,,2026-09-11T08:58:18.4939828Z,true,Boolean,d856987b-c2ab-4e72-b479-19a793ed0887,String,true,Boolean
acs:d856987b-c2ab-4e72-b479-19a793ed0887_00000022-304c-eb4a-ef27-63bd45601441,,2026-09-11T08:57:52.7050154Z,true,Boolean,d856987b-c2ab-4e72-b479-19a793ed0887,String,true,Boolean
acs:d856987b-c2ab-4e72-b479-19a793ed0887_00000022-304c-ec95-ef27-63bd45601442,,2026-09-11T08:58:36.0382705Z,false,Boolean,d856987b-c2ab-4e72-b479-19a793ed0887,String,true,Boolean
acs:d856987b-c2ab-4e72-b479-19a793ed0887_00000022-304c-ee19-ef27-63bd45601444,,2026-09-11T08:56:20.9196505Z,true,Boolean,d856987b-c2ab-4e72-b479-19a793ed0887,String,true,Boolean
acs:d856987b-c2ab-4e72-b479-19a793ed0887_00000022-304c-efa3-ef27-63bd45601445,,2026-09-11T08:58:35.6205035Z,false,Boolean,d856987b-c2ab-4e72-b479-19a793ed0887,String,true,Boolean
acs:d856987b-c2ab-4e72-b479-19a793ed0887_00000022-304c-f113-ef27-63bd45601446,,2026-09-11T08:56:27.1720059Z,true,Boolean,d856987b-c2ab-4e72-b479-19a793ed0887,String,true,Boolean
acs:d856987b-c2ab-4e72-b479-19a793ed0887_00000022-304c-f256-ef27-63bd45601447,,2026-09-11T08:58:07.5759422Z,false,Boolean,d856987b-c2ab-4e72-b479-19a793ed0887,String,true,Boolean
acs:d856987b-c2ab-4e72-b479-19a793ed0887_00000022-304c-f3d0-ef27-63bd45601448,,2026-09-11T08:57:18.1689749Z,true,Boolean,d856987b-c2ab-4e72-b479-19a793ed0887,String,true,Boolean
acs:d856987b-c2ab-4e72-b479-19a793ed0887_00000022-304c-f522-ef27-63bd45601449,,2026-09-11T08:53:37.7158958Z,true,Boolean,d856987b-c2ab-4e72-b479-19a793ed0887,String,true,Boolean
acs:d856987b-c2ab-4e72-b479-19a793ed0887_00000022-304c-f66c-ef27-63bd4560144a,,2026-09-11T08:58:22.5565842Z,false,Boolean,d856987b-c2ab-4e72-b479-19a793ed0887,String,true,Boolean
acs:d856987b-c2ab-4e72-b479-19a793ed0887_00000022-304c-f7e1-ef27-63bd4560144b,,2026-09-11T08:58:15.2923227Z,false,Boolean,d856987b-c2ab-4e72-b479-19a793ed0887,String,true,Boolean
acs:d856987b-c2ab-4e72-b479-19a793ed0887_00000022-304c-f984-ef27-63bd4560144c,,2026-09-11T08:58:34.8593145Z,false,Boolean,d856987b-c2ab-4e72-b479-19a793ed0887,String,true,Boolean
acs:d856987b-c2ab-4e72-b479-19a793ed0887_00000029-8db3-605a-746b-62bd45608a22,,2026-09-11T08:58:32.1014827Z,true,Boolean,d856987b-c2ab-4e72-b479-19a793ed0887,String,true,Boolean
acs:d856987b-c2ab-4e72-b479-19a793ed0887_00000029-8db3-619e-746b-62bd45608a23,,2026-09-11T08:56:58.2168632Z,true,Boolean,d856987b-c2ab-4e72-b479-19a793ed0887,String,true,Boolean
acs:d856987b-c2ab-4e72-b479-19a793ed0887_00000029-8db3-62a6-746b-62bd45608a24,,2026-09-11T08:58:33.3576315Z,false,Boolean,d856987b-c2ab-4e72-b479-19a793ed0887,String,true,Boolean
acs:d856987b-c2ab-4e72-b479-19a793ed0887_00000029-8db3-63a7-746b-62bd45608a25,,2026-09-11T08:53:36.3827911Z,true,Boolean,d856987b-c2ab-4e72-b479-19a793ed0887,String,true,Boolean
acs:d856987b-c2ab-4e72-b479-19a793ed0887_00000029-8db3-64ae-746b-62bd45608a26,,2026-09-11T08:55:58.0790963Z,true,Boolean,d856987b-c2ab-4e72-b479-19a793ed0887,String,true,Boolean
acs:d856987b-c2ab-4e72-b479-19a793ed0887_00000029-8db3-65b4-746b-62bd45608a27,,2026-09-11T08:58:03.5283726Z,true,Boolean,d856987b-c2ab-4e72-b479-19a793ed0887,String,true,Boolean
acs:d856987b-c2ab-4e72-b479-19a793ed0887_00000029-8db3-66b6-746b-62bd45608a28,,2026-09-11T08:57:22.8729955Z,true,Boolean,d856987b-c2ab-4e72-b479-19a793ed0887,String,true,Boolean
acs:d856987b-c2ab-4e72-b479-19a793ed0887_00000029-8db3-67b9-746b-62bd45608a29,,2026-09-11T08:57:34.8009243Z,true,Boolean,d856987b-c2ab-4e72-b479-19a793ed0887,String,true,Boolean
acs:d856987b-c2ab-4e72-b479-19a793ed0887_00000029-8db3-68b7-746b-62bd45608a2b,,2026-09-11T08:56:33.8499732Z,true,Boolean,d856987b-c2ab-4e72-b479-19a793ed0887,String,true,Boolean
acs:d856987b-c2ab-4e72-b479-19a793ed0887_00000029-8db3-69b5-746b-62bd45608a2c,,2026-09-11T08:58:26.1150811Z,true,Boolean,d856987b-c2ab-4e72-b479-19a793ed0887,String,true,Boolean
acs:d856987b-c2ab-4e72-b479-19a793ed0887_00000029-8db3-6abc-746b-62bd45608a2d,,2026-09-11T08:58:04.2723359Z,true,Boolean,d856987b-c2ab-4e72-b479-19a793ed0887,String,true,Boolean
acs:d856987b-c2ab-4e72-b479-19a793ed0887_00000029-8db3-6bc0-746b-62bd45608a2f,,2026-09-11T08:58:42.5720018Z,false,Boolean,d856987b-c2ab-4e72-b479-19a793ed0887,String,true,Boolean
acs:d856987b-c2ab-4e72-b479-19a793ed0887_00000029-8db3-6cbe-746b-62bd45608a30,,2026-09-11T08:57:47.5861099Z,true,Boolean,d856987b-c2ab-4e72-b479-19a793ed0887,String,true,Boolean
acs:d856987b-c2ab-4e72-b479-19a793ed0887_00000029-8db3-6dbc-746b-62bd45608a31,,2026-09-11T08:58:14.8775541Z,true,Boolean,d856987b-c2ab-4e72-b479-19a793ed0887,String,true,Boolean
acs:d856987b-c2ab-4e72-b479-19a793ed0887_00000029-8db3-6eba-746b-62bd45608a32,,2026-09-11T08:54:45.2539019Z,true,Boolean,d856987b-c2ab-4e72-b479-19a793ed0887,String,true,Boolean
acs:d856987b-c2ab-4e72-b479-19a793ed0887_00000029-8db3-6fbc-746b-62bd45608a34,,2026-09-11T08:53:13.5132733Z,true,Boolean,d856987b-c2ab-4e72-b479-19a793ed0887,String,true,Boolean
acs:d856987b-c2ab-4e72-b479-19a793ed0887_00000029-8db3-70c9-746b-62bd45608a35,,2026-09-11T08:58:38.5823389Z,true,Boolean,d856987b-c2ab-4e72-b479-19a793ed0887,String,true,Boolean
acs:d856987b-c2ab-4e72-b479-19a793ed0887_00000029-8db3-71ce-746b-62bd45608a36,,2026-09-11T08:57:59.6366596Z,false,Boolean,d856987b-c2ab-4e72-b479-19a793ed0887,String,true,Boolean
acs:d856987b-c2ab-4e72-b479-19a793ed0887_00000029-8db3-72d5-746b-62bd45608a37,,2026-09-11T08:57:39.5985424Z,true,Boolean,d856987b-c2ab-4e72-b479-19a793ed0887,String,true,Boolean
acs:d856987b-c2ab-4e72-b479-19a793ed0887_00000029-8db3-73d3-746b-62bd45608a39,,2026-09-11T08:58:34.9502636Z,false,Boolean,d856987b-c2ab-4e72-b479-19a793ed0887,String,true,Boolean
acs:d856987b-c2ab-4e72-b479-19a793ed0887_00000029-8db3-74d3-746b-62bd45608a3a,,2026-09-11T08:57:28.0278337Z,true,Boolean,d856987b-c2ab-4e72-b479-19a793ed0887,String,true,Boolean
acs:d856987b-c2ab-4e72-b479-19a793ed0887_00000029-8db3-75d1-746b-62bd45608a3c,,2026-09-11T08:58:19.0356811Z,true,Boolean,d856987b-c2ab-4e72-b479-19a793ed0887,String,true,Boolean
acs:d856987b-c2ab-4e72-b479-19a793ed0887_00000029-8db3-7733-746b-62bd45608a3e,,2026-09-11T08:58:37.6816695Z,false,Boolean,d856987b-c2ab-4e72-b479-19a793ed0887,String,true,Boolean
acs:d856987b-c2ab-4e72-b479-19a793ed0887_00000029-8db3-783c-746b-62bd45608a3f,,2026-09-11T08:56:42.7145084Z,true,Boolean,d856987b-c2ab-4e72-b479-19a793ed0887,String,true,Boolean
acs:d856987b-c2ab-4e72-b479-19a793ed0887_00000029-8db3-7942-746b-62bd45608a40,,2026-09-11T08:58:23.9400319Z,true,Boolean,d856987b-c2ab-4e72-b479-19a793ed0887,String,true,Boolean
acs:d856987b-c2ab-4e72-b479-19a793ed0887_00000029-8db3-7a43-746b-62bd45608a41,,2026-09-11T08:55:26.1557403Z,true,Boolean,d856987b-c2ab-4e72-b479-19a793ed0887,String,true,Boolean
acs:d856987b-c2ab-4e72-b479-19a793ed0887_00000029-8db3-7b46-746b-62bd45608a43,,2026-09-11T08:56:09.8405666Z,true,Boolean,d856987b-c2ab-4e72-b479-19a793ed0887,String,true,Boolean
acs:d856987b-c2ab-4e72-b479-19a793ed0887_00000029-8db3-7d1b-746b-62bd45608a44,,2026-09-11T08:58:03.8995433Z,true,Boolean,d856987b-c2ab-4e72-b479-19a793ed0887,String,true,Boolean
acs:d856987b-c2ab-4e72-b479-19a793ed0887_00000029-8db3-7e1e-746b-62bd45608a45,,2026-09-11T08:58:43.4231723Z,true,Boolean,d856987b-c2ab-4e72-b479-19a793ed0887,String,true,Boolean
acs:d856987b-c2ab-4e72-b479-19a793ed0887_00000029-8db3-7f1f-746b-62bd45608a47,,2026-09-11T08:58:43.6400513Z,false,Boolean,d856987b-c2ab-4e72-b479-19a793ed0887,String,true,Boolean
acs:d856987b-c2ab-4e72-b479-19a793ed0887_00000029-8db3-8026-746b-62bd45608a49,,2026-09-11T08:58:33.8911722Z,true,Boolean,d856987b-c2ab-4e72-b479-19a793ed0887,String,true,Boolean
acs:d856987b-c2ab-4e72-b479-19a793ed0887_00000029-8db3-8135-746b-62bd45608a4a,,2026-09-11T08:56:00.8581909Z,true,Boolean,d856987b-c2ab-4e72-b479-19a793ed0887,String,true,Boolean
acs:d856987b-c2ab-4e72-b479-19a793ed0887_00000029-8db3-8235-746b-62bd45608a4b,,2026-09-11T08:58:33.1507479Z,true,Boolean,d856987b-c2ab-4e72-b479-19a793ed0887,String,true,Boolean
acs:d856987b-c2ab-4e72-b479-19a793ed0887_00000029-8db3-8340-746b-62bd45608a4c,,2026-09-11T08:56:26.4264209Z,true,Boolean,d856987b-c2ab-4e72-b479-19a793ed0887,String,true,Boolean
acs:d856987b-c2ab-4e72-b479-19a793ed0887_00000029-8db3-8441-746b-62bd45608a4d,,2026-09-11T08:58:25.2727911Z,false,Boolean,d856987b-c2ab-4e72-b479-19a793ed0887,String,true,Boolean
acs:d856987b-c2ab-4e72-b479-19a793ed0887_00000029-8db3-8541-746b-62bd45608a4e,,2026-09-11T08:58:22.3616927Z,false,Boolean,d856987b-c2ab-4e72-b479-19a793ed0887,String,true,Boolean
acs:d856987b-c2ab-4e72-b479-19a793ed0887_00000029-8db3-8641-746b-62bd45608a4f,,2026-09-11T08:57:13.8151439Z,true,Boolean,d856987b-c2ab-4e72-b479-19a793ed0887,String,true,Boolean
acs:d856987b-c2ab-4e72-b479-19a793ed0887_00000029-8db3-8744-746b-62bd45608a50,,2026-09-11T08:58:24.2498572Z,false,Boolean,d856987b-c2ab-4e72-b479-19a793ed0887,String,true,Boolean
acs:d856987b-c2ab-4e72-b479-19a793ed0887_00000029-8db3-8846-746b-62bd45608a51,,2026-09-11T08:57:50.8199184Z,true,Boolean,d856987b-c2ab-4e72-b479-19a793ed0887,String,true,Boolean
acs:d856987b-c2ab-4e72-b479-19a793ed0887_00000029-8db3-8950-746b-62bd45608a52,,2026-09-11T08:58:20.8821635Z,true,Boolean,d856987b-c2ab-4e72-b479-19a793ed0887,String,true,Boolean
acs:d856987b-c2ab-4e72-b479-19a793ed0887_00000029-8db3-8a4d-746b-62bd45608a53,,2026-09-11T08:58:32.8808974Z,true,Boolean,d856987b-c2ab-4e72-b479-19a793ed0887,String,true,Boolean
acs:d856987b-c2ab-4e72-b479-19a793ed0887_00000029-8db3-8b59-746b-62bd45608a54,,2026-09-11T08:58:36.1831892Z,false,Boolean,d856987b-c2ab-4e72-b479-19a793ed0887,String,true,Boolean
acs:d856987b-c2ab-4e72-b479-19a793ed0887_00000029-8db3-8c5b-746b-62bd45608a55,,2026-09-11T08:56:45.999056Z,true,Boolean,d856987b-c2ab-4e72-b479-19a793ed0887,String,true,Boolean
acs:d856987b-c2ab-4e72-b479-19a793ed0887_00000029-8db3-8d5a-746b-62bd45608a56,,2026-09-11T08:58:15.200374Z,true,Boolean,d856987b-c2ab-4e72-b479-19a793ed0887,String,true,Boolean
acs:d856987b-c2ab-4e72-b479-19a793ed0887_00000029-8db3-8e59-746b-62bd45608a57,,2026-09-11T08:57:13.7271933Z,true,Boolean,d856987b-c2ab-4e72-b479-19a793ed0887,String,true,Boolean
acs:d856987b-c2ab-4e72-b479-19a793ed0887_00000029-8db3-8f56-746b-62bd45608a58,,2026-09-11T08:58:24.7900601Z,false,Boolean,d856987b-c2ab-4e72-b479-19a793ed0887,String,true,Boolean
acs:d856987b-c2ab-4e72-b479-19a793ed0887_00000029-8db3-9056-746b-62bd45608a59,,2026-09-11T08:58:33.5065489Z,true,Boolean,d856987b-c2ab-4e72-b479-19a793ed0887,String,true,Boolean
acs:d856987b-c2ab-4e72-b479-19a793ed0887_00000029-8db3-9154-746b-62bd45608a5a,,2026-09-11T08:57:23.7215226Z,true,Boolean,d856987b-c2ab-4e72-b479-19a793ed0887,String,true,Boolean
acs:d856987b-c2ab-4e72-b479-19a793ed0887_00000029-8db3-9254-746b-62bd45608a5b,,2026-09-11T08:58:20.2035753Z,false,Boolean,d856987b-c2ab-4e72-b479-19a793ed0887,String,true,Boolean
acs:d856987b-c2ab-4e72-b479-19a793ed0887_00000029-8db3-9351-746b-62bd45608a5c,,2026-09-11T08:54:33.7069733Z,true,Boolean,d856987b-c2ab-4e72-b479-19a793ed0887,String,true,Boolean
acs:d856987b-c2ab-4e72-b479-19a793ed0887_00000029-8db3-9450-746b-62bd45608a5d,,2026-09-11T08:58:35.6264998Z,false,Boolean,d856987b-c2ab-4e72-b479-19a793ed0887,String,true,Boolean
acs:d856987b-c2ab-4e72-b479-19a793ed0887_00000029-8db3-954f-746b-62bd45608a5f,,2026-09-11T08:57:05.033713Z,true,Boolean,d856987b-c2ab-4e72-b479-19a793ed0887,String,true,Boolean
acs:d856987b-c2ab-4e72-b479-19a793ed0887_00000029-8db3-9650-746b-62bd45608a60,,2026-09-11T08:58:14.2199204Z,false,Boolean,d856987b-c2ab-4e72-b479-19a793ed0887,String,true,Boolean
acs:d856987b-c2ab-4e72-b479-19a793ed0887_00000029-8db3-9753-746b-62bd45608a61,,2026-09-11T08:58:39.8668573Z,false,Boolean,d856987b-c2ab-4e72-b479-19a793ed0887,String,true,Boolean
acs:d856987b-c2ab-4e72-b479-19a793ed0887_00000029-8db3-9854-746b-62bd45608a62,,2026-09-11T08:58:04.5721689Z,true,Boolean,d856987b-c2ab-4e72-b479-19a793ed0887,String,true,Boolean
acs:d856987b-c2ab-4e72-b479-19a793ed0887_00000029-8db3-9958-746b-62bd45608a63,,2026-09-11T08:56:19.2512022Z,true,Boolean,d856987b-c2ab-4e72-b479-19a793ed0887,String,true,Boolean
acs:d856987b-c2ab-4e72-b479-19a793ed0887_00000029-8db3-9a5a-746b-62bd45608a64,,2026-09-11T08:56:44.0078895Z,true,Boolean,d856987b-c2ab-4e72-b479-19a793ed0887,String,true,Boolean
acs:d856987b-c2ab-4e72-b479-19a793ed0887_00000029-8db3-9b5b-746b-62bd45608a65,,2026-09-11T08:57:24.5323377Z,true,Boolean,d856987b-c2ab-4e72-b479-19a793ed0887,String,true,Boolean
acs:d856987b-c2ab-4e72-b479-19a793ed0887_00000029-8db3-9c5f-746b-62bd45608a66,,2026-09-11T08:57:23.2467871Z,true,Boolean,d856987b-c2ab-4e72-b479-19a793ed0887,String,true,Boolean
acs:d856987b-c2ab-4e72-b479-19a793ed0887_00000029-8db3-9d61-746b-62bd45608a67,,2026-09-11T08:58:13.147897Z,false,Boolean,d856987b-c2ab-4e72-b479-19a793ed0887,String,true,Boolean
acs:d856987b-c2ab-4e72-b479-19a793ed0887_00000029-8db3-9e62-746b-62bd45608a68,,2026-09-11T08:57:43.1641508Z,false,Boolean,d856987b-c2ab-4e72-b479-19a793ed0887,String,true,Boolean
acs:d856987b-c2ab-4e72-b479-19a793ed0887_00000029-8db3-9f6f-746b-62bd45608a69,,2026-09-11T08:58:36.8196131Z,false,Boolean,d856987b-c2ab-4e72-b479-19a793ed0887,String,true,Boolean
acs:d856987b-c2ab-4e72-b479-19a793ed0887_00000029-8db3-a227-746b-62bd45608a6c,,2026-09-11T08:57:18.5683107Z,true,Boolean,d856987b-c2ab-4e72-b479-19a793ed0887,String,true,Boolean
acs:d856987b-c2ab-4e72-b479-19a793ed0887_00000029-8db3-a325-746b-62bd45608a6d,,2026-09-11T08:57:28.7974052Z,true,Boolean,d856987b-c2ab-4e72-b479-19a793ed0887,String,true,Boolean
acs:d856987b-c2ab-4e72-b479-19a793ed0887_00000029-8db3-a420-746b-62bd45608a6e,,2026-09-11T08:58:38.987113Z,true,Boolean,d856987b-c2ab-4e72-b479-19a793ed0887,String,true,Boolean
acs:d856987b-c2ab-4e72-b479-19a793ed0887_00000029-8db3-a520-746b-62bd45608a6f,,2026-09-11T08:56:02.2182686Z,true,Boolean,d856987b-c2ab-4e72-b479-19a793ed0887,String,true,Boolean
acs:d856987b-c2ab-4e72-b479-19a793ed0887_00000029-8db3-a61e-746b-62bd45608a70,,2026-09-11T08:57:12.6176501Z,true,Boolean,d856987b-c2ab-4e72-b479-19a793ed0887,String,true,Boolean
acs:d856987b-c2ab-4e72-b479-19a793ed0887_00000029-8db3-a717-746b-62bd45608a72,,2026-09-11T08:56:48.7393006Z,true,Boolean,d856987b-c2ab-4e72-b479-19a793ed0887,String,true,Boolean
acs:d856987b-c2ab-4e72-b479-19a793ed0887_00000029-8db3-a814-746b-62bd45608a73,,2026-09-11T08:58:33.6964427Z,false,Boolean,d856987b-c2ab-4e72-b479-19a793ed0887,String,true,Boolean
acs:d856987b-c2ab-4e72-b479-19a793ed0887_00000029-8db3-a912-746b-62bd45608a74,,2026-09-11T08:58:40.9516137Z,false,Boolean,d856987b-c2ab-4e72-b479-19a793ed0887,String,true,Boolean
acs:d856987b-c2ab-4e72-b479-19a793ed0887_00000029-8db3-aa0b-746b-62bd45608a75,,2026-09-11T08:58:25.2627972Z,false,Boolean,d856987b-c2ab-4e72-b479-19a793ed0887,String,true,Boolean
acs:d856987b-c2ab-4e72-b479-19a793ed0887_00000029-8db3-ab07-746b-62bd45608a76,,2026-09-11T08:56:46.5597434Z,true,Boolean,d856987b-c2ab-4e72-b479-19a793ed0887,String,true,Boolean
acs:d856987b-c2ab-4e72-b479-19a793ed0887_00000029-8db3-ac07-746b-62bd45608a77,,2026-09-11T08:56:57.9240272Z,true,Boolean,d856987b-c2ab-4e72-b479-19a793ed0887,String,true,Boolean
acs:d856987b-c2ab-4e72-b479-19a793ed0887_00000029-8db3-ad05-746b-62bd45608a78,,2026-09-11T08:58:33.9458235Z,false,Boolean,d856987b-c2ab-4e72-b479-19a793ed0887,String,true,Boolean
acs:d856987b-c2ab-4e72-b479-19a793ed0887_00000029-8db3-ae02-746b-62bd45608a79,,2026-09-11T08:54:47.5061997Z,true,Boolean,d856987b-c2ab-4e72-b479-19a793ed0887,String,true,Boolean
acs:d856987b-c2ab-4e72-b479-19a793ed0887_00000029-8db3-aefc-746b-62bd45608a7a,,2026-09-11T08:58:39.3121675Z,false,Boolean,d856987b-c2ab-4e72-b479-19a793ed0887,String,true,Boolean
acs:d856987b-c2ab-4e72-b479-19a793ed0887_00000029-8db3-aff9-746b-62bd45608a7c,,2026-09-11T08:58:37.8621874Z,false,Boolean,d856987b-c2ab-4e72-b479-19a793ed0887,String,true,Boolean
acs:d856987b-c2ab-4e72-b479-19a793ed0887_00000029-8db3-b0f5-746b-62bd45608a7d,,2026-09-11T08:58:22.179794Z,false,Boolean,d856987b-c2ab-4e72-b479-19a793ed0887,String,true,Boolean
acs:d856987b-c2ab-4e72-b479-19a793ed0887_00000029-8db3-b1f1-746b-62bd45608a7f,,2026-09-11T08:57:47.2133182Z,true,Boolean,d856987b-c2ab-4e72-b479-19a793ed0887,String,true,Boolean
acs:d856987b-c2ab-4e72-b479-19a793ed0887_00000029-8db3-b2ed-746b-62bd45608a81,,2026-09-11T08:57:53.0980677Z,true,Boolean,d856987b-c2ab-4e72-b479-19a793ed0887,String,true,Boolean
acs:d856987b-c2ab-4e72-b479-19a793ed0887_00000029-8db3-b3ea-746b-62bd45608a83,,2026-09-11T08:58:37.494237Z,true,Boolean,d856987b-c2ab-4e72-b479-19a793ed0887,String,true,Boolean
acs:d856987b-c2ab-4e72-b479-19a793ed0887_00000029-8db3-b4eb-746b-62bd45608a84,,2026-09-11T08:56:25.1925982Z,true,Boolean,d856987b-c2ab-4e72-b479-19a793ed0887,String,true,Boolean
acs:d856987b-c2ab-4e72-b479-19a793ed0887_00000029-8db3-b5e5-746b-62bd45608a85,,2026-09-11T08:58:00.7580342Z,false,Boolean,d856987b-c2ab-4e72-b479-19a793ed0887,String,true,Boolean
acs:d856987b-c2ab-4e72-b479-19a793ed0887_00000029-8db3-b6e0-746b-62bd45608a86,,2026-09-11T08:57:13.6162548Z,true,Boolean,d856987b-c2ab-4e72-b479-19a793ed0887,String,true,Boolean
acs:d856987b-c2ab-4e72-b479-19a793ed0887_00000029-8db3-b7db-746b-62bd45608a87,,2026-09-11T08:58:19.403012Z,false,Boolean,d856987b-c2ab-4e72-b479-19a793ed0887,String,true,Boolean
acs:d856987b-c2ab-4e72-b479-19a793ed0887_00000029-8db3-b8d9-746b-62bd45608a88,,2026-09-11T08:57:17.7582037Z,true,Boolean,d856987b-c2ab-4e72-b479-19a793ed0887,String,true,Boolean
acs:d856987b-c2ab-4e72-b479-19a793ed0887_00000029-8db3-b9d9-746b-62bd45608a8a,,2026-09-11T08:58:35.4436016Z,false,Boolean,d856987b-c2ab-4e72-b479-19a793ed0887,String,true,Boolean
acs:d856987b-c2ab-4e72-b479-19a793ed0887_00000029-8db3-bad9-746b-62bd45608a8b,,2026-09-11T08:58:38.8631819Z,false,Boolean,d856987b-c2ab-4e72-b479-19a793ed0887,String,true,Boolean
acs:d856987b-c2ab-4e72-b479-19a793ed0887_00000029-8db3-bbdb-746b-62bd45608a8c,,2026-09-11T08:58:03.4688536Z,true,Boolean,d856987b-c2ab-4e72-b479-19a793ed0887,String,true,Boolean
acs:d856987b-c2ab-4e72-b479-19a793ed0887_00000029-8db3-bcda-746b-62bd45608a8d,,2026-09-11T08:58:36.8346047Z,false,Boolean,d856987b-c2ab-4e72-b479-19a793ed0887,String,true,Boolean
acs:d856987b-c2ab-4e72-b479-19a793ed0887_00000029-8db3-bde1-746b-62bd45608a8e,,2026-09-11T08:58:39.2026378Z,false,Boolean,d856987b-c2ab-4e72-b479-19a793ed0887,String,true,Boolean
acs:d856987b-c2ab-4e72-b479-19a793ed0887_00000029-8db3-bedf-746b-62bd45608a8f,,2026-09-11T08:57:50.2915855Z,true,Boolean,d856987b-c2ab-4e72-b479-19a793ed0887,String,true,Boolean
acs:d856987b-c2ab-4e72-b479-19a793ed0887_00000029-8db3-bfde-746b-62bd45608a91,,2026-09-11T08:58:30.6738391Z,true,Boolean,d856987b-c2ab-4e72-b479-19a793ed0887,String,true,Boolean
acs:d856987b-c2ab-4e72-b479-19a793ed0887_00000029-8db3-c0e2-746b-62bd45608a92,,2026-09-11T08:58:14.8455716Z,true,Boolean,d856987b-c2ab-4e72-b479-19a793ed0887,String,true,Boolean
acs:d856987b-c2ab-4e72-b479-19a793ed0887_00000029-8db3-c231-c968-62bd45608801,,2026-09-11T08:51:36.5304739Z,true,Boolean,d856987b-c2ab-4e72-b479-19a793ed0887,String,true,Boolean
acs:d856987b-c2ab-4e72-b479-19a793ed0887_00000029-8db3-c332-c968-62bd45608802,,2026-09-11T08:58:33.7813956Z,false,Boolean,d856987b-c2ab-4e72-b479-19a793ed0887,String,true,Boolean
acs:d856987b-c2ab-4e72-b479-19a793ed0887_00000029-8db3-c42f-c968-62bd45608803,,2026-09-11T08:58:35.200737Z,true,Boolean,d856987b-c2ab-4e72-b479-19a793ed0887,String,true,Boolean
acs:d856987b-c2ab-4e72-b479-19a793ed0887_00000029-8db3-c53a-c968-62bd45608804,,2026-09-11T08:58:20.5044072Z,true,Boolean,d856987b-c2ab-4e72-b479-19a793ed0887,String,true,Boolean
acs:d856987b-c2ab-4e72-b479-19a793ed0887_00000029-8db3-c63a-c968-62bd45608805,,2026-09-11T08:58:18.843788Z,true,Boolean,d856987b-c2ab-4e72-b479-19a793ed0887,String,true,Boolean
acs:d856987b-c2ab-4e72-b479-19a793ed0887_00000029-8db3-c73a-c968-62bd45608806,,2026-09-11T08:56:03.8308019Z,true,Boolean,d856987b-c2ab-4e72-b479-19a793ed0887,String,true,Boolean
acs:d856987b-c2ab-4e72-b479-19a793ed0887_00000029-8db3-c838-c968-62bd45608807,,2026-09-11T08:57:34.0609165Z,true,Boolean,d856987b-c2ab-4e72-b479-19a793ed0887,String,true,Boolean
acs:d856987b-c2ab-4e72-b479-19a793ed0887_00000029-8db3-c938-c968-62bd45608808,,2026-09-11T08:57:44.7874228Z,true,Boolean,d856987b-c2ab-4e72-b479-19a793ed0887,String,true,Boolean
acs:fe385110-ae15-4739-bacb-fad6267a9304_0000000c-43b8-e847-9b76-c93a0d003939,,2024-06-21T03:34:27.9250263Z,true,Boolean,fe385110-ae15-4739-bacb-fad6267a9304,String,true,Boolean
acs:fe385110-ae15-4739-bacb-fad6267a9304_0000000c-43b8-eac9-9b76-c93a0d00393a,,2024-06-21T03:37:42.1468187Z,true,Boolean,fe385110-ae15-4739-bacb-fad6267a9304,String,true,Boolean
acs:fe385110-ae15-4739-bacb-fad6267a9304_0000000c-43b8-ed43-9b76-c93a0d00393b,,2024-06-21T03:38:32.4802302Z,true,Boolean,fe385110-ae15-4739-bacb-fad6267a9304,String,true,Boolean
acs:fe385110-ae15-4739-bacb-fad6267a9304_0000000c-43b8-efd0-9b76-c93a0d00393d,,2024-06-21T03:38:32.0294858Z,true,Boolean,fe385110-ae15-4739-bacb-fad6267a9304,String,true,Boolean
acs:fe385110-ae15-4739-bacb-fad6267a9304_0000000c-43b8-f25d-9b76-c93a0d00393e,,2024-06-21T03:37:36.1582181Z,true,Boolean,fe385110-ae15-4739-bacb-fad6267a9304,String,true,Boolean
acs:fe385110-ae15-4739-bacb-fad6267a9304_0000000c-43b8-f4e6-9b76-c93a0d003941,,2024-06-21T03:37:34.0604083Z,true,Boolean,fe385110-ae15-4739-bacb-fad6267a9304,String,true,Boolean
acs:fe385110-ae15-4739-bacb-fad6267a9304_0000000c-43b8-f76d-9b76-c93a0d003943,,2024-06-21T03:34:37.7184737Z,true,Boolean,fe385110-ae15-4739-bacb-fad6267a9304,String,true,Boolean
acs:fe385110-ae15-4739-bacb-fad6267a9304_0000000c-43b8-f9ed-9b76-c93a0d003945,,2024-06-21T03:34:47.3310237Z,true,Boolean,fe385110-ae15-4739-bacb-fad6267a9304,String,true,Boolean
acs:fe385110-ae15-4739-bacb-fad6267a9304_0000000c-43b8-fc70-9b76-c93a0d003946,,2024-06-21T03:18:52.1337938Z,false,Boolean,fe385110-ae15-4739-bacb-fad6267a9304,String,true,Boolean
acs:fe385110-ae15-4739-bacb-fad6267a9304_0000000c-43b8-feef-9b76-c93a0d003947,,2024-06-21T03:36:32.3774286Z,true,Boolean,fe385110-ae15-4739-bacb-fad6267a9304,String,true,Boolean
acs:fe385110-ae15-4739-bacb-fad6267a9304_0000000c-a4c5-d5d9-8975-c93a0d004da0,,2024-06-21T03:34:17.5728945Z,true,Boolean,fe385110-ae15-4739-bacb-fad6267a9304,String,true,Boolean
acs:fe385110-ae15-4739-bacb-fad6267a9304_0000000c-a4c5-d7fa-8975-c93a0d004da1,,2024-06-21T03:37:58.4495591Z,true,Boolean,fe385110-ae15-4739-bacb-fad6267a9304,String,true,Boolean
acs:fe385110-ae15-4739-bacb-fad6267a9304_0000000c-a4c5-da0f-8975-c93a0d004da2,,2024-06-21T03:34:04.5272877Z,true,Boolean,fe385110-ae15-4739-bacb-fad6267a9304,String,true,Boolean
acs:fe385110-ae15-4739-bacb-fad6267a9304_0000000c-a4c5-dbef-8975-c93a0d004da3,,2024-06-21T03:30:51.284601Z,true,Boolean,fe385110-ae15-4739-bacb-fad6267a9304,String,true,Boolean
acs:fe385110-ae15-4739-bacb-fad6267a9304_0000000c-a4c5-de04-8975-c93a0d004da4,,2024-06-21T03:36:39.1285967Z,true,Boolean,fe385110-ae15-4739-bacb-fad6267a9304,String,true,Boolean
acs:fe385110-ae15-4739-bacb-fad6267a9304_0000000c-a4c5-dff4-8975-c93a0d004da5,,2024-06-21T03:35:02.8592183Z,true,Boolean,fe385110-ae15-4739-bacb-fad6267a9304,String,true,Boolean
acs:fe385110-ae15-4739-bacb-fad6267a9304_0000000c-a4c5-e1fc-8975-c93a0d004da6,,2024-06-21T03:27:53.3500727Z,true,Boolean,fe385110-ae15-4739-bacb-fad6267a9304,String,true,Boolean
acs:fe385110-ae15-4739-bacb-fad6267a9304_0000000c-a4c5-e406-8975-c93a0d004da7,,2024-06-21T03:38:33.754506Z,true,Boolean,fe385110-ae15-4739-bacb-fad6267a9304,String,true,Boolean
acs:fe385110-ae15-4739-bacb-fad6267a9304_0000000c-a4c5-e60b-8975-c93a0d004da8,,2024-06-21T03:37:35.4905973Z,true,Boolean,fe385110-ae15-4739-bacb-fad6267a9304,String,true,Boolean
acs:fe385110-ae15-4739-bacb-fad6267a9304_0000000c-a4c5-e7f8-8975-c93a0d004da9,,2024-06-21T03:35:05.0020034Z,true,Boolean,fe385110-ae15-4739-bacb-fad6267a9304,String,true,Boolean
acs:fe385110-ae15-4739-bacb-fad6267a9304_0000000c-a4c5-ea00-8975-c93a0d004daa,,2024-06-21T03:38:01.2609619Z,true,Boolean,fe385110-ae15-4739-bacb-fad6267a9304,String,true,Boolean
acs:fe385110-ae15-4739-bacb-fad6267a9304_0000000c-a4c5-ec0b-8975-c93a0d004dab,,2024-06-21T03:37:18.9329986Z,true,Boolean,fe385110-ae15-4739-bacb-fad6267a9304,String,true,Boolean
acs:fe385110-ae15-4739-bacb-fad6267a9304_0000000c-a4c5-ee2a-8975-c93a0d004dac,,2024-06-21T03:37:20.185288Z,true,Boolean,fe385110-ae15-4739-bacb-fad6267a9304,String,true,Boolean
acs:fe385110-ae15-4739-bacb-fad6267a9304_0000000c-a4c5-f008-8975-c93a0d004dad,,2024-06-21T03:34:38.395091Z,true,Boolean,fe385110-ae15-4739-bacb-fad6267a9304,String,true,Boolean
acs:fe385110-ae15-4739-bacb-fad6267a9304_0000000c-a4c5-f1fd-8975-c93a0d004dae,,2024-06-21T03:33:26.0540859Z,true,Boolean,fe385110-ae15-4739-bacb-fad6267a9304,String,true,Boolean
acs:fe385110-ae15-4739-bacb-fad6267a9304_0000000c-a4c5-f3ff-8975-c93a0d004daf,,2024-06-21T03:34:33.5978102Z,true,Boolean,fe385110-ae15-4739-bacb-fad6267a9304,String,true,Boolean
acs:fe385110-ae15-4739-bacb-fad6267a9304_0000000c-a4c5-f618-8975-c93a0d004db0,,2024-06-21T03:34:44.832441Z,true,Boolean,fe385110-ae15-4739-bacb-fad6267a9304,String,true,Boolean
acs:fe385110-ae15-4739-bacb-fad6267a9304_0000000c-a4c5-f821-8975-c93a0d004db1,,2024-06-21T03:37:35.5165828Z,true,Boolean,fe385110-ae15-4739-bacb-fad6267a9304,String,true,Boolean
acs:fe385110-ae15-4739-bacb-fad6267a9304_0000000c-a4c5-fa2b-8975-c93a0d004db2,,2024-06-21T03:37:27.0673793Z,true,Boolean,fe385110-ae15-4739-bacb-fad6267a9304,String,true,Boolean
acs:fe385110-ae15-4739-bacb-fad6267a9304_0000000c-a4c5-fc36-8975-c93a0d004db3,,2024-06-21T03:38:41.8988798Z,true,Boolean,fe385110-ae15-4739-bacb-fad6267a9304,String,true,Boolean
acs:fe385110-ae15-4739-bacb-fad6267a9304_0000000c-a4c5-fe46-8975-c93a0d004db4,,2024-06-21T03:38:35.1557107Z,true,Boolean,fe385110-ae15-4739-bacb-fad6267a9304,String,true,Boolean
acs:fe385110-ae15-4739-bacb-fad6267a9304_0000000c-a4c6-0042-8975-c93a0d004db5,,2024-06-21T03:37:40.870542Z,true,Boolean,fe385110-ae15-4739-bacb-fad6267a9304,String,true,Boolean
acs:fe385110-ae15-4739-bacb-fad6267a9304_0000000c-a4c6-022e-8975-c93a0d004db6,,2024-06-21T03:37:42.6785152Z,true,Boolean,fe385110-ae15-4739-bacb-fad6267a9304,String,true,Boolean
acs:fe385110-ae15-4739-bacb-fad6267a9304_0000000c-a4c6-0435-8975-c93a0d004db7,,2024-06-21T03:37:22.1971453Z,true,Boolean,fe385110-ae15-4739-bacb-fad6267a9304,String,true,Boolean
acs:fe385110-ae15-4739-bacb-fad6267a9304_0000000c-a4c6-063f-8975-c93a0d004db8,,2024-06-21T03:38:36.9636827Z,true,Boolean,fe385110-ae15-4739-bacb-fad6267a9304,String,true,Boolean
acs:fe385110-ae15-4739-bacb-fad6267a9304_0000000c-a4c6-0841-8975-c93a0d004db9,,2024-06-21T03:37:34.1843389Z,true,Boolean,fe385110-ae15-4739-bacb-fad6267a9304,String,true,Boolean
acs:fe385110-ae15-4739-bacb-fad6267a9304_0000000c-a4c6-0a39-8975-c93a0d004dba,,2024-06-21T03:37:40.7685999Z,true,Boolean,fe385110-ae15-4739-bacb-fad6267a9304,String,true,Boolean
acs:fe385110-ae15-4739-bacb-fad6267a9304_0000000c-a4c6-0c56-8975-c93a0d004dbb,,2024-06-21T03:38:12.6225097Z,true,Boolean,fe385110-ae15-4739-bacb-fad6267a9304,String,true,Boolean
acs:fe385110-ae15-4739-bacb-fad6267a9304_0000000c-a4c6-0e71-8975-c93a0d004dbc,,2024-06-21T03:37:35.2737206Z,true,Boolean,fe385110-ae15-4739-bacb-fad6267a9304,String,true,Boolean
acs:fe385110-ae15-4739-bacb-fad6267a9304_0000000c-a4c6-109f-8975-c93a0d004dbd,,2024-06-21T03:34:03.9136354Z,true,Boolean,fe385110-ae15-4739-bacb-fad6267a9304,String,true,Boolean
acs:fe385110-ae15-4739-bacb-fad6267a9304_0000000c-a4c6-1284-8975-c93a0d004dbe,,2024-06-21T03:38:07.3704921Z,true,Boolean,fe385110-ae15-4739-bacb-fad6267a9304,String,true,Boolean
acs:fe385110-ae15-4739-bacb-fad6267a9304_0000000c-a4c6-147d-8975-c93a0d004dbf,,2024-06-21T03:38:26.0768669Z,true,Boolean,fe385110-ae15-4739-bacb-fad6267a9304,String,true,Boolean
acs:fe385110-ae15-4739-bacb-fad6267a9304_0000000c-a4c6-1668-8975-c93a0d004dc0,,2024-06-21T03:34:11.5682976Z,true,Boolean,fe385110-ae15-4739-bacb-fad6267a9304,String,true,Boolean
acs:fe385110-ae15-4739-bacb-fad6267a9304_0000000c-a4c6-185c-8975-c93a0d004dc1,,2024-06-21T03:36:33.6447088Z,true,Boolean,fe385110-ae15-4739-bacb-fad6267a9304,String,true,Boolean
acs:fe385110-ae15-4739-bacb-fad6267a9304_0000000c-a4c6-1a5b-8975-c93a0d004dc2,,2024-06-21T03:36:40.343908Z,true,Boolean,fe385110-ae15-4739-bacb-fad6267a9304,String,true,Boolean
acs:fe385110-ae15-4739-bacb-fad6267a9304_0000000c-a4c6-1c4a-8975-c93a0d004dc3,,2024-06-21T03:37:58.5085247Z,true,Boolean,fe385110-ae15-4739-bacb-fad6267a9304,String,true,Boolean
acs:fe385110-ae15-4739-bacb-fad6267a9304_0000000c-a4c6-1e47-8975-c93a0d004dc4,,2024-06-21T03:38:13.9177741Z,true,Boolean,fe385110-ae15-4739-bacb-fad6267a9304,String,true,Boolean
acs:fe385110-ae15-4739-bacb-fad6267a9304_0000000c-a4c6-2025-8975-c93a0d004dc5,,2024-06-21T03:36:32.4004158Z,true,Boolean,fe385110-ae15-4739-bacb-fad6267a9304,String,true,Boolean
acs:fe385110-ae15-4739-bacb-fad6267a9304_0000000c-a4c6-2201-8975-c93a0d004dc6,,2024-06-21T03:37:36.7768676Z,true,Boolean,fe385110-ae15-4739-bacb-fad6267a9304,String,true,Boolean
acs:fe385110-ae15-4739-bacb-fad6267a9304_0000000c-a4c6-23f7-8975-c93a0d004dc7,,2024-06-21T03:38:36.4319876Z,true,Boolean,fe385110-ae15-4739-bacb-fad6267a9304,String,true,Boolean
acs:fe385110-ae15-4739-bacb-fad6267a9304_0000000c-a4c6-25ec-8975-c93a0d004dc8,,2024-06-21T03:33:51.8064962Z,true,Boolean,fe385110-ae15-4739-bacb-fad6267a9304,String,true,Boolean
acs:fe385110-ae15-4739-bacb-fad6267a9304_0000000c-a4c6-2808-8975-c93a0d004dc9,,2024-06-21T03:26:25.8809032Z,false,Boolean,fe385110-ae15-4739-bacb-fad6267a9304,String,true,Boolean
acs:fe385110-ae15-4739-bacb-fad6267a9304_0000000c-a4c6-29fb-8975-c93a0d004dca,,2024-06-21T03:26:43.504091Z,false,Boolean,fe385110-ae15-4739-bacb-fad6267a9304,String,true,Boolean
acs:fe385110-ae15-4739-bacb-fad6267a9304_0000000c-a4c6-2c0f-8975-c93a0d004dcb,,2024-06-21T03:34:27.2863882Z,true,Boolean,fe385110-ae15-4739-bacb-fad6267a9304,String,true,Boolean
acs:fe385110-ae15-4739-bacb-fad6267a9304_0000000c-a4c6-2dce-8975-c93a0d004dcc,,2024-06-21T03:36:41.3993071Z,true,Boolean,fe385110-ae15-4739-bacb-fad6267a9304,String,true,Boolean
acs:fe385110-ae15-4739-bacb-fad6267a9304_0000000c-a4c6-2fe2-8975-c93a0d004dcd,,2024-06-21T03:26:41.9109788Z,false,Boolean,fe385110-ae15-4739-bacb-fad6267a9304,String,true,Boolean
acs:fe385110-ae15-4739-bacb-fad6267a9304_0000000c-a4c6-31e0-8975-c93a0d004dce,,2024-06-21T03:36:57.0724095Z,true,Boolean,fe385110-ae15-4739-bacb-fad6267a9304,String,true,Boolean
acs:fe385110-ae15-4739-bacb-fad6267a9304_0000000c-a4c6-33e2-8975-c93a0d004dcf,,2024-06-21T03:18:46.1242052Z,false,Boolean,fe385110-ae15-4739-bacb-fad6267a9304,String,true,Boolean
acs:fe385110-ae15-4739-bacb-fad6267a9304_0000000c-a4c6-35cf-8975-c93a0d004dd0,,2024-06-21T03:36:34.8440285Z,true,Boolean,fe385110-ae15-4739-bacb-fad6267a9304,String,true,Boolean
acs:fe385110-ae15-4739-bacb-fad6267a9304_0000000c-a4c6-37c3-8975-c93a0d004dd1,,2024-06-21T03:37:24.9985542Z,true,Boolean,fe385110-ae15-4739-bacb-fad6267a9304,String,true,Boolean
acs:fe385110-ae15-4739-bacb-fad6267a9304_0000000c-a4c6-399c-8975-c93a0d004dd2,,2024-06-21T03:36:56.4447661Z,true,Boolean,fe385110-ae15-4739-bacb-fad6267a9304,String,true,Boolean
acs:fe385110-ae15-4739-bacb-fad6267a9304_0000000c-a4c6-3bb0-8975-c93a0d004dd3,,2024-06-21T03:38:29.3310192Z,true,Boolean,fe385110-ae15-4739-bacb-fad6267a9304,String,true,Boolean
acs:fe385110-ae15-4739-bacb-fad6267a9304_0000000c-a4c6-3da0-8975-c93a0d004dd4,,2024-06-21T03:35:21.4027017Z,true,Boolean,fe385110-ae15-4739-bacb-fad6267a9304,String,true,Boolean
acs:fe385110-ae15-4739-bacb-fad6267a9304_0000000c-a4c6-3fb6-8975-c93a0d004dd5,,2024-06-21T03:32:16.6753543Z,true,Boolean,fe385110-ae15-4739-bacb-fad6267a9304,String,true,Boolean
acs:fe385110-ae15-4739-bacb-fad6267a9304_0000000c-a4c6-419f-8975-c93a0d004dd6,,2024-06-21T03:37:25.8140938Z,true,Boolean,fe385110-ae15-4739-bacb-fad6267a9304,String,true,Boolean
acs:fe385110-ae15-4739-bacb-fad6267a9304_0000000c-a4c6-438e-8975-c93a0d004dd7,,2024-06-21T03:37:38.224045Z,true,Boolean,fe385110-ae15-4739-bacb-fad6267a9304,String,true,Boolean
acs:fe385110-ae15-4739-bacb-fad6267a9304_0000000c-a4c6-4592-8975-c93a0d004dd8,,2024-06-21T03:36:34.9849482Z,true,Boolean,fe385110-ae15-4739-bacb-fad6267a9304,String,true,Boolean
acs:fe385110-ae15-4739-bacb-fad6267a9304_0000000c-a4c6-479d-8975-c93a0d004dd9,,2024-06-21T03:37:27.6270624Z,true,Boolean,fe385110-ae15-4739-bacb-fad6267a9304,String,true,Boolean
acs:fe385110-ae15-4739-bacb-fad6267a9304_0000000c-a4c6-499f-8975-c93a0d004dda,,2024-06-21T03:37:35.496594Z,true,Boolean,fe385110-ae15-4739-bacb-fad6267a9304,String,true,Boolean
acs:fe385110-ae15-4739-bacb-fad6267a9304_0000000c-a4c6-4ba5-8975-c93a0d004ddb,,2024-06-21T03:38:34.5760391Z,true,Boolean,fe385110-ae15-4739-bacb-fad6267a9304,String,true,Boolean
acs:fe385110-ae15-4739-bacb-fad6267a9304_0000000c-a4c6-4da3-8975-c93a0d004ddc,,2024-06-21T03:18:36.6415868Z,false,Boolean,fe385110-ae15-4739-bacb-fad6267a9304,String,true,Boolean
acs:fe385110-ae15-4739-bacb-fad6267a9304_0000000c-a4c6-4faa-8975-c93a0d004ddd,,2024-06-21T03:37:25.2044375Z,true,Boolean,fe385110-ae15-4739-bacb-fad6267a9304,String,true,Boolean
acs:fe385110-ae15-4739-bacb-fad6267a9304_0000000c-a4c6-51ac-8975-c93a0d004dde,,2024-06-21T03:37:19.5586435Z,true,Boolean,fe385110-ae15-4739-bacb-fad6267a9304,String,true,Boolean
acs:fe385110-ae15-4739-bacb-fad6267a9304_0000000c-a4c6-53a8-8975-c93a0d004ddf,,2024-06-21T03:37:24.9445852Z,true,Boolean,fe385110-ae15-4739-bacb-fad6267a9304,String,true,Boolean
acs:fe385110-ae15-4739-bacb-fad6267a9304_0000000c-a4c6-55af-8975-c93a0d004de0,,2024-06-21T03:38:30.5863052Z,true,Boolean,fe385110-ae15-4739-bacb-fad6267a9304,String,true,Boolean
acs:fe385110-ae15-4739-bacb-fad6267a9304_0000000c-a4c6-579f-8975-c93a0d004de1,,2024-06-21T03:26:38.2290308Z,false,Boolean,fe385110-ae15-4739-bacb-fad6267a9304,String,true,Boolean
acs:fe385110-ae15-4739-bacb-fad6267a9304_0000000c-a4c6-5996-8975-c93a0d004de2,,2024-06-21T03:38:05.3476414Z,true,Boolean,fe385110-ae15-4739-bacb-fad6267a9304,String,true,Boolean
acs:fe385110-ae15-4739-bacb-fad6267a9304_0000000c-a4c6-5b79-8975-c93a0d004de3,,2024-06-21T03:35:09.7623035Z,true,Boolean,fe385110-ae15-4739-bacb-fad6267a9304,String,true,Boolean
acs:fe385110-ae15-4739-bacb-fad6267a9304_0000000c-a4c6-5d7e-8975-c93a0d004de4,,2024-06-21T03:38:13.2631464Z,true,Boolean,fe385110-ae15-4739-bacb-fad6267a9304,String,true,Boolean
acs:fe385110-ae15-4739-bacb-fad6267a9304_0000000c-a4c6-5f79-8975-c93a0d004de5,,2024-06-21T03:37:38.9636247Z,true,Boolean,fe385110-ae15-4739-bacb-fad6267a9304,String,true,Boolean
acs:fe385110-ae15-4739-bacb-fad6267a9304_0000000c-a4c6-617f-8975-c93a0d004de6,,2024-06-21T03:34:31.775844Z,true,Boolean,fe385110-ae15-4739-bacb-fad6267a9304,String,true,Boolean
acs:fe385110-ae15-4739-bacb-fad6267a9304_0000000c-a4c6-637b-8975-c93a0d004de7,,2024-06-21T03:34:31.9067691Z,true,Boolean,fe385110-ae15-4739-bacb-fad6267a9304,String,true,Boolean
acs:fe385110-ae15-4739-bacb-fad6267a9304_0000000c-a4c6-6567-8975-c93a0d004de8,,2024-06-21T03:26:33.2368098Z,false,Boolean,fe385110-ae15-4739-bacb-fad6267a9304,String,true,Boolean
acs:fe385110-ae15-4739-bacb-fad6267a9304_0000000c-a4c6-675e-8975-c93a0d004de9,,2024-06-21T03:26:36.4330298Z,false,Boolean,fe385110-ae15-4739-bacb-fad6267a9304,String,true,Boolean
acs:fe385110-ae15-4739-bacb-fad6267a9304_0000000c-a4c6-6951-8975-c93a0d004dea,,2024-06-21T03:38:02.5862087Z,true,Boolean,fe385110-ae15-4739-bacb-fad6267a9304,String,true,Boolean
acs:fe385110-ae15-4739-bacb-fad6267a9304_0000000c-a4c6-6b69-8975-c93a0d004deb,,2024-06-21T03:37:59.9846866Z,true,Boolean,fe385110-ae15-4739-bacb-fad6267a9304,String,true,Boolean
acs:fe385110-ae15-4739-bacb-fad6267a9304_0000000c-a4c6-6d71-8975-c93a0d004dec,,2024-06-21T03:38:01.9335797Z,true,Boolean,fe385110-ae15-4739-bacb-fad6267a9304,String,true,Boolean
acs:fe385110-ae15-4739-bacb-fad6267a9304_0000000c-a4c6-6f6b-8975-c93a0d004ded,,2024-06-21T03:38:23.9440785Z,true,Boolean,fe385110-ae15-4739-bacb-fad6267a9304,String,true,Boolean
acs:fe385110-ae15-4739-bacb-fad6267a9304_0000000c-a4c6-7165-8975-c93a0d004dee,,2024-06-21T03:38:27.3471454Z,true,Boolean,fe385110-ae15-4739-bacb-fad6267a9304,String,true,Boolean
acs:fe385110-ae15-4739-bacb-fad6267a9304_0000000c-a4c6-734d-8975-c93a0d004def,,2024-06-21T03:35:22.0153538Z,true,Boolean,fe385110-ae15-4739-bacb-fad6267a9304,String,true,Boolean
acs:fe385110-ae15-4739-bacb-fad6267a9304_0000000c-a4c6-7544-8975-c93a0d004df0,,2024-06-21T03:37:41.4562093Z,true,Boolean,fe385110-ae15-4739-bacb-fad6267a9304,String,true,Boolean
acs:fe385110-ae15-4739-bacb-fad6267a9304_0000000c-a4c6-7725-8975-c93a0d004df1,,2024-06-21T03:35:03.7667036Z,true,Boolean,fe385110-ae15-4739-bacb-fad6267a9304,String,true,Boolean
acs:fe385110-ae15-4739-bacb-fad6267a9304_0000000c-a4c6-7906-8975-c93a0d004df2,,2024-06-21T03:33:52.4581264Z,true,Boolean,fe385110-ae15-4739-bacb-fad6267a9304,String,true,Boolean
acs:fe385110-ae15-4739-bacb-fad6267a9304_0000000c-a4c6-7ae9-8975-c93a0d004df3,,2024-06-21T03:37:37.2396036Z,true,Boolean,fe385110-ae15-4739-bacb-fad6267a9304,String,true,Boolean
acs:fe385110-ae15-4739-bacb-fad6267a9304_0000000c-a4c6-7cde-8975-c93a0d004df4,,2024-06-21T03:35:07.6315116Z,true,Boolean,fe385110-ae15-4739-bacb-fad6267a9304,String,true,Boolean
acs:fe385110-ae15-4739-bacb-fad6267a9304_0000000c-a4c6-7ec5-8975-c93a0d004df5,,2024-06-21T03:33:38.3571152Z,true,Boolean,fe385110-ae15-4739-bacb-fad6267a9304,String,true,Boolean
acs:fe385110-ae15-4739-bacb-fad6267a9304_0000000c-a4c6-80bf-8975-c93a0d004df6,,2024-06-21T03:38:06.7528433Z,true,Boolean,fe385110-ae15-4739-bacb-fad6267a9304,String,true,Boolean
acs:fe385110-ae15-4739-bacb-fad6267a9304_0000000c-a4c6-829b-8975-c93a0d004df7,,2024-06-21T03:38:06.6279137Z,true,Boolean,fe385110-ae15-4739-bacb-fad6267a9304,String,true,Boolean
acs:fe385110-ae15-4739-bacb-fad6267a9304_0000000c-a4c6-8490-8975-c93a0d004df8,,2024-06-21T03:26:50.5651567Z,false,Boolean,fe385110-ae15-4739-bacb-fad6267a9304,String,true,Boolean
acs:fe385110-ae15-4739-bacb-fad6267a9304_0000000c-a4c6-867a-8975-c93a0d004df9,,2024-06-21T03:38:29.9746522Z,true,Boolean,fe385110-ae15-4739-bacb-fad6267a9304,String,true,Boolean
acs:fe385110-ae15-4739-bacb-fad6267a9304_0000001b-5802-55e9-1160-c93a0d0057e1,,2024-06-21T03:34:45.8738503Z,true,Boolean,fe385110-ae15-4739-bacb-fad6267a9304,String,true,Boolean
acs:fe385110-ae15-4739-bacb-fad6267a9304_0000001b-5802-5758-90d7-1cbd4560c085,,2024-06-21T03:37:28.9882887Z,true,Boolean,fe385110-ae15-4739-bacb-fad6267a9304,String,true,Boolean
acs:fe385110-ae15-4739-bacb-fad6267a9304_0000001b-5802-5868-de01-57482200cea6,,2024-06-21T03:37:24.5588045Z,true,Boolean,fe385110-ae15-4739-bacb-fad6267a9304,String,true,Boolean
acs:fe385110-ae15-4739-bacb-fad6267a9304_0000001b-5802-59c6-de01-57482200cea7,,2024-06-21T03:37:09.839162Z,true,Boolean,fe385110-ae15-4739-bacb-fad6267a9304,String,true,Boolean
acs:fe385110-ae15-4739-bacb-fad6267a9304_0000001b-5802-5af1-90d7-1cbd4560c086,,2024-06-21T03:36:27.6061366Z,true,Boolean,fe385110-ae15-4739-bacb-fad6267a9304,String,true,Boolean
acs:fe385110-ae15-4739-bacb-fad6267a9304_0000001b-5802-5beb-90d7-1cbd4560c087,,2024-06-21T03:36:40.0920499Z,true,Boolean,fe385110-ae15-4739-bacb-fad6267a9304,String,true,Boolean
acs:fe385110-ae15-4739-bacb-fad6267a9304_0000001b-5802-5cd6-de01-57482200cea8,,2024-06-21T03:33:46.1497003Z,true,Boolean,fe385110-ae15-4739-bacb-fad6267a9304,String,true,Boolean
acs:fe385110-ae15-4739-bacb-fad6267a9304_0000001b-5802-5dbe-de01-57482200cea9,,2024-06-21T03:37:09.200525Z,true,Boolean,fe385110-ae15-4739-bacb-fad6267a9304,String,true,Boolean
acs:fe385110-ae15-4739-bacb-fad6267a9304_0000001b-5802-5e9e-de01-57482200ceaa,,2024-06-21T03:37:15.5499201Z,true,Boolean,fe385110-ae15-4739-bacb-fad6267a9304,String,true,Boolean
acs:fe385110-ae15-4739-bacb-fad6267a9304_0000001b-5802-5f83-90d7-1cbd4560c088,,2024-06-21T03:32:19.4148044Z,true,Boolean,fe385110-ae15-4739-bacb-fad6267a9304,String,true,Boolean
acs:fe385110-ae15-4739-bacb-fad6267a9304_0000001b-5802-606c-de01-57482200ceab,,2024-06-21T03:37:22.3140792Z,true,Boolean,fe385110-ae15-4739-bacb-fad6267a9304,String,true,Boolean
acs:fe385110-ae15-4739-bacb-fad6267a9304_0000001b-5802-615a-de01-57482200ceac,,2024-06-21T03:33:51.2688005Z,true,Boolean,fe385110-ae15-4739-bacb-fad6267a9304,String,true,Boolean
acs:fe385110-ae15-4739-bacb-fad6267a9304_0000001b-5802-6240-de01-57482200cead,,2024-06-21T03:38:21.5044645Z,true,Boolean,fe385110-ae15-4739-bacb-fad6267a9304,String,true,Boolean
acs:fe385110-ae15-4739-bacb-fad6267a9304_0000001b-5802-6387-90d7-1cbd4560c089,,2024-06-21T03:38:16.2784337Z,true,Boolean,fe385110-ae15-4739-bacb-fad6267a9304,String,true,Boolean
acs:fe385110-ae15-4739-bacb-fad6267a9304_0000001b-5802-64f2-de01-57482200ceae,,2024-06-21T03:38:01.3139319Z,true,Boolean,fe385110-ae15-4739-bacb-fad6267a9304,String,true,Boolean
acs:fe385110-ae15-4739-bacb-fad6267a9304_0000001b-5802-65e1-de01-57482200ceaf,,2024-06-21T03:38:22.7297686Z,true,Boolean,fe385110-ae15-4739-bacb-fad6267a9304,String,true,Boolean
acs:fe385110-ae15-4739-bacb-fad6267a9304_0000001b-5802-6740-de01-57482200ceb0,,2024-06-21T03:34:31.23815Z,true,Boolean,fe385110-ae15-4739-bacb-fad6267a9304,String,true,Boolean
acs:fe385110-ae15-4739-bacb-fad6267a9304_0000001b-5802-6817-90d7-1cbd4560c08a,,2024-06-21T03:37:16.7732256Z,true,Boolean,fe385110-ae15-4739-bacb-fad6267a9304,String,true,Boolean
acs:fe385110-ae15-4739-bacb-fad6267a9304_0000001b-5802-6929-90d7-1cbd4560c08b,,2024-06-21T03:38:42.553508Z,true,Boolean,fe385110-ae15-4739-bacb-fad6267a9304,String,true,Boolean
acs:fe385110-ae15-4739-bacb-fad6267a9304_0000001b-5802-6a29-de01-57482200ceb1,,2024-06-21T03:38:26.7155041Z,true,Boolean,fe385110-ae15-4739-bacb-fad6267a9304,String,true,Boolean
acs:fe385110-ae15-4739-bacb-fad6267a9304_0000001b-5802-6b31-de01-57482200ceb2,,2024-06-21T03:34:15.5300523Z,true,Boolean,fe385110-ae15-4739-bacb-fad6267a9304,String,true,Boolean
acs:fe385110-ae15-4739-bacb-fad6267a9304_0000001b-5802-6c13-90d7-1cbd4560c08c,,2024-06-21T03:37:32.7971261Z,true,Boolean,fe385110-ae15-4739-bacb-fad6267a9304,String,true,Boolean
acs:fe385110-ae15-4739-bacb-fad6267a9304_0000001b-5802-6cfe-90d7-1cbd4560c08d,,2024-06-21T03:37:59.7608144Z,true,Boolean,fe385110-ae15-4739-bacb-fad6267a9304,String,true,Boolean
acs:fe385110-ae15-4739-bacb-fad6267a9304_0000001b-5802-6df1-90d7-1cbd4560c08e,,2024-06-21T03:34:14.2627703Z,true,Boolean,fe385110-ae15-4739-bacb-fad6267a9304,String,true,Boolean
acs:fe385110-ae15-4739-bacb-fad6267a9304_0000001b-5802-6f6a-de01-57482200ceb3,,2024-06-21T03:31:07.6333729Z,true,Boolean,fe385110-ae15-4739-bacb-fad6267a9304,String,true,Boolean
acs:fe385110-ae15-4739-bacb-fad6267a9304_0000001b-5802-7046-90d7-1cbd4560c08f,,2024-06-21T03:38:37.7012646Z,true,Boolean,fe385110-ae15-4739-bacb-fad6267a9304,String,true,Boolean
acs:fe385110-ae15-4739-bacb-fad6267a9304_0000001b-5802-713d-48e5-1bbd4560968d,,2024-06-21T03:33:27.7441269Z,true,Boolean,fe385110-ae15-4739-bacb-fad6267a9304,String,true,Boolean
acs:fe385110-ae15-4739-bacb-fad6267a9304_0000001b-5802-7222-48e5-1bbd4560968e,,2024-06-21T03:34:05.1439387Z,true,Boolean,fe385110-ae15-4739-bacb-fad6267a9304,String,true,Boolean
acs:fe385110-ae15-4739-bacb-fad6267a9304_0000001b-5802-730b-de01-57482200ceb4,,2024-06-21T03:37:36.7748675Z,true,Boolean,fe385110-ae15-4739-bacb-fad6267a9304,String,true,Boolean
acs:fe385110-ae15-4739-bacb-fad6267a9304_0000001b-5802-73e2-90d7-1cbd4560c090,,2024-06-21T03:38:34.4471126Z,true,Boolean,fe385110-ae15-4739-bacb-fad6267a9304,String,true,Boolean
acs:fe385110-ae15-4739-bacb-fad6267a9304_0000001b-5802-74d7-90d7-1cbd4560c091,,2024-06-21T03:38:02.4852668Z,true,Boolean,fe385110-ae15-4739-bacb-fad6267a9304,String,true,Boolean
acs:fe385110-ae15-4739-bacb-fad6267a9304_0000001b-5802-75c8-de01-57482200ceb5,,2024-06-21T03:34:21.3727419Z,true,Boolean,fe385110-ae15-4739-bacb-fad6267a9304,String,true,Boolean
acs:fe385110-ae15-4739-bacb-fad6267a9304_0000001b-5802-76b4-48e5-1bbd4560968f,,2024-06-21T03:38:06.1132057Z,true,Boolean,fe385110-ae15-4739-bacb-fad6267a9304,String,true,Boolean
acs:fe385110-ae15-4739-bacb-fad6267a9304_0000001b-5802-7798-de01-57482200ceb6,,2024-06-21T03:36:28.8994031Z,true,Boolean,fe385110-ae15-4739-bacb-fad6267a9304,String,true,Boolean
acs:fe385110-ae15-4739-bacb-fad6267a9304_0000001b-5802-788c-90d7-1cbd4560c092,,2024-06-21T03:38:10.5217037Z,true,Boolean,fe385110-ae15-4739-bacb-fad6267a9304,String,true,Boolean
acs:fe385110-ae15-4739-bacb-fad6267a9304_0000001b-5802-7966-48e5-1bbd45609690,,2024-06-21T03:34:30.5325484Z,true,Boolean,fe385110-ae15-4739-bacb-fad6267a9304,String,true,Boolean
acs:fe385110-ae15-4739-bacb-fad6267a9304_0000001b-5802-7a50-de01-57482200ceb7,,2024-06-21T03:38:35.6934051Z,true,Boolean,fe385110-ae15-4739-bacb-fad6267a9304,String,true,Boolean
acs:fe385110-ae15-4739-bacb-fad6267a9304_0000001b-5802-7b2d-48e5-1bbd45609691,,2024-06-21T03:37:43.9138136Z,true,Boolean,fe385110-ae15-4739-bacb-fad6267a9304,String,true,Boolean
acs:fe385110-ae15-4739-bacb-fad6267a9304_0000001b-5802-7bed-aa60-c93a0d00d33e,,2024-06-21T03:26:58.7086158Z,false,Boolean,fe385110-ae15-4739-bacb-fad6267a9304,String,true,Boolean
acs:fe385110-ae15-4739-bacb-fad6267a9304_0000001b-5802-7cfe-48e5-1bbd45609692,,2024-06-21T03:34:45.5460356Z,true,Boolean,fe385110-ae15-4739-bacb-fad6267a9304,String,true,Boolean
acs:fe385110-ae15-4739-bacb-fad6267a9304_0000001b-5802-7dcf-de01-57482200ceb8,,2024-06-21T03:35:08.5210073Z,true,Boolean,fe385110-ae15-4739-bacb-fad6267a9304,String,true,Boolean
acs:fe385110-ae15-4739-bacb-fad6267a9304_0000001b-5802-7ea1-de01-57482200ceb9,,2024-06-21T03:26:48.9490577Z,false,Boolean,fe385110-ae15-4739-bacb-fad6267a9304,String,true,Boolean
acs:fe385110-ae15-4739-bacb-fad6267a9304_0000001b-5802-7f6d-de01-57482200ceba,,2024-06-21T03:38:04.1063465Z,true,Boolean,fe385110-ae15-4739-bacb-fad6267a9304,String,true,Boolean
acs:fe385110-ae15-4739-bacb-fad6267a9304_0000001b-5802-8049-90d7-1cbd4560c093,,2024-06-21T03:26:22.4698013Z,false,Boolean,fe385110-ae15-4739-bacb-fad6267a9304,String,true,Boolean
acs:fe385110-ae15-4739-bacb-fad6267a9304_0000001b-5802-811c-de01-57482200cebb,,2024-06-21T03:37:57.7949304Z,true,Boolean,fe385110-ae15-4739-bacb-fad6267a9304,String,true,Boolean
acs:fe385110-ae15-4739-bacb-fad6267a9304_0000001b-5802-82ce-90d7-1cbd4560c094,,2024-06-21T03:33:37.1198162Z,true,Boolean,fe385110-ae15-4739-bacb-fad6267a9304,String,true,Boolean
acs:fe385110-ae15-4739-bacb-fad6267a9304_0000001b-5802-83a7-48e5-1bbd45609693,,2024-06-21T03:35:02.2255782Z,true,Boolean,fe385110-ae15-4739-bacb-fad6267a9304,String,true,Boolean
acs:fe385110-ae15-4739-bacb-fad6267a9304_0000001b-5802-8491-90d7-1cbd4560c095,,2024-06-21T03:34:43.4002528Z,true,Boolean,fe385110-ae15-4739-bacb-fad6267a9304,String,true,Boolean
acs:fe385110-ae15-4739-bacb-fad6267a9304_0000001b-5802-856e-48e5-1bbd45609694,,2024-06-21T03:38:31.1879633Z,true,Boolean,fe385110-ae15-4739-bacb-fad6267a9304,String,true,Boolean
acs:fe385110-ae15-4739-bacb-fad6267a9304_0000001b-5802-8639-de01-57482200cebc,,2024-06-21T03:37:26.4327398Z,true,Boolean,fe385110-ae15-4739-bacb-fad6267a9304,String,true,Boolean
acs:fe385110-ae15-4739-bacb-fad6267a9304_0000001c-4478-6f57-8b63-c93a0d00b785,,2024-06-21T03:38:41.2602423Z,true,Boolean,fe385110-ae15-4739-bacb-fad6267a9304,String,true,Boolean
acs:fe385110-ae15-4739-bacb-fad6267a9304_0000001c-4478-7058-ea6c-c93a0d00c4c5,,2024-06-21T03:26:47.4109152Z,false,Boolean,fe385110-ae15-4739-bacb-fad6267a9304,String,true,Boolean
acs:fe385110-ae15-4739-bacb-fad6267a9304_0000001c-4478-712c-8b63-c93a0d00b786,,2024-06-21T03:26:45.0862099Z,false,Boolean,fe385110-ae15-4739-bacb-fad6267a9304,String,true,Boolean
acs:fe385110-ae15-4739-bacb-fad6267a9304_0000001c-4478-71c0-ea6c-c93a0d00c4c6,,2024-06-21T03:34:20.0484912Z,true,Boolean,fe385110-ae15-4739-bacb-fad6267a9304,String,true,Boolean
acs:fe385110-ae15-4739-bacb-fad6267a9304_0000001c-4478-725b-8b63-c93a0d00b787,,2024-06-21T03:36:36.5990312Z,true,Boolean,fe385110-ae15-4739-bacb-fad6267a9304,String,true,Boolean
acs:fe385110-ae15-4739-bacb-fad6267a9304_0000001c-4478-72eb-ea6c-c93a0d00c4c7,,2024-06-21T03:37:39.5213084Z,true,Boolean,fe385110-ae15-4739-bacb-fad6267a9304,String,true,Boolean
acs:fe385110-ae15-4739-bacb-fad6267a9304_0000001c-4478-7378-8b63-c93a0d00b788,,2024-06-21T03:36:33.6087292Z,true,Boolean,fe385110-ae15-4739-bacb-fad6267a9304,String,true,Boolean
acs:fe385110-ae15-4739-bacb-fad6267a9304_0000001c-4478-7400-ea6c-c93a0d00c4c8,,2024-06-21T03:36:41.6001929Z,true,Boolean,fe385110-ae15-4739-bacb-fad6267a9304,String,true,Boolean
acs:fe385110-ae15-4739-bacb-fad6267a9304_0000001c-4478-7478-8b63-c93a0d00b789,,2024-06-21T03:36:35.0758961Z,true,Boolean,fe385110-ae15-4739-bacb-fad6267a9304,String,true,Boolean
acs:fe385110-ae15-4739-bacb-fad6267a9304_0000001c-4478-74fc-ea6c-c93a0d00c4c9,,2024-06-21T03:38:17.5427153Z,true,Boolean,fe385110-ae15-4739-bacb-fad6267a9304,String,true,Boolean
acs:fe385110-ae15-4739-bacb-fad6267a9304_0000001c-4478-7581-8b63-c93a0d00b78a,,2024-06-21T03:26:39.7871623Z,false,Boolean,fe385110-ae15-4739-bacb-fad6267a9304,String,true,Boolean
acs:fe385110-ae15-4739-bacb-fad6267a9304_0000001c-4478-7612-ea6c-c93a0d00c4ca,,2024-06-21T03:26:34.8239258Z,false,Boolean,fe385110-ae15-4739-bacb-fad6267a9304,String,true,Boolean
acs:fe385110-ae15-4739-bacb-fad6267a9304_0000001c-4478-768e-8b63-c93a0d00b78b,,2024-06-21T03:38:16.5083025Z,true,Boolean,fe385110-ae15-4739-bacb-fad6267a9304,String,true,Boolean
acs:fe385110-ae15-4739-bacb-fad6267a9304_0000001c-4478-771e-ea6c-c93a0d00c4cb,,2024-06-21T03:38:17.733606Z,true,Boolean,fe385110-ae15-4739-bacb-fad6267a9304,String,true,Boolean
acs:fe385110-ae15-4739-bacb-fad6267a9304_0000001c-4478-77a8-8b63-c93a0d00b78c,,2024-06-21T03:37:12.7714972Z,true,Boolean,fe385110-ae15-4739-bacb-fad6267a9304,String,true,Boolean
acs:fe385110-ae15-4739-bacb-fad6267a9304_0000001c-4478-7839-ea6c-c93a0d00c4cc,,2024-06-21T03:37:40.1979244Z,true,Boolean,fe385110-ae15-4739-bacb-fad6267a9304,String,true,Boolean
acs:fe385110-ae15-4739-bacb-fad6267a9304_0000001c-4478-78c4-8b63-c93a0d00b78d,,2024-06-21T03:37:29.6988866Z,true,Boolean,fe385110-ae15-4739-bacb-fad6267a9304,String,true,Boolean
acs:fe385110-ae15-4739-bacb-fad6267a9304_0000001c-4478-794c-8b63-c93a0d00b78e,,2024-06-21T03:32:13.0903803Z,true,Boolean,fe385110-ae15-4739-bacb-fad6267a9304,String,true,Boolean
acs:fe385110-ae15-4739-bacb-fad6267a9304_0000001c-4478-79d4-8b63-c93a0d00b78f,,2024-06-21T03:34:35.5736911Z,true,Boolean,fe385110-ae15-4739-bacb-fad6267a9304,String,true,Boolean
acs:fe385110-ae15-4739-bacb-fad6267a9304_0000001c-4478-7a62-8b63-c93a0d00b790,,2024-06-21T03:36:32.665265Z,true,Boolean,fe385110-ae15-4739-bacb-fad6267a9304,String,true,Boolean
acs:fe385110-ae15-4739-bacb-fad6267a9304_0000001c-4478-7ae4-8b63-c93a0d00b791,,2024-06-21T03:26:24.1098887Z,false,Boolean,fe385110-ae15-4739-bacb-fad6267a9304,String,true,Boolean
acs:fe385110-ae15-4739-bacb-fad6267a9304_0000001c-4478-7b6d-ea6c-c93a0d00c4ce,,2024-06-21T03:37:14.0617645Z,true,Boolean,fe385110-ae15-4739-bacb-fad6267a9304,String,true,Boolean
acs:fe385110-ae15-4739-bacb-fad6267a9304_0000001c-4478-7bf3-8b63-c93a0d00b792,,2024-06-21T03:37:41.4552103Z,true,Boolean,fe385110-ae15-4739-bacb-fad6267a9304,String,true,Boolean
acs:fe385110-ae15-4739-bacb-fad6267a9304_0000001c-4478-7c8b-ea6c-c93a0d00c4cf,,2024-06-21T03:18:53.7498764Z,false,Boolean,fe385110-ae15-4739-bacb-fad6267a9304,String,true,Boolean
acs:fe385110-ae15-4739-bacb-fad6267a9304_0000001c-4478-7d17-8b63-c93a0d00b793,,2024-06-21T03:35:07.2217439Z,true,Boolean,fe385110-ae15-4739-bacb-fad6267a9304,String,true,Boolean
acs:fe385110-ae15-4739-bacb-fad6267a9304_0000001c-4478-7d9a-ea6c-c93a0d00c4d0,,2024-06-21T03:37:14.321618Z,true,Boolean,fe385110-ae15-4739-bacb-fad6267a9304,String,true,Boolean
acs:fe385110-ae15-4739-bacb-fad6267a9304_0000001c-4478-7e2b-8b63-c93a0d00b794,,2024-06-21T03:38:19.0138788Z,true,Boolean,fe385110-ae15-4739-bacb-fad6267a9304,String,true,Boolean
acs:fe385110-ae15-4739-bacb-fad6267a9304_0000001c-4478-7eb3-ea6c-c93a0d00c4d1,,2024-06-21T03:36:38.843758Z,true,Boolean,fe385110-ae15-4739-bacb-fad6267a9304,String,true,Boolean
acs:fe385110-ae15-4739-bacb-fad6267a9304_0000001c-4478-7f3d-8b63-c93a0d00b795,,2024-06-21T03:37:28.297682Z,true,Boolean,fe385110-ae15-4739-bacb-fad6267a9304,String,true,Boolean
acs:fe385110-ae15-4739-bacb-fad6267a9304_0000001c-4478-7fbe-ea6c-c93a0d00c4d2,,2024-06-21T03:34:32.9341864Z,true,Boolean,fe385110-ae15-4739-bacb-fad6267a9304,String,true,Boolean
acs:fe385110-ae15-4739-bacb-fad6267a9304_0000001c-4478-8044-8b63-c93a0d00b796,,2024-06-21T03:36:57.7300367Z,true,Boolean,fe385110-ae15-4739-bacb-fad6267a9304,String,true,Boolean
acs:fe385110-ae15-4739-bacb-fad6267a9304_0000001c-4478-80ce-ea6c-c93a0d00c4d3,,2024-06-21T03:37:39.6002633Z,true,Boolean,fe385110-ae15-4739-bacb-fad6267a9304,String,true,Boolean
acs:fe385110-ae15-4739-bacb-fad6267a9304_0000001c-4478-8147-8b63-c93a0d00b797,,2024-06-21T03:34:16.7883392Z,true,Boolean,fe385110-ae15-4739-bacb-fad6267a9304,String,true,Boolean
acs:fe385110-ae15-4739-bacb-fad6267a9304_0000001c-4478-81c8-ea6c-c93a0d00c4d4,,2024-06-21T03:37:28.3646437Z,true,Boolean,fe385110-ae15-4739-bacb-fad6267a9304,String,true,Boolean
acs:fe385110-ae15-4739-bacb-fad6267a9304_0000001c-4478-8244-8b63-c93a0d00b798,,2024-06-21T03:38:11.7560013Z,true,Boolean,fe385110-ae15-4739-bacb-fad6267a9304,String,true,Boolean
acs:fe385110-ae15-4739-bacb-fad6267a9304_0000001c-4478-82cb-ea6c-c93a0d00c4d5,,2024-06-21T03:37:59.1301726Z,true,Boolean,fe385110-ae15-4739-bacb-fad6267a9304,String,true,Boolean
acs:fe385110-ae15-4739-bacb-fad6267a9304_0000001c-4478-835c-8b63-c93a0d00b799,,2024-06-21T03:37:27.728004Z,true,Boolean,fe385110-ae15-4739-bacb-fad6267a9304,String,true,Boolean
acs:fe385110-ae15-4739-bacb-fad6267a9304_0000001c-4478-83e3-ea6c-c93a0d00c4d6,,2024-06-21T03:34:03.4269114Z,true,Boolean,fe385110-ae15-4739-bacb-fad6267a9304,String,true,Boolean
acs:fe385110-ae15-4739-bacb-fad6267a9304_0000001c-4478-8468-8b63-c93a0d00b79a,,2024-06-21T03:35:22.6679832Z,true,Boolean,fe385110-ae15-4739-bacb-fad6267a9304,String,true,Boolean
acs:fe385110-ae15-4739-bacb-fad6267a9304_0000001c-4478-84f8-ea6c-c93a0d00c4d7,,2024-06-21T03:26:41.3742779Z,false,Boolean,fe385110-ae15-4739-bacb-fad6267a9304,String,true,Boolean
acs:fe385110-ae15-4739-bacb-fad6267a9304_0000001c-4478-8589-8b63-c93a0d00b79b,,2024-06-21T03:36:28.2517707Z,true,Boolean,fe385110-ae15-4739-bacb-fad6267a9304,String,true,Boolean
acs:fe385110-ae15-4739-bacb-fad6267a9304_0000001c-4478-8628-ea6c-c93a0d00c4d8,,2024-06-21T03:37:36.6269523Z,true,Boolean,fe385110-ae15-4739-bacb-fad6267a9304,String,true,Boolean
acs:fe385110-ae15-4739-bacb-fad6267a9304_0000001c-4478-86b7-8b63-c93a0d00b79c,,2024-06-21T03:33:39.5904171Z,true,Boolean,fe385110-ae15-4739-bacb-fad6267a9304,String,true,Boolean
acs:fe385110-ae15-4739-bacb-fad6267a9304_0000001c-4478-874e-ea6c-c93a0d00c4d9,,2024-06-21T03:34:40.7167736Z,true,Boolean,fe385110-ae15-4739-bacb-fad6267a9304,String,true,Boolean
acs:fe385110-ae15-4739-bacb-fad6267a9304_0000001c-4478-87db-8b63-c93a0d00b79d,,2024-06-21T03:38:18.8469734Z,true,Boolean,fe385110-ae15-4739-bacb-fad6267a9304,String,true,Boolean
acs:fe385110-ae15-4739-bacb-fad6267a9304_0000001c-4478-885f-ea6c-c93a0d00c4da,,2024-06-21T03:33:53.101762Z,true,Boolean,fe385110-ae15-4739-bacb-fad6267a9304,String,true,Boolean
acs:fe385110-ae15-4739-bacb-fad6267a9304_0000001c-4478-88e8-ea6c-c93a0d00c4db,,2024-06-21T03:38:13.01029Z,true,Boolean,fe385110-ae15-4739-bacb-fad6267a9304,String,true,Boolean
acs:fe385110-ae15-4739-bacb-fad6267a9304_0000001c-4478-895f-ea6c-c93a0d00c4dc,,2024-06-21T03:38:33.2717794Z,true,Boolean,fe385110-ae15-4739-bacb-fad6267a9304,String,true,Boolean
acs:fe385110-ae15-4739-bacb-fad6267a9304_0000001c-4478-89e2-ea6c-c93a0d00c4dd,,2024-06-21T03:37:59.0841979Z,true,Boolean,fe385110-ae15-4739-bacb-fad6267a9304,String,true,Boolean
acs:fe385110-ae15-4739-bacb-fad6267a9304_0000001c-4478-8a5f-ea6c-c93a0d00c4de,,2024-06-21T03:37:26.8974765Z,true,Boolean,fe385110-ae15-4739-bacb-fad6267a9304,String,true,Boolean
